CustomerID,Recency,Frequency,Monetary,R_Score,F_Score,M_Score,RFM_Combined_Score,RFM_Score_Label,Customer_Segment,Cluster,churn_prediction,churn_probability
12346,165,10,327.86,2,5,3,10,2-5-3,Occasional Browsers,0,0,0.3034
12347,3,2,1058.57,5,2,4,11,5-2-4,Promising Newcomers,0,0,0.0059
12348,74,1,222.16,2,1,2,5,2-1-2,Disengaged Low-Value,1,1,0.9605
12349,43,2,1330.29,3,2,5,10,3-2-5,Fading Customers,0,0,0.3056
12351,11,1,288.18,5,1,2,8,5-1-2,Promising Newcomers,1,0,0.011
12352,11,2,331.05,5,2,3,10,5-2-3,Promising Newcomers,1,0,0.0209
12353,44,1,278.16,3,1,2,6,3-1-2,Occasional Browsers,1,0,0.0459
12355,203,1,318.31,1,1,3,5,1-1-3,Occasional Browsers,1,1,0.8387
12356,16,3,622.17,4,3,4,11,4-3-4,Loyal Mid-Tier,0,0,0.0053
12357,24,1,1576.28,4,1,5,10,4-1-5,Promising Newcomers,1,0,0.013
12358,11,3,465.76,5,3,3,11,5-3-3,Loyal Mid-Tier,0,0,0.0022
12359,61,6,1661.06,3,5,5,13,3-5-5,Loyal Mid-Tier,0,0,0.0021
12360,28,3,1179.19,4,3,4,11,4-3-4,Loyal Mid-Tier,0,0,0.004
12361,98,3,276.35,2,3,2,7,2-3-2,Fading Customers,1,1,0.7689
12368,264,1,127.8,1,1,1,3,1-1-1,Disengaged Low-Value,1,1,0.9535
12369,49,3,1239.33,3,3,5,11,3-3-5,Loyal Mid-Tier,0,0,0.0062
12370,260,3,474.92,1,3,3,7,1-3-3,Occasional Browsers,1,1,0.9346
12371,45,3,1578.07,3,3,5,11,3-3-5,Loyal Mid-Tier,0,0,0.0067
12373,260,2,456.05,1,2,3,6,1-2-3,Occasional Browsers,1,1,0.9071
12374,57,2,398.7,3,2,3,8,3-2-3,Fading Customers,1,0,0.4494
12376,53,1,112.55,3,1,1,5,3-1-1,Occasional Browsers,1,0,0.0423
12377,17,2,1262.92,4,2,5,11,4-2-5,Promising Newcomers,0,0,0.0091
12378,198,1,997.37,1,1,4,6,1-1-4,Dormant Spenders,1,1,0.8982
12379,58,2,595.98,3,2,4,9,3-2-4,Fading Customers,1,1,0.6865
12380,101,4,2347.07,2,4,5,11,2-4-5,Dormant Spenders,0,1,0.7942
12385,15,1,921.7,5,1,4,10,5-1-4,Promising Newcomers,1,0,0.025
12386,2,1,144.3,5,1,1,7,5-1-1,Promising Newcomers,1,0,0.0078
12387,51,1,110.04,3,1,1,5,3-1-1,Occasional Browsers,1,0,0.0616
12388,81,2,632.7,2,2,4,8,2-2-4,Fading Customers,1,1,0.5706
12389,38,3,625.93,3,3,4,10,3-3-4,Loyal Mid-Tier,0,0,0.0056
12391,100,4,1446.28,2,4,5,11,2-4-5,Dormant Spenders,0,1,0.8107
12392,227,1,55.35,1,1,1,3,1-1-1,Disengaged Low-Value,1,1,0.9689
12393,18,2,684.2,4,2,4,10,4-2-4,Promising Newcomers,0,0,0.008
12395,7,4,1405.14,5,4,5,14,5-4-5,High-Value Regulars,0,0,0.0063
12396,310,1,883.58,1,1,4,6,1-1-4,Dormant Spenders,1,1,0.9277
12399,21,3,564.69,4,3,3,10,4-3-3,Loyal Mid-Tier,0,0,0.0039
12400,50,1,205.25,3,1,2,6,3-1-2,Occasional Browsers,1,0,0.0442
12402,28,5,928.55,4,4,4,12,4-4-4,High-Value Regulars,0,0,0.0031
12406,35,3,609.92,4,3,4,11,4-3-4,Loyal Mid-Tier,0,0,0.0021
12408,21,3,724.64,4,3,4,11,4-3-4,Loyal Mid-Tier,0,0,0.0055
12409,56,2,439.5,3,2,3,8,3-2-3,Fading Customers,1,1,0.5985
12410,138,1,183.78,2,1,2,5,2-1-2,Disengaged Low-Value,1,1,0.9458
12411,45,1,255.4,3,1,2,6,3-1-2,Occasional Browsers,1,0,0.0535
12412,38,3,624.29,3,3,4,10,3-3-4,Loyal Mid-Tier,0,0,0.0065
12413,38,1,106.95,3,1,1,5,3-1-1,Occasional Browsers,1,0,0.0753
12414,99,1,74.88,2,1,1,4,2-1-1,Disengaged Low-Value,1,1,0.9773
12415,56,3,1177.49,3,3,4,10,3-3-4,Loyal Mid-Tier,0,0,0.006
12416,292,1,202.56,1,1,2,4,1-1-2,Disengaged Low-Value,1,1,0.9459
12417,46,11,1783.54,3,5,5,13,3-5-5,Loyal Mid-Tier,0,0,0.0018
12418,49,3,749.25,3,3,4,10,3-3-4,Loyal Mid-Tier,0,0,0.0041
12419,21,2,274.31,4,2,2,8,4-2-2,Promising Newcomers,1,0,0.0157
12421,51,2,202.71,3,2,2,7,3-2-2,Fading Customers,1,1,0.6298
12422,30,9,1749.34,4,5,5,14,4-5-5,High-Value Regulars,0,0,0.002
12423,23,2,604.08,4,2,4,10,4-2-4,Promising Newcomers,1,0,0.0249
12424,58,2,946.33,3,2,4,9,3-2-4,Fading Customers,1,0,0.4578
12425,84,1,815.29,2,1,4,7,2-1-4,Dormant Spenders,1,1,0.7888
12426,298,1,658.68,1,1,4,6,1-1-4,Dormant Spenders,1,1,0.9276
12427,7,1,120.3,5,1,1,7,5-1-1,Promising Newcomers,1,0,0.0083
12429,1,5,813.13,5,4,4,13,5-4-4,High-Value Regulars,0,0,0.0043
12431,9,9,2335.81,5,5,5,15,5-5-5,High-Value Regulars,0,0,0.0018
12433,2,5,3480.13,5,4,5,14,5-4-5,High-Value Regulars,0,0,0.0092
12434,17,1,239.64,4,1,2,7,4-1-2,Promising Newcomers,1,0,0.0104
12435,32,3,322.18,4,3,3,10,4-3-3,Loyal Mid-Tier,1,0,0.0683
12437,31,19,4959.46,4,5,5,14,4-5-5,High-Value Regulars,0,0,0.0021
12439,318,2,1048.28,1,2,4,7,1-2-4,Dormant Spenders,1,1,0.9702
12440,98,2,395.35,2,2,3,7,2-2-3,Fading Customers,1,1,0.5677
12441,2,1,155.55,5,1,1,7,5-1-1,Promising Newcomers,1,0,0.01
12443,368,1,192.63,1,1,2,4,1-1-2,Disengaged Low-Value,1,1,0.9713
12445,56,1,301.58,3,1,2,6,3-1-2,Occasional Browsers,1,0,0.0575
12450,35,3,447.82,4,3,3,10,4-3-3,Loyal Mid-Tier,1,0,0.0909
12451,99,3,2169.99,2,3,5,10,2-3-5,Fading Customers,0,1,0.798
12455,81,4,1928.59,2,4,5,11,2-4-5,Dormant Spenders,0,0,0.2182
12457,71,1,257.0,3,1,2,6,3-1-2,Occasional Browsers,1,0,0.0471
12458,63,2,669.34,3,2,4,9,3-2-4,Fading Customers,1,1,0.5713
12459,241,1,343.35,1,1,3,5,1-1-3,Occasional Browsers,1,1,0.8271
12460,92,1,236.95,2,1,2,5,2-1-2,Disengaged Low-Value,1,1,0.9624
12467,59,1,132.8,3,1,1,5,3-1-1,Occasional Browsers,1,0,0.0471
12468,162,3,1348.56,2,3,5,10,2-3-5,Fading Customers,1,1,0.7964
12469,158,1,1005.4,2,1,4,7,2-1-4,Dormant Spenders,1,1,0.9433
12470,325,1,183.25,1,1,2,4,1-1-2,Disengaged Low-Value,1,1,0.9573
12471,10,42,9266.5,5,5,5,15,5-5-5,High-Value Regulars,0,0,0.0024
12472,5,13,7878.76,5,5,5,15,5-5-5,High-Value Regulars,0,0,0.0024
12474,14,11,3675.19,5,5,5,15,5-5-5,High-Value Regulars,0,0,0.0021
12475,45,1,359.36,3,1,3,7,3-1-3,Occasional Browsers,1,1,0.7104
12476,33,6,3911.39,4,5,5,14,4-5-5,High-Value Regulars,0,0,0.0069
12477,35,3,3394.24,4,3,5,12,4-3-5,Loyal Mid-Tier,0,0,0.0215
12480,35,3,1203.57,4,3,4,11,4-3-4,Loyal Mid-Tier,0,0,0.0069
12481,1,5,1982.54,5,4,5,14,5-4-5,High-Value Regulars,0,0,0.0057
12482,289,4,120.0,1,4,1,6,1-4-1,Occasional Browsers,1,1,0.781
12483,14,8,742.4,5,5,4,14,5-5-4,High-Value Regulars,0,0,0.0029
12484,119,5,1210.56,2,4,4,10,2-4-4,Dormant Spenders,0,1,0.9069
12485,165,1,483.0,2,1,3,6,2-1-3,Occasional Browsers,1,1,0.7933
12486,67,1,765.0,3,1,4,8,3-1-4,Big Spender Infrequent,1,0,0.1758
12490,14,10,3082.43,5,5,5,15,5-5-5,High-Value Regulars,0,0,0.0019
12492,39,1,316.15,3,1,3,7,3-1-3,Occasional Browsers,1,1,0.7681
12494,1,3,450.1,5,3,3,11,5-3-3,Loyal Mid-Tier,0,0,0.0046
12495,276,1,243.4,1,1,2,4,1-1-2,Disengaged Low-Value,1,1,0.9582
12496,256,2,45.34,1,2,1,4,1-2-1,Disengaged Low-Value,1,1,0.98
12499,196,1,297.16,1,1,2,4,1-1-2,Disengaged Low-Value,1,1,0.9547
12500,71,7,687.74,3,5,4,12,3-5-4,Loyal Mid-Tier,0,0,0.008
12504,53,2,129.0,3,2,1,6,3-2-1,Fading Customers,1,0,0.2357
12505,44,1,583.8,3,1,4,8,3-1-4,Big Spender Infrequent,1,0,0.1716
12507,220,1,362.25,1,1,3,5,1-1-3,Occasional Browsers,1,1,0.8193
12510,95,5,1382.8,2,4,5,11,2-4-5,Dormant Spenders,0,0,0.4339
12511,64,1,2457.11,3,1,5,9,3-1-5,Big Spender Infrequent,1,0,0.1151
12514,277,1,478.2,1,1,3,5,1-1-3,Occasional Browsers,1,1,0.6305
12516,66,2,450.9,3,2,3,8,3-2-3,Fading Customers,1,0,0.3441
12519,112,1,319.88,2,1,3,6,2-1-3,Occasional Browsers,1,1,0.8449
12523,10,12,1851.04,5,5,5,15,5-5-5,High-Value Regulars,0,0,0.0021
12524,45,3,614.05,3,3,4,10,3-3-4,Loyal Mid-Tier,1,0,0.0889
12525,134,3,798.18,2,3,4,9,2-3-4,Fading Customers,1,1,0.866
12527,165,1,164.8,2,1,2,5,2-1-2,Disengaged Low-Value,1,1,0.9541
12529,164,1,280.68,2,1,2,5,2-1-2,Disengaged Low-Value,1,1,0.9592
12530,51,5,1059.97,3,4,4,11,3-4-4,Loyal Mid-Tier,0,0,0.0066
12531,322,1,1515.53,1,1,5,7,1-1-5,Dormant Spenders,1,1,0.9275
12533,263,2,1016.74,1,2,4,7,1-2-4,Dormant Spenders,1,1,0.9665
12537,44,1,602.99,3,1,4,8,3-1-4,Big Spender Infrequent,1,0,0.086
12538,14,1,150.3,5,1,1,7,5-1-1,Promising Newcomers,1,0,0.0089
12539,86,3,3532.0,2,3,5,10,2-3-5,Fading Customers,0,0,0.2543
12540,14,14,4023.73,5,5,5,15,5-5-5,High-Value Regulars,0,0,0.0019
12542,120,2,359.61,2,2,3,7,2-2-3,Fading Customers,1,0,0.4329
12543,84,1,656.8,2,1,4,7,2-1-4,Dormant Spenders,1,1,0.7126
12547,136,1,147.78,2,1,1,4,2-1-1,Disengaged Low-Value,1,1,0.9685
12549,211,5,894.32,1,4,4,9,1-4-4,Dormant Spenders,1,1,0.9685
12553,21,2,585.37,4,2,4,10,4-2-4,Promising Newcomers,1,0,0.0313
12554,84,1,347.6,2,1,3,6,2-1-3,Occasional Browsers,1,1,0.7269
12562,21,2,600.9,4,2,4,10,4-2-4,Promising Newcomers,1,0,0.0332
12563,44,1,131.24,3,1,1,5,3-1-1,Occasional Browsers,1,0,0.0413
12567,3,7,2706.69,5,5,5,15,5-5-5,High-Value Regulars,0,0,0.0019
12568,280,1,30.7,1,1,1,3,1-1-1,Disengaged Low-Value,1,1,0.9705
12573,17,4,472.96,4,4,3,11,4-4-3,Loyal Mid-Tier,0,0,0.0069
12575,93,2,508.47,2,2,3,7,2-2-3,Fading Customers,1,1,0.7847
12576,28,3,721.82,4,3,4,11,4-3-4,Loyal Mid-Tier,0,0,0.006
12577,17,5,884.76,4,4,4,12,4-4-4,High-Value Regulars,0,0,0.0018
12578,21,2,861.34,4,2,4,10,4-2-4,Promising Newcomers,0,0,0.0054
12580,212,1,576.9,1,1,3,5,1-1-3,Occasional Browsers,1,1,0.8135
12582,58,2,994.37,3,2,4,9,3-2-4,Fading Customers,1,0,0.4358
12583,9,12,2298.84,5,5,5,15,5-5-5,High-Value Regulars,0,0,0.0022
12586,10,3,1161.88,5,3,4,12,5-3-4,Loyal Mid-Tier,0,0,0.0019
12588,35,2,400.08,4,2,3,9,4-2-3,Promising Newcomers,1,0,0.013
12589,57,4,1969.33,3,4,5,12,3-4-5,Loyal Mid-Tier,0,0,0.0046
12591,26,2,503.6,4,2,3,9,4-2-3,Promising Newcomers,1,0,0.0276
12592,155,2,510.84,2,2,3,7,2-2-3,Fading Customers,1,1,0.5339
12594,14,5,1299.09,5,4,5,14,5-4-5,High-Value Regulars,0,0,0.0043
12595,140,1,197.4,2,1,2,5,2-1-2,Disengaged Low-Value,1,1,0.9594
12598,99,3,1024.26,2,3,4,9,2-3-4,Fading Customers,1,1,0.772
12599,17,6,819.18,4,5,4,13,4-5-4,High-Value Regulars,0,0,0.0065
12600,28,10,478.58,4,5,3,12,4-5-3,Loyal Mid-Tier,0,0,0.0036
12601,40,1,60.3,3,1,1,5,3-1-1,Occasional Browsers,1,0,0.0579
12605,12,3,1077.4,5,3,4,12,5-3-4,Loyal Mid-Tier,0,0,0.007
12608,40,1,95.05,3,1,1,5,3-1-1,Occasional Browsers,1,0,0.0413
12609,10,6,1610.76,5,5,5,15,5-5-5,High-Value Regulars,0,0,0.0018
12613,24,5,2374.14,4,4,5,13,4-4-5,High-Value Regulars,0,0,0.0021
12615,49,4,2458.02,3,4,5,12,3-4-5,Loyal Mid-Tier,0,0,0.0061
12616,24,1,326.1,4,1,3,8,4-1-3,Promising Newcomers,1,0,0.0161
12619,196,1,127.39,1,1,1,3,1-1-1,Disengaged Low-Value,1,1,0.9665
12621,1,16,3619.88,5,5,5,15,5-5-5,High-Value Regulars,0,0,0.0021
12623,52,6,2247.72,3,5,5,13,3-5-5,Loyal Mid-Tier,0,0,0.0019
12625,145,2,1577.77,2,2,5,9,2-2-5,Fading Customers,1,1,0.8413
12629,21,2,492.92,4,2,3,9,4-2-3,Promising Newcomers,1,0,0.0236
12631,92,5,2337.07,2,4,5,11,2-4-5,Dormant Spenders,0,1,0.7369
12632,156,2,321.76,2,2,3,7,2-2-3,Fading Customers,1,1,0.6912
12633,18,3,2779.93,4,3,5,12,4-3-5,Loyal Mid-Tier,0,0,0.0193
12634,184,1,360.0,1,1,3,5,1-1-3,Occasional Browsers,1,1,0.6973
12635,28,2,1003.23,4,2,4,10,4-2-4,Promising Newcomers,0,0,0.0056
12637,14,4,1938.45,5,4,5,14,5-4-5,High-Value Regulars,0,0,0.0073
12638,275,1,93.3,1,1,1,3,1-1-1,Disengaged Low-Value,1,1,0.9498
12639,70,2,599.17,3,2,4,9,3-2-4,Fading Customers,1,0,0.4321
12644,66,3,1064.03,3,3,4,10,3-3-4,Loyal Mid-Tier,0,0,0.004
12645,45,4,1207.77,3,4,4,11,3-4-4,Loyal Mid-Tier,0,0,0.0044
12647,3,21,5239.9,5,5,5,15,5-5-5,High-Value Regulars,0,0,0.002
12648,73,3,579.85,2,3,3,8,2-3-3,Fading Customers,1,0,0.3603
12649,18,4,965.54,4,4,4,12,4-4-4,High-Value Regulars,0,0,0.0018
12651,14,3,263.75,5,3,2,10,5-3-2,Occasional Browsers,0,0,0.1425
12652,70,1,14.85,3,1,1,5,3-1-1,Occasional Browsers,1,0,0.0782
12653,162,1,490.32,2,1,3,6,2-1-3,Occasional Browsers,1,1,0.7501
12655,59,1,181.7,3,1,2,6,3-1-2,Occasional Browsers,1,0,0.0407
12656,61,3,1662.31,3,3,5,11,3-3-5,Loyal Mid-Tier,0,0,0.0083
12661,72,1,162.0,2,1,2,5,2-1-2,Disengaged Low-Value,1,1,0.9341
12662,9,10,2458.49,5,5,5,15,5-5-5,High-Value Regulars,0,0,0.0062
12663,260,2,106.2,1,2,1,4,1-2-1,Disengaged Low-Value,1,1,0.9759
12665,53,2,214.6,3,2,2,7,3-2-2,Fading Customers,1,0,0.3579
12666,30,1,441.68,4,1,3,8,4-1-3,Promising Newcomers,1,0,0.0167
12668,14,5,5408.12,5,4,5,14,5-4-5,High-Value Regulars,0,0,0.0048
12670,21,2,347.04,4,2,3,9,4-2-3,Promising Newcomers,1,0,0.0057
12671,242,1,243.0,1,1,2,4,1-1-2,Disengaged Low-Value,1,1,0.9579
12672,231,1,171.2,1,1,2,4,1-1-2,Disengaged Low-Value,1,1,0.915
12673,37,1,466.3,3,1,3,7,3-1-3,Occasional Browsers,1,1,0.6588
12675,214,1,613.95,1,1,4,6,1-1-4,Dormant Spenders,1,1,0.9483
12676,44,4,937.83,3,4,4,11,3-4-4,Loyal Mid-Tier,0,0,0.0059
12677,191,2,279.6,1,2,2,5,1-2-2,Disengaged Low-Value,1,1,0.9586
12678,11,6,527.32,5,5,3,13,5-5-3,Loyal Mid-Tier,0,0,0.0023
12681,3,23,10361.67,5,5,5,15,5-5-5,High-Value Regulars,0,0,0.0025
12682,1,22,7280.16,5,5,5,15,5-5-5,High-Value Regulars,0,0,0.0021
12683,1,8,2745.81,5,5,5,15,5-5-5,High-Value Regulars,0,0,0.0021
12686,7,1,71.14,5,1,1,7,5-1-1,Promising Newcomers,1,0,0.0138
12687,116,1,1681.97,2,1,5,8,2-1-5,Dormant Spenders,1,1,0.8516
12691,56,1,99.6,3,1,1,5,3-1-1,Occasional Browsers,1,0,0.0535
12692,273,1,103.0,1,1,1,3,1-1-1,Disengaged Low-Value,1,1,0.9617
12693,88,2,447.91,2,2,3,7,2-2-3,Fading Customers,1,1,0.7034
12694,57,1,506.43,3,1,3,7,3-1-3,Occasional Browsers,1,1,0.5564
12695,164,3,551.93,2,3,3,8,2-3-3,Fading Customers,1,1,0.8904
12696,70,2,716.01,3,2,4,9,3-2-4,Fading Customers,1,0,0.428
12698,226,1,173.45,1,1,2,4,1-1-2,Disengaged Low-Value,1,1,0.9387
12699,53,1,517.26,3,1,3,7,3-1-3,Occasional Browsers,1,1,0.7316
12701,165,4,1385.48,2,4,5,11,2-4-5,Dormant Spenders,0,1,0.9311
12703,269,3,605.78,1,3,4,8,1-3-4,Dormant Spenders,1,1,0.9766
12705,19,5,3843.06,4,4,5,13,4-4-5,High-Value Regulars,0,0,0.0154
12708,4,9,2035.32,5,5,5,15,5-5-5,High-Value Regulars,0,0,0.0018
12709,2,12,1064.71,5,5,4,14,5-5-4,High-Value Regulars,0,0,0.0021
12711,247,2,949.05,1,2,4,7,1-2-4,Dormant Spenders,1,1,0.9645
12712,1,10,1842.2,5,5,5,15,5-5-5,High-Value Regulars,0,0,0.0021
12714,24,7,6073.34,4,5,5,14,4-5-5,High-Value Regulars,0,0,0.0033
12717,226,1,227.93,1,1,2,4,1-1-2,Disengaged Low-Value,1,1,0.9677
12720,5,5,1899.3,5,4,5,14,5-4-5,High-Value Regulars,0,0,0.0124
12721,21,2,1025.65,4,2,4,10,4-2-4,Promising Newcomers,0,0,0.0066
12724,19,3,946.8,4,3,4,11,4-3-4,Loyal Mid-Tier,0,0,0.0055
12725,7,3,1349.62,5,3,5,13,5-3-5,Loyal Mid-Tier,0,0,0.0057
12726,23,4,660.36,4,4,4,12,4-4-4,High-Value Regulars,0,0,0.0052
12727,78,3,1031.43,2,3,4,9,2-3-4,Fading Customers,0,0,0.1663
12728,19,1,171.59,4,1,2,7,4-1-2,Promising Newcomers,1,0,0.0102
12730,157,1,583.4,2,1,4,7,2-1-4,Dormant Spenders,1,1,0.9307
12731,78,4,791.1,2,4,4,10,2-4-4,Dormant Spenders,0,0,0.4346
12733,25,3,1223.97,4,3,4,11,4-3-4,Loyal Mid-Tier,0,0,0.0025
12734,10,2,191.55,5,2,2,9,5-2-2,Promising Newcomers,1,0,0.0173
12738,8,1,110.4,5,1,1,7,5-1-1,Promising Newcomers,1,0,0.0113
12739,30,1,593.79,4,1,4,9,4-1-4,Promising Newcomers,1,0,0.0249
12741,169,1,236.07,2,1,2,5,2-1-2,Disengaged Low-Value,1,1,0.9664
12742,261,1,995.0,1,1,4,6,1-1-4,Dormant Spenders,1,1,0.9115
12744,95,4,1573.83,2,4,5,11,2-4-5,Dormant Spenders,0,1,0.9294
12745,122,2,256.53,2,2,2,6,2-2-2,Fading Customers,1,1,0.7303
12746,176,1,238.65,2,1,2,5,2-1-2,Disengaged Low-Value,1,1,0.9668
12747,5,16,1983.42,5,5,5,15,5-5-5,High-Value Regulars,0,0,0.0031
12748,1,121,11721.8,5,5,5,15,5-5-5,High-Value Regulars,0,0,0.0023
12749,35,4,1404.52,4,4,5,13,4-4-5,High-Value Regulars,0,0,0.0093
12751,80,1,268.27,2,1,2,5,2-1-2,Disengaged Low-Value,1,1,0.9427
12755,21,9,287.31,4,5,2,11,4-5-2,Occasional Browsers,0,0,0.0247
12758,95,5,2465.27,2,4,5,11,2-4-5,Dormant Spenders,0,1,0.6097
12759,22,5,2878.34,4,4,5,13,4-4-5,High-Value Regulars,0,0,0.0022
12760,91,1,317.8,2,1,3,6,2-1-3,Occasional Browsers,1,1,0.835
12761,100,1,475.8,2,1,3,6,2-1-3,Occasional Browsers,1,1,0.7485
12763,5,1,260.08,5,1,2,8,5-1-2,Promising Newcomers,1,0,0.0072
12765,108,5,865.98,2,4,4,10,2-4-4,Dormant Spenders,0,1,0.9244
12766,2,3,1857.25,5,3,5,13,5-3-5,Loyal Mid-Tier,0,0,0.0095
12767,11,1,657.86,5,1,4,10,5-1-4,Promising Newcomers,1,0,0.0157
12768,86,1,150.45,2,1,1,4,2-1-1,Disengaged Low-Value,1,1,0.9037
12771,121,1,169.5,2,1,2,5,2-1-2,Disengaged Low-Value,1,1,0.9417
12773,200,1,29.3,1,1,1,3,1-1-1,Disengaged Low-Value,1,1,0.954
12774,171,1,83.7,2,1,1,4,2-1-1,Disengaged Low-Value,1,1,0.9521
12775,24,2,184.72,4,2,2,8,4-2-2,Promising Newcomers,1,0,0.0225
12776,303,1,27.5,1,1,1,3,1-1-1,Disengaged Low-Value,1,1,0.9771
12777,93,1,370.2,2,1,3,6,2-1-3,Occasional Browsers,1,1,0.8283
12778,32,3,716.92,4,3,4,11,4-3-4,Loyal Mid-Tier,0,0,0.0037
12779,7,7,1871.71,5,5,5,15,5-5-5,High-Value Regulars,0,0,0.0022
12780,234,1,202.68,1,1,2,4,1-1-2,Disengaged Low-Value,1,1,0.9636
12782,10,6,1691.82,5,5,5,15,5-5-5,High-Value Regulars,0,0,0.0079
12784,165,1,845.58,2,1,4,7,2-1-4,Dormant Spenders,1,1,0.9068
12785,171,2,461.65,2,2,3,7,2-2-3,Fading Customers,1,1,0.5916
12786,245,1,132.7,1,1,1,3,1-1-1,Disengaged Low-Value,1,1,0.957
12787,49,1,380.52,3,1,3,7,3-1-3,Occasional Browsers,1,1,0.7161
12788,99,4,384.9,2,4,3,9,2-4-3,Occasional Browsers,1,1,0.9263
12790,46,1,158.33,3,1,1,5,3-1-1,Occasional Browsers,1,0,0.0413
12791,236,3,302.23,1,3,2,6,1-3-2,Occasional Browsers,1,1,0.6445
12792,170,1,321.92,2,1,3,6,2-1-3,Occasional Browsers,1,1,0.8331
12793,7,2,356.05,5,2,3,10,5-2-3,Promising Newcomers,0,0,0.0071
12797,1,2,435.43,5,2,3,10,5-2-3,Promising Newcomers,0,0,0.0086
12798,57,1,43.49,3,1,1,5,3-1-1,Occasional Browsers,1,0,0.077
12799,165,1,202.4,2,1,2,5,2-1-2,Disengaged Low-Value,1,1,0.9621
12800,106,2,500.25,2,2,3,7,2-2-3,Fading Customers,1,1,0.6019
12801,136,1,699.35,2,1,4,7,2-1-4,Dormant Spenders,1,1,0.8618
12802,80,4,1549.62,2,4,5,11,2-4-5,Dormant Spenders,0,1,0.7466
12803,29,1,874.41,4,1,4,9,4-1-4,Promising Newcomers,1,0,0.0157
12804,101,2,287.57,2,2,2,6,2-2-2,Fading Customers,1,1,0.5046
12805,17,4,752.35,4,4,4,12,4-4-4,High-Value Regulars,0,0,0.0017
12806,208,2,636.96,1,2,4,7,1-2-4,Dormant Spenders,1,1,0.9486
12807,19,1,176.6,4,1,2,7,4-1-2,Promising Newcomers,1,0,0.0101
12808,4,3,377.45,5,3,3,11,5-3-3,Loyal Mid-Tier,0,0,0.0083
12809,201,2,688.43,1,2,4,7,1-2-4,Dormant Spenders,1,1,0.9786
12810,170,2,474.99,2,2,3,7,2-2-3,Fading Customers,1,1,0.646
12811,14,2,435.05,5,2,3,10,5-2-3,Promising Newcomers,1,0,0.0325
12813,137,3,547.8,2,3,3,8,2-3-3,Fading Customers,1,1,0.6979
12817,35,2,373.54,4,2,3,9,4-2-3,Promising Newcomers,1,0,0.0322
12819,94,1,275.88,2,1,2,5,2-1-2,Disengaged Low-Value,1,1,0.9539
12820,33,7,1284.19,4,5,5,14,4-5-5,High-Value Regulars,0,0,0.0019
12821,247,1,128.08,1,1,1,3,1-1-1,Disengaged Low-Value,1,1,0.9627
12825,157,2,260.28,2,2,2,6,2-2-2,Fading Customers,1,1,0.7332
12826,1,5,996.98,5,4,4,13,5-4-4,High-Value Regulars,0,0,0.0064
12829,186,1,19.02,1,1,1,3,1-1-1,Disengaged Low-Value,1,1,0.9698
12831,99,2,190.4,2,2,2,6,2-2-2,Fading Customers,1,1,0.7866
12835,63,39,4265.83,3,5,5,13,3-5-5,Loyal Mid-Tier,0,0,0.0026
12836,25,11,1932.67,4,5,5,14,4-5-5,High-Value Regulars,0,0,0.0023
12837,205,1,362.66,1,1,3,5,1-1-3,Occasional Browsers,1,1,0.8566
12838,9,9,1902.91,5,5,5,15,5-5-5,High-Value Regulars,0,0,0.0087
12839,3,12,3510.7,5,5,5,15,5-5-5,High-Value Regulars,0,0,0.0018
12840,73,3,957.14,2,3,4,9,2-3-4,Fading Customers,0,0,0.2744
12841,5,17,2430.2,5,5,5,15,5-5-5,High-Value Regulars,0,0,0.0098
12842,40,2,172.6,3,2,2,7,3-2-2,Fading Customers,1,0,0.0269
12843,18,14,788.76,4,5,4,13,4-5-4,High-Value Regulars,0,0,0.0035
12844,78,2,232.06,2,2,2,6,2-2-2,Fading Customers,1,1,0.6352
12847,23,1,331.34,4,1,3,8,4-1-3,Promising Newcomers,1,0,0.0187
12848,311,1,154.3,1,1,1,3,1-1-1,Disengaged Low-Value,1,1,0.942
12849,17,4,859.84,4,4,4,12,4-4-4,High-Value Regulars,0,0,0.0045
12851,113,1,110.7,2,1,1,4,2-1-1,Disengaged Low-Value,1,1,0.9792
12853,63,5,1217.8,3,4,4,11,3-4-4,Loyal Mid-Tier,0,0,0.0046
12854,197,4,1392.52,1,4,5,10,1-4-5,Dormant Spenders,0,1,0.928
12855,8,3,369.59,5,3,3,11,5-3-3,Loyal Mid-Tier,0,0,0.008
12857,72,4,1172.9,2,4,4,10,2-4-4,Dormant Spenders,0,0,0.1439
12858,19,1,87.57,4,1,1,6,4-1-1,Promising Newcomers,1,0,0.0102
12859,94,1,221.7,2,1,2,5,2-1-2,Disengaged Low-Value,1,1,0.95
12860,329,1,32.97,1,1,1,3,1-1-1,Disengaged Low-Value,1,1,0.9549
12861,255,1,39.6,1,1,1,3,1-1-1,Disengaged Low-Value,1,1,0.9555
12862,61,2,759.92,3,2,4,9,3-2-4,Fading Customers,1,1,0.5103
12863,15,5,477.05,5,4,3,12,5-4-3,Loyal Mid-Tier,0,0,0.0058
12864,144,1,0.95,2,1,1,4,2-1-1,Disengaged Low-Value,1,1,0.9635
12865,14,2,1430.48,5,2,5,12,5-2-5,Promising Newcomers,0,0,0.018
12866,110,2,496.33,2,2,3,7,2-2-3,Fading Customers,1,1,0.6266
12867,33,6,3596.06,4,5,5,14,4-5-5,High-Value Regulars,0,0,0.0028
12868,9,3,624.1,5,3,4,12,5-3-4,Loyal Mid-Tier,0,0,0.0069
12869,317,1,230.57,1,1,2,4,1-1-2,Disengaged Low-Value,1,1,0.9667
12870,11,3,1210.14,5,3,4,12,5-3-4,Loyal Mid-Tier,0,0,0.0048
12872,1,11,2392.47,5,5,5,15,5-5-5,High-Value Regulars,0,0,0.002
12873,33,2,373.9,4,2,3,9,4-2-3,Promising Newcomers,1,0,0.0065
12874,21,2,573.5,4,2,3,9,4-2-3,Promising Newcomers,1,0,0.0216
12876,30,2,1039.46,4,2,4,10,4-2-4,Promising Newcomers,0,0,0.0045
12877,37,8,1223.19,3,5,4,12,3-5-4,Loyal Mid-Tier,0,0,0.0023
12880,17,2,502.43,4,2,3,9,4-2-3,Promising Newcomers,1,0,0.0163
12887,19,1,194.7,4,1,2,7,4-1-2,Promising Newcomers,1,0,0.0087
12889,17,4,276.06,4,4,2,10,4-4-2,Occasional Browsers,0,0,0.1429
12890,23,1,281.75,4,1,2,7,4-1-2,Promising Newcomers,1,0,0.009
12892,32,1,237.53,4,1,2,7,4-1-2,Promising Newcomers,1,0,0.0104
12894,211,1,103.95,1,1,1,3,1-1-1,Disengaged Low-Value,1,1,0.9713
12897,17,2,90.15,4,2,1,7,4-2-1,Promising Newcomers,1,0,0.0155
12898,295,1,109.57,1,1,1,3,1-1-1,Disengaged Low-Value,1,1,0.9686
12899,49,1,209.85,3,1,2,6,3-1-2,Occasional Browsers,1,0,0.0483
12900,58,1,208.68,3,1,2,6,3-1-2,Occasional Browsers,1,0,0.0423
12903,64,1,739.05,3,1,4,8,3-1-4,Big Spender Infrequent,1,0,0.166
12905,212,2,738.14,1,2,4,7,1-2-4,Dormant Spenders,1,1,0.9673
12907,31,2,337.71,4,2,3,9,4-2-3,Promising Newcomers,1,0,0.0309
12909,60,3,783.26,3,3,4,10,3-3-4,Loyal Mid-Tier,1,0,0.0346
12910,15,5,337.6,5,4,3,12,5-4-3,Loyal Mid-Tier,0,0,0.0056
12911,187,1,1131.69,1,1,4,6,1-1-4,Dormant Spenders,1,1,0.9289
12913,4,6,424.44,5,5,3,13,5-5-3,Loyal Mid-Tier,0,0,0.0021
12914,36,1,81.06,4,1,1,6,4-1-1,Promising Newcomers,1,0,0.015
12915,8,3,536.65,5,3,3,11,5-3-3,Loyal Mid-Tier,0,0,0.0046
12916,78,3,763.55,2,3,4,9,2-3-4,Fading Customers,1,1,0.5486
12917,36,4,405.6,4,4,3,11,4-4-3,Loyal Mid-Tier,0,0,0.0023
12920,207,2,258.66,1,2,2,5,1-2-2,Disengaged Low-Value,1,1,0.9652
12921,2,38,11415.75,5,5,5,15,5-5-5,High-Value Regulars,0,0,0.0021
12923,26,2,181.05,4,2,2,8,4-2-2,Promising Newcomers,1,0,0.0143
12924,29,8,427.02,4,5,3,12,4-5-3,Loyal Mid-Tier,0,0,0.0026
12925,228,1,25.2,1,1,1,3,1-1-1,Disengaged Low-Value,1,1,0.9415
12926,47,4,1439.72,3,4,5,12,3-4-5,Loyal Mid-Tier,0,0,0.0029
12927,30,1,180.36,4,1,2,7,4-1-2,Promising Newcomers,1,0,0.0102
12928,14,7,1465.61,5,5,5,15,5-5-5,High-Value Regulars,0,0,0.0082
12931,185,2,42.68,1,2,1,4,1-2-1,Disengaged Low-Value,1,1,0.9623
12932,175,8,1192.78,2,5,4,11,2-5-4,Dormant Spenders,0,1,0.949
12933,16,5,818.4,4,4,4,12,4-4-4,High-Value Regulars,0,0,0.0017
12935,11,8,1760.71,5,5,5,15,5-5-5,High-Value Regulars,0,0,0.0049
12937,99,5,1087.02,2,4,4,10,2-4-4,Dormant Spenders,0,1,0.6307
12941,360,1,257.97,1,1,2,4,1-1-2,Disengaged Low-Value,1,1,0.9344
12942,1,1,174.85,5,1,2,8,5-1-2,Promising Newcomers,1,0,0.0095
12943,194,2,224.5,1,2,2,5,1-2-2,Disengaged Low-Value,1,1,0.9796
12945,292,1,420.16,1,1,3,5,1-1-3,Occasional Browsers,1,1,0.8299
12946,72,1,293.8,2,1,2,5,2-1-2,Disengaged Low-Value,1,1,0.9245
12947,9,1,264.24,5,1,2,8,5-1-2,Promising Newcomers,1,0,0.0096
12948,366,2,117.0,1,2,1,4,1-2-1,Disengaged Low-Value,1,1,0.9713
12949,18,14,7748.65,4,5,5,14,4-5-5,High-Value Regulars,0,0,0.0021
12951,22,9,1987.95,4,5,5,14,4-5-5,High-Value Regulars,0,0,0.0018
12953,158,1,383.76,2,1,3,6,2-1-3,Occasional Browsers,1,1,0.8227
12954,274,1,136.95,1,1,1,3,1-1-1,Disengaged Low-Value,1,1,0.9484
12956,320,3,399.9,1,3,3,7,1-3-3,Occasional Browsers,1,1,0.918
12957,177,5,3754.55,2,4,5,11,2-4-5,Dormant Spenders,0,1,0.9148
12958,36,2,299.24,4,2,2,8,4-2-2,Promising Newcomers,1,0,0.0175
12959,120,1,63.6,2,1,1,4,2-1-1,Disengaged Low-Value,1,1,0.9618
12960,49,4,1000.27,3,4,4,11,3-4-4,Loyal Mid-Tier,0,0,0.0042
12961,15,1,198.07,5,1,2,8,5-1-2,Promising Newcomers,1,0,0.0094
12963,1,5,1499.47,5,4,5,14,5-4-5,High-Value Regulars,0,0,0.0103
12964,73,1,92.49,2,1,1,4,2-1-1,Disengaged Low-Value,1,1,0.9349
12967,7,2,649.02,5,2,4,11,5-2-4,Promising Newcomers,0,0,0.0073
12969,238,1,46.2,1,1,1,3,1-1-1,Disengaged Low-Value,1,1,0.9718
12970,16,6,826.73,4,5,4,13,4-5-4,High-Value Regulars,0,0,0.002
12971,2,27,1562.61,5,5,5,15,5-5-5,High-Value Regulars,0,0,0.0028
12972,49,4,761.82,3,4,4,11,3-4-4,Loyal Mid-Tier,0,0,0.0044
12973,49,1,70.05,3,1,1,5,3-1-1,Occasional Browsers,1,0,0.0634
12974,201,1,238.65,1,1,2,4,1-1-2,Disengaged Low-Value,1,1,0.969
12975,72,6,1496.07,2,5,5,12,2-5-5,Dormant Spenders,0,0,0.0716
12976,14,7,1796.54,5,5,5,15,5-5-5,High-Value Regulars,0,0,0.0021
12977,137,2,192.54,2,2,2,6,2-2-2,Fading Customers,1,1,0.7407
12978,21,5,1813.22,4,4,5,13,4-4-5,High-Value Regulars,0,0,0.0017
12979,365,1,320.91,1,1,3,5,1-1-3,Occasional Browsers,1,1,0.8656
12982,30,6,1919.49,4,5,5,14,4-5-5,High-Value Regulars,0,0,0.0051
12983,234,1,314.88,1,1,3,5,1-1-3,Occasional Browsers,1,1,0.7828
12986,64,9,1399.17,3,5,5,13,3-5-5,Loyal Mid-Tier,0,0,0.007
12987,56,3,530.46,3,3,3,9,3-3-3,Loyal Mid-Tier,1,0,0.0262
12989,246,1,30.0,1,1,1,3,1-1-1,Disengaged Low-Value,1,1,0.9609
12990,86,3,97.5,2,3,1,6,2-3-1,Fading Customers,1,0,0.2718
12991,25,1,133.96,4,1,1,6,4-1-1,Promising Newcomers,1,0,0.0105
12992,361,1,93.35,1,1,1,3,1-1-1,Disengaged Low-Value,1,1,0.9737
12993,81,4,768.75,2,4,4,10,2-4-4,Dormant Spenders,0,0,0.1891
12996,11,1,198.15,5,1,2,8,5-1-2,Promising Newcomers,1,0,0.0102
12997,30,4,780.88,4,4,4,12,4-4-4,High-Value Regulars,0,0,0.0043
12998,128,3,667.52,2,3,4,9,2-3-4,Fading Customers,1,1,0.795
13000,361,1,465.8,1,1,3,5,1-1-3,Occasional Browsers,1,1,0.8503
13001,40,20,8798.33,3,5,5,13,3-5-5,Loyal Mid-Tier,0,0,0.0021
13002,52,2,276.18,3,2,2,7,3-2-2,Fading Customers,1,0,0.4506
13004,22,18,5291.54,4,5,5,14,4-5-5,High-Value Regulars,0,0,0.0021
13005,67,2,322.03,3,2,3,8,3-2-3,Fading Customers,1,0,0.3116
13007,215,1,116.1,1,1,1,3,1-1-1,Disengaged Low-Value,1,1,0.938
13008,33,2,331.66,4,2,3,9,4-2-3,Promising Newcomers,1,0,0.0054
13010,10,2,96.06,5,2,1,8,5-2-1,Promising Newcomers,1,0,0.0071
13011,8,1,50.55,5,1,1,7,5-1-1,Promising Newcomers,1,0,0.0282
13012,65,3,961.88,3,3,4,10,3-3-4,Loyal Mid-Tier,0,0,0.006
13013,7,16,5087.48,5,5,5,15,5-5-5,High-Value Regulars,0,0,0.0018
13014,68,1,1591.04,3,1,5,9,3-1-5,Big Spender Infrequent,1,0,0.1457
13015,74,6,2104.07,2,5,5,12,2-5-5,Dormant Spenders,0,1,0.7201
13018,49,7,1892.06,3,5,5,13,3-5-5,Loyal Mid-Tier,0,0,0.0059
13019,15,6,1090.45,5,5,4,14,5-5-4,High-Value Regulars,0,0,0.0023
13020,198,2,584.96,1,2,4,7,1-2-4,Dormant Spenders,1,1,0.9741
13021,10,8,1735.64,5,5,5,15,5-5-5,High-Value Regulars,0,0,0.0022
13022,65,1,50.3,3,1,1,5,3-1-1,Occasional Browsers,1,0,0.068
13023,164,1,352.81,2,1,3,6,2-1-3,Occasional Browsers,1,1,0.7614
13024,106,2,451.02,2,2,3,7,2-2-3,Fading Customers,1,1,0.8107
13025,367,1,203.15,1,1,2,4,1-1-2,Disengaged Low-Value,1,1,0.9414
13026,227,3,533.44,1,3,3,7,1-3-3,Occasional Browsers,1,1,0.8802
13029,10,2,81.0,5,2,1,8,5-2-1,Promising Newcomers,1,0,0.0313
13030,4,1,295.11,5,1,2,8,5-1-2,Promising Newcomers,1,0,0.0087
13031,43,5,2811.76,3,4,5,12,3-4-5,Loyal Mid-Tier,0,0,0.0093
13032,28,7,1121.27,4,5,4,13,4-5-4,High-Value Regulars,0,0,0.0088
13033,65,1,30.0,3,1,1,5,3-1-1,Occasional Browsers,1,0,0.093
13034,5,2,247.01,5,2,2,9,5-2-2,Promising Newcomers,0,0,0.0048
13035,67,1,204.0,3,1,2,6,3-1-2,Occasional Browsers,1,0,0.0529
13036,320,1,15.0,1,1,1,3,1-1-1,Disengaged Low-Value,1,1,0.9739
13037,35,9,2463.34,4,5,5,14,4-5-5,High-Value Regulars,0,0,0.0018
13039,220,4,634.03,1,4,4,9,1-4-4,Dormant Spenders,1,1,0.9735
13041,86,4,531.53,2,4,3,9,2-4-3,Occasional Browsers,1,1,0.8819
13042,234,3,1350.59,1,3,5,9,1-3-5,Dormant Spenders,1,1,0.9755
13044,128,10,2634.61,2,5,5,12,2-5-5,Dormant Spenders,0,1,0.8782
13045,37,2,405.89,3,2,3,8,3-2-3,Fading Customers,1,1,0.6381
13046,92,1,271.14,2,1,2,5,2-1-2,Disengaged Low-Value,1,1,0.9669
13047,9,16,2661.07,5,5,5,15,5-5-5,High-Value Regulars,0,0,0.0022
13048,72,5,1840.64,2,4,5,11,2-4-5,Dormant Spenders,0,0,0.3508
13049,37,1,99.36,3,1,1,5,3-1-1,Occasional Browsers,1,0,0.0622
13050,2,18,5302.72,5,5,5,15,5-5-5,High-Value Regulars,0,0,0.0021
13051,214,1,46.8,1,1,1,3,1-1-1,Disengaged Low-Value,1,1,0.9726
13052,56,6,2137.69,3,5,5,13,3-5-5,Loyal Mid-Tier,0,0,0.0077
13053,257,1,93.65,1,1,1,3,1-1-1,Disengaged Low-Value,1,1,0.9646
13055,65,1,995.23,3,1,4,8,3-1-4,Big Spender Infrequent,1,0,0.2059
13056,187,1,148.83,1,1,1,3,1-1-1,Disengaged Low-Value,1,1,0.9641
13057,166,3,300.8,2,3,2,7,2-3-2,Fading Customers,1,1,0.8421
13059,49,9,1571.42,3,5,5,13,3-5-5,Loyal Mid-Tier,0,0,0.0077
13063,116,1,188.4,2,1,2,5,2-1-2,Disengaged Low-Value,1,1,0.9561
13064,186,2,347.6,1,2,3,6,1-2-3,Occasional Browsers,1,1,0.9116
13065,9,5,900.55,5,4,4,13,5-4-4,High-Value Regulars,0,0,0.0071
13067,45,2,101.5,3,2,1,6,3-2-1,Fading Customers,1,1,0.5623
13069,5,15,2786.66,5,5,5,15,5-5-5,High-Value Regulars,0,0,0.0091
13070,95,3,425.4,2,3,3,8,2-3-3,Fading Customers,1,1,0.5066
13071,248,1,78.22,1,1,1,3,1-1-1,Disengaged Low-Value,1,1,0.9645
13073,47,2,331.43,3,2,3,8,3-2-3,Fading Customers,1,0,0.4473
13074,147,3,316.2,2,3,3,8,2-3-3,Fading Customers,1,1,0.7959
13076,93,1,135.4,2,1,1,4,2-1-1,Disengaged Low-Value,1,1,0.9542
13077,2,8,1866.76,5,5,5,15,5-5-5,High-Value Regulars,0,0,0.0023
13078,2,31,4091.27,5,5,5,15,5-5-5,High-Value Regulars,0,0,0.0026
13079,53,1,199.08,3,1,2,6,3-1-2,Occasional Browsers,1,0,0.0432
13080,37,3,202.75,3,3,2,8,3-3-2,Fading Customers,1,1,0.5578
13081,7,16,17197.21,5,5,5,15,5-5-5,High-Value Regulars,0,0,0.0033
13082,60,7,444.96,3,5,3,11,3-5-3,Loyal Mid-Tier,0,0,0.0023
13083,61,1,10.08,3,1,1,5,3-1-1,Occasional Browsers,1,0,0.0966
13085,315,6,884.2,1,5,4,10,1-5-4,Dormant Spenders,1,1,0.9721
13086,18,1,397.03,4,1,3,8,4-1-3,Promising Newcomers,1,0,0.0265
13087,362,1,142.44,1,1,1,3,1-1-1,Disengaged Low-Value,1,1,0.9563
13088,53,1,134.26,3,1,1,5,3-1-1,Occasional Browsers,1,0,0.0626
13089,4,78,19809.62,5,5,5,15,5-5-5,High-Value Regulars,0,0,0.0024
13090,8,7,774.21,5,5,4,14,5-5-4,High-Value Regulars,0,0,0.0061
13091,365,1,196.7,1,1,2,4,1-1-2,Disengaged Low-Value,1,1,0.936
13092,50,7,1000.5,3,5,4,12,3-5-4,Loyal Mid-Tier,0,0,0.0084
13093,9,36,7475.07,5,5,5,15,5-5-5,High-Value Regulars,0,0,0.0024
13094,25,1,35.4,4,1,1,6,4-1-1,Promising Newcomers,1,0,0.0137
13097,24,17,4589.57,4,5,5,14,4-5-5,High-Value Regulars,0,0,0.0022
13101,134,3,396.75,2,3,3,8,2-3-3,Fading Customers,1,1,0.7071
13102,1,14,2654.94,5,5,5,15,5-5-5,High-Value Regulars,0,0,0.0068
13103,73,2,425.14,2,2,3,7,2-2-3,Fading Customers,1,1,0.5065
13104,169,2,45.9,2,2,1,5,2-2-1,Fading Customers,1,1,0.8114
13106,49,1,172.4,3,1,2,6,3-1-2,Occasional Browsers,1,0,0.0456
13107,49,5,1362.01,3,4,5,12,3-4-5,Loyal Mid-Tier,0,0,0.0055
13108,8,2,398.3,5,2,3,10,5-2-3,Promising Newcomers,0,0,0.0071
13109,187,1,311.91,1,1,3,5,1-1-3,Occasional Browsers,1,1,0.715
13110,73,5,943.7,2,4,4,10,2-4-4,Dormant Spenders,0,0,0.1567
13111,354,1,141.4,1,1,1,3,1-1-1,Disengaged Low-Value,1,1,0.9453
13112,177,1,20.6,2,1,1,4,2-1-1,Disengaged Low-Value,1,1,0.934
13113,2,13,1396.49,5,5,5,15,5-5-5,High-Value Regulars,0,0,0.0102
13114,366,1,163.93,1,1,2,4,1-1-2,Disengaged Low-Value,1,1,0.9404
13115,15,6,2659.93,5,5,5,15,5-5-5,High-Value Regulars,0,0,0.0062
13117,1,12,1327.04,5,5,5,15,5-5-5,High-Value Regulars,0,0,0.0065
13118,12,4,333.33,5,4,3,12,5-4-3,Loyal Mid-Tier,0,0,0.007
13119,304,1,134.9,1,1,1,3,1-1-1,Disengaged Low-Value,1,1,0.9643
13123,108,2,457.0,2,2,3,7,2-2-3,Fading Customers,1,1,0.7277
13124,21,1,584.36,4,1,4,9,4-1-4,Promising Newcomers,1,0,0.0163
13125,159,1,96.18,2,1,1,4,2-1-1,Disengaged Low-Value,1,1,0.9578
13126,2,7,1733.94,5,5,5,15,5-5-5,High-Value Regulars,0,0,0.0019
13129,88,2,138.45,2,2,1,5,2-2-1,Fading Customers,1,1,0.5313
13131,54,4,1344.57,3,4,5,12,3-4-5,Loyal Mid-Tier,0,0,0.005
13133,95,1,65.15,2,1,1,4,2-1-1,Disengaged Low-Value,1,1,0.9744
13134,38,2,341.45,3,2,3,8,3-2-3,Fading Customers,1,0,0.3791
13135,127,1,231.0,2,1,2,5,2-1-2,Disengaged Low-Value,1,1,0.9651
13136,11,8,3193.65,5,5,5,15,5-5-5,High-Value Regulars,0,0,0.002
13137,22,8,3386.8,4,5,5,14,4-5-5,High-Value Regulars,0,0,0.0074
13138,8,2,460.3,5,2,3,10,5-2-3,Promising Newcomers,0,0,0.0083
13139,73,1,1445.16,2,1,5,8,2-1-5,Dormant Spenders,1,1,0.682
13140,2,3,558.91,5,3,3,11,5-3-3,Loyal Mid-Tier,0,0,0.007
13141,21,12,3734.98,4,5,5,14,4-5-5,High-Value Regulars,0,0,0.0024
13143,220,1,371.1,1,1,3,5,1-1-3,Occasional Browsers,1,1,0.7961
13144,67,1,24.4,3,1,1,5,3-1-1,Occasional Browsers,1,0,0.1194
13148,25,14,3787.34,4,5,5,14,4-5-5,High-Value Regulars,0,0,0.0023
13150,120,3,49.55,2,3,1,6,2-3-1,Fading Customers,1,1,0.7506
13151,261,2,783.25,1,2,4,7,1-2-4,Dormant Spenders,1,1,0.953
13152,53,7,1776.48,3,5,5,13,3-5-5,Loyal Mid-Tier,0,0,0.0041
13154,35,3,1231.69,4,3,4,11,4-3-4,Loyal Mid-Tier,0,0,0.0018
13155,4,3,699.52,5,3,4,12,5-3-4,Loyal Mid-Tier,0,0,0.0075
13156,21,3,1375.9,4,3,5,12,4-3-5,Loyal Mid-Tier,0,0,0.002
13157,45,5,2442.46,3,4,5,12,3-4-5,Loyal Mid-Tier,0,0,0.0079
13158,24,1,307.12,4,1,2,7,4-1-2,Promising Newcomers,1,0,0.0114
13161,136,1,191.68,2,1,2,5,2-1-2,Disengaged Low-Value,1,1,0.9633
13162,16,11,1292.85,4,5,5,14,4-5-5,High-Value Regulars,0,0,0.0026
13163,246,1,17.65,1,1,1,3,1-1-1,Disengaged Low-Value,1,1,0.953
13164,205,2,87.4,1,2,1,4,1-2-1,Disengaged Low-Value,1,1,0.9866
13165,49,1,51.36,3,1,1,5,3-1-1,Occasional Browsers,1,0,0.0795
13166,50,1,257.21,3,1,2,6,3-1-2,Occasional Browsers,1,0,0.0291
13167,26,1,263.8,4,1,2,7,4-1-2,Promising Newcomers,1,0,0.01
13168,178,1,399.84,1,1,3,5,1-1-3,Occasional Browsers,1,1,0.8911
13169,198,1,67.7,1,1,1,3,1-1-1,Disengaged Low-Value,1,1,0.9714
13173,3,10,1595.33,5,5,5,15,5-5-5,High-Value Regulars,0,0,0.002
13174,5,9,5275.22,5,5,5,15,5-5-5,High-Value Regulars,0,0,0.0041
13175,218,2,618.15,1,2,4,7,1-2-4,Dormant Spenders,1,1,0.9484
13177,66,1,229.75,3,1,2,6,3-1-2,Occasional Browsers,1,0,0.0614
13178,33,10,6983.24,4,5,5,14,4-5-5,High-Value Regulars,0,0,0.0032
13179,254,1,572.31,1,1,3,5,1-1-3,Occasional Browsers,1,1,0.8042
13180,243,1,70.2,1,1,1,3,1-1-1,Disengaged Low-Value,1,1,0.9509
13181,17,1,309.29,4,1,2,7,4-1-2,Promising Newcomers,1,0,0.0133
13183,80,5,418.54,2,4,3,9,2-4-3,Occasional Browsers,1,1,0.7154
13187,260,3,105.34,1,3,1,5,1-3-1,Occasional Browsers,1,1,0.8446
13190,180,3,168.0,1,3,2,6,1-3-2,Occasional Browsers,1,1,0.6678
13191,294,1,156.19,1,1,1,3,1-1-1,Disengaged Low-Value,1,1,0.9566
13192,171,4,1430.79,2,4,5,11,2-4-5,Dormant Spenders,0,1,0.8792
13195,50,1,126.78,3,1,1,5,3-1-1,Occasional Browsers,1,0,0.0337
13196,79,3,912.51,2,3,4,9,2-3-4,Fading Customers,1,1,0.5872
13197,245,1,293.11,1,1,2,4,1-1-2,Disengaged Low-Value,1,1,0.9441
13198,23,2,1296.94,4,2,5,11,4-2-5,Promising Newcomers,0,0,0.0109
13199,10,16,630.96,5,5,4,14,5-5-4,High-Value Regulars,0,0,0.0033
13201,138,4,850.09,2,4,4,10,2-4-4,Dormant Spenders,1,1,0.9698
13202,30,7,909.55,4,5,4,13,4-5-4,High-Value Regulars,0,0,0.002
13203,22,6,1512.33,4,5,5,14,4-5-5,High-Value Regulars,0,0,0.0019
13204,367,1,711.56,1,1,4,6,1-1-4,Dormant Spenders,1,1,0.9219
13206,36,13,5582.74,4,5,5,14,4-5-5,High-Value Regulars,0,0,0.002
13207,248,1,71.4,1,1,1,3,1-1-1,Disengaged Low-Value,1,1,0.9766
13208,85,3,557.75,2,3,3,8,2-3-3,Fading Customers,1,0,0.037
13209,254,3,304.2,1,3,2,6,1-3-2,Occasional Browsers,1,1,0.7498
13211,33,6,725.89,4,5,4,13,4-5-4,High-Value Regulars,0,0,0.0019
13213,19,6,1480.05,4,5,5,14,4-5-5,High-Value Regulars,0,0,0.0083
13214,53,7,2984.02,3,5,5,13,3-5-5,Loyal Mid-Tier,0,0,0.0075
13219,254,1,76.23,1,1,1,3,1-1-1,Disengaged Low-Value,1,1,0.9723
13220,211,1,435.35,1,1,3,5,1-1-3,Occasional Browsers,1,1,0.8191
13223,301,1,15.0,1,1,1,3,1-1-1,Disengaged Low-Value,1,1,0.9736
13225,242,4,266.4,1,4,2,7,1-4-2,Occasional Browsers,1,1,0.8002
13226,29,1,204.25,4,1,2,7,4-1-2,Promising Newcomers,1,0,0.0097
13230,1,17,2522.9,5,5,5,15,5-5-5,High-Value Regulars,0,0,0.0058
13233,56,2,399.85,3,2,3,8,3-2-3,Fading Customers,1,0,0.0933
13234,308,2,290.35,1,2,2,5,1-2-2,Disengaged Low-Value,1,1,0.9761
13237,23,1,346.1,4,1,3,8,4-1-3,Promising Newcomers,1,0,0.0288
13238,66,2,273.0,3,2,2,7,3-2-2,Fading Customers,1,0,0.4855
13239,73,4,958.6,2,4,4,10,2-4-4,Dormant Spenders,0,1,0.9048
13240,1,5,922.84,5,4,4,13,5-4-4,High-Value Regulars,0,0,0.0018
13241,47,1,104.03,3,1,1,5,3-1-1,Occasional Browsers,1,0,0.0746
13242,87,4,429.0,2,4,3,9,2-4-3,Occasional Browsers,1,1,0.6316
13243,85,4,470.86,2,4,3,9,2-4-3,Occasional Browsers,1,1,0.5908
13245,68,1,507.02,3,1,3,7,3-1-3,Occasional Browsers,1,1,0.6327
13246,29,5,1078.03,4,4,4,12,4-4-4,High-Value Regulars,0,0,0.0089
13249,320,1,30.0,1,1,1,3,1-1-1,Disengaged Low-Value,1,1,0.9647
13250,138,1,133.09,2,1,1,4,2-1-1,Disengaged Low-Value,1,1,0.9552
13251,38,1,252.68,3,1,2,6,3-1-2,Occasional Browsers,1,0,0.0467
13252,30,2,235.75,4,2,2,8,4-2-2,Promising Newcomers,1,0,0.0142
13253,339,1,166.25,1,1,2,4,1-1-2,Disengaged Low-Value,1,1,0.9472
13254,12,1,51.41,5,1,1,7,5-1-1,Promising Newcomers,1,0,0.0161
13255,9,2,151.8,5,2,1,8,5-2-1,Promising Newcomers,1,0,0.0158
13257,72,1,81.95,2,1,1,4,2-1-1,Disengaged Low-Value,1,1,0.9503
13258,36,1,54.6,4,1,1,6,4-1-1,Promising Newcomers,1,0,0.0172
13259,33,8,813.41,4,5,4,13,4-5-4,High-Value Regulars,0,0,0.0024
13262,25,2,289.51,4,2,2,8,4-2-2,Promising Newcomers,1,0,0.0139
13263,29,4,925.02,4,4,4,12,4-4-4,High-Value Regulars,0,0,0.0073
13264,78,1,657.06,2,1,4,7,2-1-4,Dormant Spenders,1,1,0.7988
13266,58,6,1650.64,3,5,5,13,3-5-5,Loyal Mid-Tier,0,0,0.0017
13267,2,16,3085.3,5,5,5,15,5-5-5,High-Value Regulars,0,0,0.0022
13269,5,13,2060.99,5,5,5,15,5-5-5,High-Value Regulars,0,0,0.002
13274,45,1,273.85,3,1,2,6,3-1-2,Occasional Browsers,1,0,0.0504
13275,19,2,181.41,4,2,2,8,4-2-2,Promising Newcomers,1,0,0.0212
13276,33,3,1070.48,4,3,4,11,4-3-4,Loyal Mid-Tier,0,0,0.0067
13277,16,3,184.8,4,3,2,9,4-3-2,Occasional Browsers,1,1,0.7174
13278,35,3,707.36,4,3,4,11,4-3-4,Loyal Mid-Tier,0,0,0.0036
13280,15,4,1016.89,5,4,4,13,5-4-4,High-Value Regulars,0,0,0.0059
13281,75,1,344.55,2,1,3,6,2-1-3,Occasional Browsers,1,1,0.8359
13282,42,1,181.05,3,1,2,6,3-1-2,Occasional Browsers,1,0,0.0469
13283,203,2,187.0,1,2,2,5,1-2-2,Disengaged Low-Value,1,1,0.9772
13285,236,2,561.73,1,2,3,6,1-2-3,Occasional Browsers,1,1,0.8894
13286,236,1,365.81,1,1,3,5,1-1-3,Occasional Browsers,1,1,0.9063
13287,239,3,653.29,1,3,4,8,1-3-4,Dormant Spenders,1,1,0.982
13289,359,1,220.35,1,1,2,4,1-1-2,Disengaged Low-Value,1,1,0.956
13291,50,10,2193.85,3,5,5,13,3-5-5,Loyal Mid-Tier,0,0,0.0076
13292,51,3,326.27,3,3,3,9,3-3-3,Loyal Mid-Tier,1,0,0.0894
13293,28,6,1003.19,4,5,4,13,4-5-4,High-Value Regulars,0,0,0.0033
13294,282,1,714.09,1,1,4,6,1-1-4,Dormant Spenders,1,1,0.8576
13295,12,3,843.37,5,3,4,12,5-3-4,Loyal Mid-Tier,0,0,0.0038
13296,59,5,592.86,3,4,4,11,3-4-4,Loyal Mid-Tier,0,0,0.0087
13297,58,2,655.53,3,2,4,9,3-2-4,Fading Customers,1,1,0.6483
13299,59,2,725.7,3,2,4,9,3-2-4,Fading Customers,1,1,0.7049
13300,24,2,459.52,4,2,3,9,4-2-3,Promising Newcomers,1,0,0.0193
13303,36,1,51.77,4,1,1,6,4-1-1,Promising Newcomers,1,0,0.0189
13304,91,3,767.07,2,3,4,9,2-3-4,Fading Customers,1,1,0.6499
13305,8,7,1205.03,5,5,4,14,5-5-4,High-Value Regulars,0,0,0.0067
13306,66,1,53.65,3,1,1,5,3-1-1,Occasional Browsers,1,0,0.0784
13307,228,1,202.24,1,1,2,4,1-1-2,Disengaged Low-Value,1,1,0.9535
13308,232,1,263.36,1,1,2,4,1-1-2,Disengaged Low-Value,1,1,0.9649
13309,28,1,249.58,4,1,2,7,4-1-2,Promising Newcomers,1,0,0.0116
13310,16,2,284.37,4,2,2,8,4-2-2,Promising Newcomers,1,0,0.0154
13312,87,1,43.75,2,1,1,4,2-1-1,Disengaged Low-Value,1,1,0.8958
13313,115,7,1708.22,2,5,5,12,2-5-5,Dormant Spenders,0,1,0.6701
13315,325,1,299.82,1,1,2,4,1-1-2,Disengaged Low-Value,1,1,0.9331
13316,28,3,202.98,4,3,2,9,4-3-2,Occasional Browsers,1,1,0.6256
13317,21,13,2724.35,4,5,5,14,4-5-5,High-Value Regulars,0,0,0.0019
13319,1,32,6553.57,5,5,5,15,5-5-5,High-Value Regulars,0,0,0.0022
13320,70,2,679.4,3,2,4,9,3-2-4,Fading Customers,1,1,0.5408
13324,64,3,80.95,3,3,1,7,3-3-1,Fading Customers,1,1,0.7493
13326,68,1,215.7,3,1,2,6,3-1-2,Occasional Browsers,1,0,0.0373
13327,1,13,3248.8,5,5,5,15,5-5-5,High-Value Regulars,0,0,0.0022
13329,2,7,1253.1,5,5,5,15,5-5-5,High-Value Regulars,0,0,0.0018
13330,91,3,890.08,2,3,4,9,2-3-4,Fading Customers,1,1,0.6658
13331,37,1,116.7,3,1,1,5,3-1-1,Occasional Browsers,1,0,0.0435
13333,47,3,772.95,3,3,4,10,3-3-4,Loyal Mid-Tier,0,0,0.0044
13334,172,2,2229.14,2,2,5,9,2-2-5,Fading Customers,1,1,0.8225
13337,182,1,1117.19,1,1,4,6,1-1-4,Dormant Spenders,1,1,0.9379
13338,177,3,1320.65,2,3,5,10,2-3-5,Fading Customers,1,1,0.8618
13340,256,2,156.42,1,2,1,4,1-2-1,Disengaged Low-Value,1,1,0.9659
13357,130,4,2548.25,2,4,5,11,2-4-5,Dormant Spenders,0,1,0.8136
13359,39,1,463.2,3,1,3,7,3-1-3,Occasional Browsers,1,1,0.7666
13360,67,4,996.94,3,4,4,11,3-4-4,Loyal Mid-Tier,0,0,0.0038
13361,108,2,224.15,2,2,2,6,2-2-2,Fading Customers,1,1,0.7828
13362,14,3,1902.98,5,3,5,13,5-3-5,Loyal Mid-Tier,0,0,0.013
13363,45,1,642.76,3,1,4,8,3-1-4,Big Spender Infrequent,1,0,0.0643
13367,67,1,295.9,3,1,2,6,3-1-2,Occasional Browsers,1,0,0.0463
13368,50,2,397.1,3,2,3,8,3-2-3,Fading Customers,1,0,0.4197
13369,1,1,198.38,5,1,2,8,5-1-2,Promising Newcomers,1,0,0.0095
13370,7,1,604.75,5,1,4,10,5-1-4,Promising Newcomers,1,0,0.0229
13371,141,2,1233.01,2,2,4,8,2-2-4,Fading Customers,1,1,0.6596
13373,51,3,2697.38,3,3,5,11,3-3-5,Loyal Mid-Tier,0,0,0.0034
13374,50,2,212.7,3,2,2,7,3-2-2,Fading Customers,1,1,0.5477
13375,80,1,501.6,2,1,3,6,2-1-3,Occasional Browsers,1,1,0.7579
13377,32,2,1016.96,4,2,4,10,4-2-4,Promising Newcomers,0,0,0.0051
13380,68,1,62.4,3,1,1,5,3-1-1,Occasional Browsers,1,0,0.0639
13381,15,6,2381.48,5,5,5,15,5-5-5,High-Value Regulars,0,0,0.0016
13382,64,4,1106.19,3,4,4,11,3-4-4,Loyal Mid-Tier,0,0,0.0017
13384,26,4,1246.2,4,4,5,13,4-4-5,High-Value Regulars,0,0,0.0075
13386,50,2,431.9,3,2,3,8,3-2-3,Fading Customers,1,0,0.4191
13387,53,1,169.04,3,1,2,6,3-1-2,Occasional Browsers,1,0,0.0389
13388,239,1,353.3,1,1,3,5,1-1-3,Occasional Browsers,1,1,0.8779
13392,313,1,91.14,1,1,1,3,1-1-1,Disengaged Low-Value,1,1,0.9571
13393,219,4,652.71,1,4,4,9,1-4-4,Dormant Spenders,1,1,0.9729
13394,15,11,3219.85,5,5,5,15,5-5-5,High-Value Regulars,0,0,0.0021
13395,36,2,628.29,4,2,4,10,4-2-4,Promising Newcomers,1,0,0.018
13397,73,4,667.1,2,4,4,10,2-4-4,Dormant Spenders,0,0,0.2351
13398,84,1,113.6,2,1,1,4,2-1-1,Disengaged Low-Value,1,1,0.9142
13399,100,3,249.9,2,3,2,7,2-3-2,Fading Customers,1,1,0.7845
13400,218,1,306.51,1,1,2,4,1-1-2,Disengaged Low-Value,1,1,0.9149
13402,8,3,730.58,5,3,4,12,5-3-4,Loyal Mid-Tier,0,0,0.0036
13403,23,2,129.0,4,2,1,7,4-2-1,Promising Newcomers,1,0,0.005
13405,117,3,183.6,2,3,2,7,2-3-2,Fading Customers,1,1,0.7626
13406,63,1,15.0,3,1,1,5,3-1-1,Occasional Browsers,1,0,0.0769
13407,235,2,1212.14,1,2,4,7,1-2-4,Dormant Spenders,1,1,0.9422
13408,9,30,2421.55,5,5,5,15,5-5-5,High-Value Regulars,0,0,0.0023
13410,29,3,235.68,4,3,2,9,4-3-2,Occasional Browsers,1,0,0.0303
13412,256,1,334.15,1,1,3,5,1-1-3,Occasional Browsers,1,1,0.8856
13413,275,5,138.13,1,4,1,6,1-4-1,Occasional Browsers,1,1,0.8788
13414,99,3,445.8,2,3,3,8,2-3-3,Fading Customers,1,1,0.8548
13415,266,3,579.57,1,3,3,7,1-3-3,Occasional Browsers,1,1,0.8938
13416,372,1,88.5,1,1,1,3,1-1-1,Disengaged Low-Value,1,1,0.9616
13417,183,4,900.86,1,4,4,9,1-4-4,Dormant Spenders,1,1,0.9774
13418,8,15,3565.75,5,5,5,15,5-5-5,High-Value Regulars,0,0,0.0019
13421,42,6,1402.18,3,5,5,13,3-5-5,Loyal Mid-Tier,0,0,0.0083
13423,64,1,207.08,3,1,2,6,3-1-2,Occasional Browsers,1,0,0.0384
13424,85,1,555.77,2,1,3,6,2-1-3,Occasional Browsers,1,0,0.3894
13425,144,2,1317.13,2,2,5,9,2-2-5,Fading Customers,1,1,0.8559
13426,18,12,1867.44,4,5,5,14,4-5-5,High-Value Regulars,0,0,0.0024
13427,113,3,300.98,2,3,2,7,2-3-2,Fading Customers,1,1,0.7824
13428,150,2,276.76,2,2,2,6,2-2-2,Fading Customers,1,1,0.526
13431,42,6,1126.3,3,5,4,12,3-5-4,Loyal Mid-Tier,0,0,0.0052
13432,207,2,379.25,1,2,3,6,1-2-3,Occasional Browsers,1,1,0.8482
13433,137,4,374.22,2,4,3,9,2-4-3,Occasional Browsers,1,1,0.8064
13434,21,3,293.28,4,3,2,9,4-3-2,Occasional Browsers,1,0,0.125
13435,12,2,310.7,5,2,2,9,5-2-2,Promising Newcomers,1,0,0.0211
13439,24,2,590.53,4,2,4,10,4-2-4,Promising Newcomers,1,0,0.0199
13440,59,7,849.95,3,5,4,12,3-5-4,Loyal Mid-Tier,0,0,0.009
13441,67,1,321.2,3,1,3,7,3-1-3,Occasional Browsers,1,1,0.7094
13442,303,3,271.07,1,3,2,6,1-3-2,Occasional Browsers,1,1,0.8158
13443,84,5,951.17,2,4,4,10,2-4-4,Dormant Spenders,0,1,0.8973
13444,10,2,578.78,5,2,3,10,5-2-3,Promising Newcomers,0,0,0.0075
13445,262,1,26.4,1,1,1,3,1-1-1,Disengaged Low-Value,1,1,0.9703
13446,66,11,2552.41,3,5,5,13,3-5-5,Loyal Mid-Tier,0,0,0.0065
13448,9,8,3833.3,5,5,5,15,5-5-5,High-Value Regulars,0,0,0.0021
13450,10,7,876.08,5,5,4,14,5-5-4,High-Value Regulars,0,0,0.0072
13451,17,6,3921.06,4,5,5,14,4-5-5,High-Value Regulars,0,0,0.0129
13453,38,1,379.31,3,1,3,7,3-1-3,Occasional Browsers,1,1,0.6911
13454,277,1,219.87,1,1,2,4,1-1-2,Disengaged Low-Value,1,1,0.9605
13455,2,5,1355.94,5,4,5,14,5-4-5,High-Value Regulars,0,0,0.0019
13457,324,2,101.42,1,2,1,4,1-2-1,Disengaged Low-Value,1,1,0.9771
13458,15,2,1632.34,5,2,5,12,5-2-5,Promising Newcomers,0,0,0.0177
13459,260,2,976.09,1,2,4,7,1-2-4,Dormant Spenders,1,1,0.9657
13461,43,3,142.8,3,3,1,7,3-3-1,Fading Customers,1,0,0.3568
13462,46,4,912.85,3,4,4,11,3-4-4,Loyal Mid-Tier,0,0,0.0016
13464,30,5,1486.32,4,4,5,13,4-4-5,High-Value Regulars,0,0,0.0057
13465,82,2,563.08,2,2,3,7,2-2-3,Fading Customers,1,0,0.4346
13466,44,4,493.9,3,4,3,10,3-4-3,Loyal Mid-Tier,0,0,0.0057
13468,4,37,5797.29,5,5,5,15,5-5-5,High-Value Regulars,0,0,0.0022
13469,289,1,62.5,1,1,1,3,1-1-1,Disengaged Low-Value,1,1,0.9728
13472,99,2,505.94,2,2,3,7,2-2-3,Fading Customers,1,1,0.7687
13473,210,4,450.25,1,4,3,8,1-4-3,Occasional Browsers,1,1,0.9014
13474,79,2,347.25,2,2,3,7,2-2-3,Fading Customers,1,1,0.5703
13476,42,3,576.45,3,3,3,9,3-3-3,Loyal Mid-Tier,1,0,0.0471
13477,91,5,943.36,2,4,4,10,2-4-4,Dormant Spenders,0,1,0.8596
13478,105,5,1836.67,2,4,5,11,2-4-5,Dormant Spenders,0,1,0.9063
13479,88,2,422.8,2,2,3,7,2-2-3,Fading Customers,1,0,0.3837
13480,52,2,521.4,3,2,3,8,3-2-3,Fading Customers,1,0,0.3158
13481,10,6,1735.38,5,5,5,15,5-5-5,High-Value Regulars,0,0,0.002
13482,263,1,151.45,1,1,1,3,1-1-1,Disengaged Low-Value,1,1,0.9205
13484,19,2,333.87,4,2,3,9,4-2-3,Promising Newcomers,1,0,0.0175
13485,12,10,1794.47,5,5,5,15,5-5-5,High-Value Regulars,0,0,0.0024
13487,141,2,263.52,2,2,2,6,2-2-2,Fading Customers,1,1,0.719
13488,3,11,4105.32,5,5,5,15,5-5-5,High-Value Regulars,0,0,0.0019
13490,290,1,33.3,1,1,1,3,1-1-1,Disengaged Low-Value,1,1,0.964
13491,8,18,2658.74,5,5,5,15,5-5-5,High-Value Regulars,0,0,0.0024
13495,4,6,1306.74,5,5,5,15,5-5-5,High-Value Regulars,0,0,0.0017
13497,4,5,868.18,5,4,4,13,5-4-4,High-Value Regulars,0,0,0.0018
13498,366,1,194.15,1,1,2,4,1-1-2,Disengaged Low-Value,1,1,0.9533
13500,37,1,229.88,3,1,2,6,3-1-2,Occasional Browsers,1,0,0.0544
13501,122,2,950.35,2,2,4,8,2-2-4,Fading Customers,1,1,0.7209
13502,51,2,242.3,3,2,2,7,3-2-2,Fading Customers,1,0,0.4813
13503,115,4,1374.79,2,4,5,11,2-4-5,Dormant Spenders,0,1,0.8754
13506,5,4,976.52,5,4,4,13,5-4-4,High-Value Regulars,0,0,0.0057
13508,278,1,114.07,1,1,1,3,1-1-1,Disengaged Low-Value,1,1,0.9368
13509,143,1,60.0,2,1,1,4,2-1-1,Disengaged Low-Value,1,1,0.9549
13510,11,6,2251.83,5,5,5,15,5-5-5,High-Value Regulars,0,0,0.0017
13511,312,1,5.95,1,1,1,3,1-1-1,Disengaged Low-Value,1,1,0.9755
13512,23,3,316.16,4,3,3,10,4-3-3,Loyal Mid-Tier,1,0,0.0405
13513,77,2,474.95,2,2,3,7,2-2-3,Fading Customers,1,1,0.5188
13514,64,3,113.6,3,3,1,7,3-3-1,Fading Customers,1,0,0.1687
13515,85,2,277.2,2,2,2,6,2-2-2,Fading Customers,1,1,0.6766
13516,53,1,197.45,3,1,2,6,3-1-2,Occasional Browsers,1,0,0.0432
13519,78,1,220.46,2,1,2,5,2-1-2,Disengaged Low-Value,1,1,0.9222
13520,7,6,1312.8,5,5,5,15,5-5-5,High-Value Regulars,0,0,0.0016
13523,2,2,743.82,5,2,4,11,5-2-4,Promising Newcomers,0,0,0.0066
13526,374,2,348.98,1,2,3,6,1-2-3,Occasional Browsers,1,1,0.8705
13527,54,5,2033.98,3,4,5,12,3-4-5,Loyal Mid-Tier,0,0,0.0054
13530,270,1,356.48,1,1,3,5,1-1-3,Occasional Browsers,1,1,0.8132
13531,2,5,891.47,5,4,4,13,5-4-4,High-Value Regulars,0,0,0.0023
13534,15,10,1482.42,5,5,5,15,5-5-5,High-Value Regulars,0,0,0.0104
13537,61,2,544.7,3,2,3,8,3-2-3,Fading Customers,1,1,0.5219
13538,32,4,1121.08,4,4,4,12,4-4-4,High-Value Regulars,0,0,0.0026
13539,56,4,610.23,3,4,4,11,3-4-4,Loyal Mid-Tier,0,0,0.0072
13540,103,3,513.84,2,3,3,8,2-3-3,Fading Customers,1,1,0.884
13541,63,1,64.2,3,1,1,5,3-1-1,Occasional Browsers,1,0,0.0677
13542,12,17,2675.79,5,5,5,15,5-5-5,High-Value Regulars,0,0,0.0027
13543,270,2,469.36,1,2,3,6,1-2-3,Occasional Browsers,1,1,0.9321
13544,47,4,445.79,3,4,3,10,3-4-3,Loyal Mid-Tier,0,0,0.0055
13545,26,2,313.23,4,2,3,9,4-2-3,Promising Newcomers,1,0,0.0211
13546,18,2,330.45,4,2,3,9,4-2-3,Promising Newcomers,1,0,0.029
13547,44,1,148.63,3,1,1,5,3-1-1,Occasional Browsers,1,0,0.0446
13548,107,1,198.43,2,1,2,5,2-1-2,Disengaged Low-Value,1,1,0.95
13549,23,1,87.6,4,1,1,6,4-1-1,Promising Newcomers,1,0,0.0157
13550,19,1,321.55,4,1,3,8,4-1-3,Promising Newcomers,1,0,0.0217
13552,64,10,1568.79,3,5,5,13,3-5-5,Loyal Mid-Tier,0,0,0.0086
13553,310,1,394.25,1,1,3,5,1-1-3,Occasional Browsers,1,1,0.8124
13554,16,7,1136.55,4,5,4,13,4-5-4,High-Value Regulars,0,0,0.0111
13555,14,8,2123.78,5,5,5,15,5-5-5,High-Value Regulars,0,0,0.0019
13556,65,2,141.9,3,2,1,6,3-2-1,Fading Customers,1,0,0.3486
13557,51,11,2346.92,3,5,5,13,3-5-5,Loyal Mid-Tier,0,0,0.002
13561,33,10,1514.19,4,5,5,14,4-5-5,High-Value Regulars,0,0,0.0063
13562,37,5,2048.8,3,4,5,12,3-4-5,Loyal Mid-Tier,0,0,0.0026
13564,4,32,12000.7,5,5,5,15,5-5-5,High-Value Regulars,0,0,0.0022
13565,47,1,129.43,3,1,1,5,3-1-1,Occasional Browsers,1,0,0.0587
13566,70,3,798.51,3,3,4,10,3-3-4,Loyal Mid-Tier,1,0,0.036
13567,64,4,926.64,3,4,4,11,3-4-4,Loyal Mid-Tier,0,0,0.007
13569,3,3,473.34,5,3,3,11,5-3-3,Loyal Mid-Tier,0,0,0.0087
13571,18,14,2147.0,4,5,5,14,4-5-5,High-Value Regulars,0,0,0.002
13573,15,4,303.12,5,4,2,11,5-4-2,Occasional Browsers,0,0,0.0516
13574,47,1,322.7,3,1,3,7,3-1-3,Occasional Browsers,1,1,0.7362
13576,9,11,1376.86,5,5,5,15,5-5-5,High-Value Regulars,0,0,0.0023
13577,18,7,1296.56,4,5,5,14,4-5-5,High-Value Regulars,0,0,0.0022
13578,45,1,14.94,3,1,1,5,3-1-1,Occasional Browsers,1,0,0.105
13579,5,4,839.58,5,4,4,13,5-4-4,High-Value Regulars,0,0,0.0016
13580,42,1,67.8,3,1,1,5,3-1-1,Occasional Browsers,1,0,0.0546
13581,50,1,162.53,3,1,2,6,3-1-2,Occasional Browsers,1,0,0.0507
13582,25,2,177.48,4,2,2,8,4-2-2,Promising Newcomers,1,0,0.0145
13583,315,1,631.1,1,1,4,6,1-1-4,Dormant Spenders,1,1,0.8459
13584,134,2,201.3,2,2,2,6,2-2-2,Fading Customers,1,1,0.6061
13585,166,2,342.65,2,2,3,7,2-2-3,Fading Customers,1,1,0.6265
13586,177,1,93.28,2,1,1,4,2-1-1,Disengaged Low-Value,1,1,0.9742
13587,85,3,295.0,2,3,2,7,2-3-2,Fading Customers,1,1,0.5083
13589,163,3,253.79,2,3,2,7,2-3-2,Fading Customers,1,1,0.6766
13590,11,12,3174.99,5,5,5,15,5-5-5,High-Value Regulars,0,0,0.0019
13591,71,3,559.96,3,3,3,9,3-3-3,Loyal Mid-Tier,1,0,0.0628
13593,23,9,2736.91,4,5,5,14,4-5-5,High-Value Regulars,0,0,0.0072
13594,121,1,85.35,2,1,1,4,2-1-1,Disengaged Low-Value,1,1,0.9599
13595,152,3,649.18,2,3,4,9,2-3-4,Fading Customers,1,1,0.837
13597,36,2,278.75,4,2,2,8,4-2-2,Promising Newcomers,1,0,0.0213
13598,131,4,425.47,2,4,3,9,2-4-3,Occasional Browsers,1,1,0.8941
13599,2,11,2129.55,5,5,5,15,5-5-5,High-Value Regulars,0,0,0.0021
13600,270,1,96.95,1,1,1,3,1-1-1,Disengaged Low-Value,1,1,0.9749
13601,28,2,409.37,4,2,3,9,4-2-3,Promising Newcomers,1,0,0.0185
13602,17,3,533.88,4,3,3,10,4-3-3,Loyal Mid-Tier,0,0,0.0054
13604,294,1,191.72,1,1,2,4,1-1-2,Disengaged Low-Value,1,1,0.9454
13605,23,2,442.27,4,2,3,9,4-2-3,Promising Newcomers,1,0,0.0176
13607,38,1,303.8,3,1,2,6,3-1-2,Occasional Browsers,1,0,0.0476
13608,176,1,215.05,2,1,2,5,2-1-2,Disengaged Low-Value,1,1,0.9525
13609,229,1,34.65,1,1,1,3,1-1-1,Disengaged Low-Value,1,1,0.9757
13610,23,7,659.33,4,5,4,13,4-5-4,High-Value Regulars,0,0,0.0023
13611,10,7,1873.63,5,5,5,15,5-5-5,High-Value Regulars,0,0,0.0021
13612,268,1,755.89,1,1,4,6,1-1-4,Dormant Spenders,1,1,0.8475
13613,88,5,957.3,2,4,4,10,2-4-4,Dormant Spenders,0,0,0.3594
13614,29,2,450.73,4,2,3,9,4-2-3,Promising Newcomers,1,0,0.017
13615,35,7,4713.99,4,5,5,14,4-5-5,High-Value Regulars,0,0,0.0029
13616,204,2,222.45,1,2,2,5,1-2-2,Disengaged Low-Value,1,1,0.9708
13617,44,5,483.42,3,4,3,10,3-4-3,Loyal Mid-Tier,0,0,0.0094
13619,180,2,172.49,1,2,2,5,1-2-2,Disengaged Low-Value,1,1,0.9798
13620,164,1,52.34,2,1,1,4,2-1-1,Disengaged Low-Value,1,1,0.9709
13622,332,1,435.16,1,1,3,5,1-1-3,Occasional Browsers,1,1,0.7089
13623,16,5,1147.24,4,4,4,12,4-4-4,High-Value Regulars,0,0,0.0023
13624,24,1,262.77,4,1,2,7,4-1-2,Promising Newcomers,1,0,0.0138
13625,232,1,213.36,1,1,2,4,1-1-2,Disengaged Low-Value,1,1,0.9538
13626,15,1,247.56,5,1,2,8,5-1-2,Promising Newcomers,1,0,0.0112
13627,124,2,492.33,2,2,3,7,2-2-3,Fading Customers,1,1,0.6101
13628,312,1,218.34,1,1,2,4,1-1-2,Disengaged Low-Value,1,1,0.9702
13632,30,3,1218.54,4,3,4,11,4-3-4,Loyal Mid-Tier,0,0,0.0057
13634,12,10,2500.75,5,5,5,15,5-5-5,High-Value Regulars,0,0,0.0022
13635,78,3,1632.73,2,3,5,10,2-3-5,Fading Customers,0,0,0.0179
13639,72,1,312.93,2,1,3,6,2-1-3,Occasional Browsers,1,1,0.6183
13641,276,4,415.32,1,4,3,8,1-4-3,Occasional Browsers,1,1,0.9203
13642,68,3,138.67,3,3,1,7,3-3-1,Fading Customers,1,1,0.5403
13643,18,6,974.17,4,5,4,13,4-5-4,High-Value Regulars,0,0,0.0021
13646,35,2,201.8,4,2,2,8,4-2-2,Promising Newcomers,1,0,0.0248
13647,130,3,799.88,2,3,4,9,2-3-4,Fading Customers,1,1,0.8386
13648,36,8,1626.18,4,5,5,14,4-5-5,High-Value Regulars,0,0,0.002
13649,2,5,998.42,5,4,4,13,5-4-4,High-Value Regulars,0,0,0.01
13650,10,4,1109.9,5,4,4,13,5-4-4,High-Value Regulars,0,0,0.0019
13651,17,1,40.35,4,1,1,6,4-1-1,Promising Newcomers,1,0,0.0165
13652,4,3,1389.28,5,3,5,13,5-3-5,Loyal Mid-Tier,0,0,0.0021
13653,123,1,136.3,2,1,1,4,2-1-1,Disengaged Low-Value,1,1,0.9416
13654,16,5,2333.41,4,4,5,13,4-4-5,High-Value Regulars,0,0,0.0019
13655,10,4,1047.59,5,4,4,13,5-4-4,High-Value Regulars,0,0,0.0042
13656,135,2,549.6,2,2,3,7,2-2-3,Fading Customers,1,1,0.6925
13658,19,4,1909.85,4,4,5,13,4-4-5,High-Value Regulars,0,0,0.0022
13659,52,10,2386.91,3,5,5,13,3-5-5,Loyal Mid-Tier,0,0,0.0051
13660,36,1,187.79,4,1,2,7,4-1-2,Promising Newcomers,1,0,0.0095
13661,239,1,299.74,1,1,2,4,1-1-2,Disengaged Low-Value,1,1,0.9595
13662,21,8,1046.75,4,5,4,13,4-5-4,High-Value Regulars,0,0,0.005
13663,16,4,1187.18,4,4,4,12,4-4-4,High-Value Regulars,0,0,0.0045
13665,22,3,1467.7,4,3,5,12,4-3-5,Loyal Mid-Tier,0,0,0.0069
13666,56,2,30.5,3,2,1,6,3-2-1,Fading Customers,1,0,0.0721
13668,19,13,2613.16,4,5,5,14,4-5-5,High-Value Regulars,0,0,0.002
13669,43,1,45.0,3,1,1,5,3-1-1,Occasional Browsers,1,0,0.0771
13671,30,1,172.6,4,1,2,7,4-1-2,Promising Newcomers,1,0,0.0109
13672,366,1,233.53,1,1,2,4,1-1-2,Disengaged Low-Value,1,1,0.9605
13674,68,1,183.88,3,1,2,6,3-1-2,Occasional Browsers,1,0,0.0437
13676,175,2,153.15,2,2,1,5,2-2-1,Fading Customers,1,1,0.7578
13677,40,2,285.44,3,2,2,7,3-2-2,Fading Customers,1,1,0.5102
13679,129,3,273.31,2,3,2,7,2-3-2,Fading Customers,1,1,0.8245
13680,107,8,2586.66,2,5,5,12,2-5-5,Dormant Spenders,0,1,0.8435
13683,93,1,228.0,2,1,2,5,2-1-2,Disengaged Low-Value,1,1,0.9224
13684,26,3,332.91,4,3,3,10,4-3-3,Loyal Mid-Tier,1,0,0.0431
13686,16,2,337.04,4,2,3,9,4-2-3,Promising Newcomers,1,0,0.0194
13689,80,1,19.5,2,1,1,4,2-1-1,Disengaged Low-Value,1,1,0.9606
13691,32,1,163.58,4,1,2,7,4-1-2,Promising Newcomers,1,0,0.008
13692,56,1,269.41,3,1,2,6,3-1-2,Occasional Browsers,1,0,0.0238
13693,10,9,1466.93,5,5,5,15,5-5-5,High-Value Regulars,0,0,0.002
13694,64,15,942.15,3,5,4,12,3-5-4,Loyal Mid-Tier,0,0,0.003
13695,213,1,71.4,1,1,1,3,1-1-1,Disengaged Low-Value,1,1,0.9245
13696,302,1,188.4,1,1,2,4,1-1-2,Disengaged Low-Value,1,1,0.956
13698,232,2,364.27,1,2,3,6,1-2-3,Occasional Browsers,1,1,0.8925
13699,186,1,312.52,1,1,3,5,1-1-3,Occasional Browsers,1,1,0.745
13700,53,3,277.57,3,3,2,8,3-3-2,Fading Customers,1,0,0.3837
13701,82,1,161.0,2,1,1,4,2-1-1,Disengaged Low-Value,1,1,0.9188
13702,81,1,95.58,2,1,1,4,2-1-1,Disengaged Low-Value,1,1,0.8842
13703,51,1,281.76,3,1,2,6,3-1-2,Occasional Browsers,1,0,0.0567
13705,9,5,903.37,5,4,4,13,5-4-4,High-Value Regulars,0,0,0.0051
13706,262,1,148.23,1,1,1,3,1-1-1,Disengaged Low-Value,1,1,0.9413
13707,65,3,1409.03,3,3,5,11,3-3-5,Loyal Mid-Tier,0,0,0.0078
13709,82,5,1155.38,2,4,4,10,2-4-4,Dormant Spenders,0,0,0.3643
13710,248,1,50.4,1,1,1,3,1-1-1,Disengaged Low-Value,1,1,0.9754
13711,42,7,1243.51,3,5,5,13,3-5-5,Loyal Mid-Tier,0,0,0.0022
13712,246,1,232.89,1,1,2,4,1-1-2,Disengaged Low-Value,1,1,0.9662
13713,44,3,660.96,3,3,4,10,3-3-4,Loyal Mid-Tier,0,0,0.0073
13714,101,1,113.95,2,1,1,4,2-1-1,Disengaged Low-Value,1,1,0.9725
13715,8,13,5076.32,5,5,5,15,5-5-5,High-Value Regulars,0,0,0.006
13717,93,2,256.67,2,2,2,6,2-2-2,Fading Customers,1,1,0.5971
13719,29,6,1557.29,4,5,5,14,4-5-5,High-Value Regulars,0,0,0.0061
13721,31,1,217.4,4,1,2,7,4-1-2,Promising Newcomers,1,0,0.0095
13722,56,7,1768.6,3,5,5,13,3-5-5,Loyal Mid-Tier,0,0,0.0059
13723,28,5,475.32,4,4,3,11,4-4-3,Loyal Mid-Tier,0,0,0.0064
13724,273,1,213.01,1,1,2,4,1-1-2,Disengaged Low-Value,1,1,0.955
13727,247,6,433.32,1,5,3,9,1-5-3,Occasional Browsers,1,1,0.935
13728,23,10,1467.64,4,5,5,14,4-5-5,High-Value Regulars,0,0,0.0021
13729,71,3,459.73,3,3,3,9,3-3-3,Loyal Mid-Tier,1,0,0.0452
13733,46,2,352.11,3,2,3,8,3-2-3,Fading Customers,1,0,0.0328
13734,144,2,112.34,2,2,1,5,2-2-1,Fading Customers,1,1,0.5178
13735,12,9,4504.22,5,5,5,15,5-5-5,High-Value Regulars,0,0,0.003
13736,61,5,1632.27,3,4,5,12,3-4-5,Loyal Mid-Tier,0,0,0.0026
13738,32,1,348.62,4,1,3,8,4-1-3,Promising Newcomers,1,0,0.0323
13739,163,1,30.3,2,1,1,4,2-1-1,Disengaged Low-Value,1,1,0.9718
13740,51,4,977.47,3,4,4,11,3-4-4,Loyal Mid-Tier,0,0,0.0017
13745,182,1,269.16,1,1,2,4,1-1-2,Disengaged Low-Value,1,1,0.9512
13746,49,1,163.94,3,1,2,6,3-1-2,Occasional Browsers,1,0,0.039
13747,60,1,50.4,3,1,1,5,3-1-1,Occasional Browsers,1,0,0.076
13748,18,4,467.4,4,4,3,11,4-4-3,Loyal Mid-Tier,0,0,0.0022
13750,49,4,549.2,3,4,3,10,3-4-3,Loyal Mid-Tier,0,0,0.0049
13752,163,1,271.7,2,1,2,5,2-1-2,Disengaged Low-Value,1,1,0.967
13753,234,3,703.65,1,3,4,8,1-3-4,Dormant Spenders,1,1,0.9673
13754,73,1,114.6,2,1,1,4,2-1-1,Disengaged Low-Value,1,1,0.9532
13756,21,9,1463.59,4,5,5,14,4-5-5,High-Value Regulars,0,0,0.0024
13757,310,1,42.55,1,1,1,3,1-1-1,Disengaged Low-Value,1,1,0.9716
13758,2,9,2580.98,5,5,5,15,5-5-5,High-Value Regulars,0,0,0.0024
13760,40,3,575.4,3,3,3,9,3-3-3,Loyal Mid-Tier,1,0,0.055
13761,138,4,749.37,2,4,4,10,2-4-4,Dormant Spenders,1,1,0.9773
13762,334,1,60.0,1,1,1,3,1-1-1,Disengaged Low-Value,1,1,0.9753
13763,71,1,32.7,3,1,1,5,3-1-1,Occasional Browsers,1,0,0.0813
13764,205,3,1157.15,1,3,4,8,1-3-4,Dormant Spenders,1,1,0.9671
13765,289,1,248.86,1,1,2,4,1-1-2,Disengaged Low-Value,1,1,0.9712
13766,131,1,190.35,2,1,2,5,2-1-2,Disengaged Low-Value,1,1,0.9672
13767,5,32,4676.6,5,5,5,15,5-5-5,High-Value Regulars,0,0,0.0025
13768,362,2,561.37,1,2,3,6,1-2-3,Occasional Browsers,1,1,0.8806
13769,3,11,2078.53,5,5,5,15,5-5-5,High-Value Regulars,0,0,0.0021
13770,72,2,323.22,2,2,3,7,2-2-3,Fading Customers,1,0,0.0243
13771,169,5,1337.04,2,4,5,11,2-4-5,Dormant Spenders,0,1,0.9351
13772,36,5,1383.09,4,4,5,13,4-4-5,High-Value Regulars,0,0,0.0086
13773,32,2,301.54,4,2,2,8,4-2-2,Promising Newcomers,1,0,0.0103
13775,226,1,595.81,1,1,4,6,1-1-4,Dormant Spenders,1,1,0.9058
13777,9,17,817.88,5,5,4,14,5-5-4,High-Value Regulars,0,0,0.0037
13778,127,3,492.55,2,3,3,8,2-3-3,Fading Customers,1,1,0.9026
13779,151,1,110.13,2,1,1,4,2-1-1,Disengaged Low-Value,1,1,0.9678
13780,43,1,279.51,3,1,2,6,3-1-2,Occasional Browsers,1,0,0.065
13781,228,2,622.34,1,2,4,7,1-2-4,Dormant Spenders,1,1,0.967
13782,89,7,567.52,2,5,3,10,2-5-3,Occasional Browsers,0,0,0.0222
13784,70,2,45.5,3,2,1,6,3-2-1,Fading Customers,1,1,0.6621
13785,64,4,360.19,3,4,3,10,3-4-3,Loyal Mid-Tier,1,0,0.0839
13786,3,6,1137.67,5,5,4,14,5-5-4,High-Value Regulars,0,0,0.0017
13787,94,4,663.79,2,4,4,10,2-4-4,Dormant Spenders,1,1,0.7381
13788,141,1,3.75,2,1,1,4,2-1-1,Disengaged Low-Value,1,1,0.9667
13789,24,1,239.46,4,1,2,7,4-1-2,Promising Newcomers,1,0,0.0125
13792,58,1,103.2,3,1,1,5,3-1-1,Occasional Browsers,1,0,0.0432
13793,282,1,96.0,1,1,1,3,1-1-1,Disengaged Low-Value,1,1,0.9384
13794,182,1,108.13,1,1,1,3,1-1-1,Disengaged Low-Value,1,1,0.9519
13795,40,3,301.95,3,3,2,8,3-3-2,Fading Customers,1,1,0.6029
13796,135,1,278.75,2,1,2,5,2-1-2,Disengaged Low-Value,1,1,0.9609
13797,72,3,926.7,2,3,4,9,2-3-4,Fading Customers,1,1,0.6405
13798,54,9,259.91,3,5,2,10,3-5-2,Occasional Browsers,0,0,0.0206
13799,80,6,879.18,2,5,4,11,2-5-4,Dormant Spenders,0,1,0.5228
13800,66,2,464.3,3,2,3,8,3-2-3,Fading Customers,1,0,0.0276
13802,10,15,3347.18,5,5,5,15,5-5-5,High-Value Regulars,0,0,0.0021
13803,67,2,945.56,3,2,4,9,3-2-4,Fading Customers,1,0,0.3442
13804,71,2,533.13,3,2,3,8,3-2-3,Fading Customers,1,1,0.5485
13807,3,3,208.15,5,3,2,10,5-3-2,Occasional Browsers,0,0,0.0097
13809,30,2,53.9,4,2,1,7,4-2-1,Promising Newcomers,1,0,0.0262
13813,163,4,936.93,2,4,4,10,2-4-4,Dormant Spenders,1,1,0.8498
13814,163,1,225.4,2,1,2,5,2-1-2,Disengaged Low-Value,1,1,0.9444
13815,42,4,2178.85,3,4,5,12,3-4-5,Loyal Mid-Tier,0,0,0.0053
13818,65,1,61.28,3,1,1,5,3-1-1,Occasional Browsers,1,0,0.085
13819,305,3,933.5,1,3,4,8,1-3-4,Dormant Spenders,1,1,0.9672
13820,54,3,617.3,3,3,4,10,3-3-4,Loyal Mid-Tier,1,0,0.0374
13821,29,4,901.24,4,4,4,12,4-4-4,High-Value Regulars,0,0,0.0021
13823,16,5,1716.23,4,4,5,13,4-4-5,High-Value Regulars,0,0,0.0019
13824,51,6,883.26,3,5,4,12,3-5-4,Loyal Mid-Tier,0,0,0.0064
13825,257,2,230.39,1,2,2,5,1-2-2,Disengaged Low-Value,1,1,0.9797
13830,217,1,110.2,1,1,1,3,1-1-1,Disengaged Low-Value,1,1,0.9622
13831,165,6,567.75,2,5,3,10,2-5-3,Occasional Browsers,1,1,0.7604
13832,58,1,242.51,3,1,2,6,3-1-2,Occasional Browsers,1,0,0.0327
13833,40,1,213.86,3,1,2,6,3-1-2,Occasional Browsers,1,0,0.0407
13834,212,2,178.5,1,2,2,5,1-2-2,Disengaged Low-Value,1,1,0.9755
13835,155,3,161.3,2,3,1,6,2-3-1,Fading Customers,1,1,0.803
13836,35,2,449.03,4,2,3,9,4-2-3,Promising Newcomers,1,0,0.0258
13838,5,7,1106.41,5,5,4,14,5-5-4,High-Value Regulars,0,0,0.0082
13839,122,1,139.95,2,1,1,4,2-1-1,Disengaged Low-Value,1,1,0.9601
13840,52,1,579.8,3,1,3,7,3-1-3,Occasional Browsers,1,1,0.81
13842,2,10,1686.19,5,5,5,15,5-5-5,High-Value Regulars,0,0,0.0021
13843,17,1,244.15,4,1,2,7,4-1-2,Promising Newcomers,1,0,0.0111
13846,35,1,426.83,4,1,3,8,4-1-3,Promising Newcomers,1,0,0.0158
13847,355,1,221.92,1,1,2,4,1-1-2,Disengaged Low-Value,1,1,0.9644
13849,33,3,1406.84,4,3,5,12,4-3-5,Loyal Mid-Tier,0,0,0.006
13851,15,4,1057.1,5,4,4,13,5-4-4,High-Value Regulars,0,0,0.0069
13852,246,1,187.35,1,1,2,4,1-1-2,Disengaged Low-Value,1,1,0.9434
13854,16,13,682.28,4,5,4,13,4-5-4,High-Value Regulars,0,0,0.0027
13855,136,4,1100.8,2,4,4,10,2-4-4,Dormant Spenders,0,1,0.8244
13856,99,7,357.97,2,5,3,10,2-5-3,Occasional Browsers,0,1,0.6867
13857,29,6,884.28,4,5,4,13,4-5-4,High-Value Regulars,0,0,0.0068
13859,165,1,81.15,2,1,1,4,2-1-1,Disengaged Low-Value,1,1,0.9718
13861,65,2,223.61,3,2,2,7,3-2-2,Fading Customers,1,1,0.6205
13862,25,1,346.73,4,1,3,8,4-1-3,Promising Newcomers,1,0,0.0213
13863,101,3,674.92,2,3,4,9,2-3-4,Fading Customers,1,1,0.8864
13869,17,6,3818.64,4,5,5,14,4-5-5,High-Value Regulars,0,0,0.003
13870,23,7,1695.78,4,5,5,14,4-5-5,High-Value Regulars,0,0,0.0018
13871,64,4,1067.9,3,4,4,11,3-4-4,Loyal Mid-Tier,0,0,0.0018
13872,163,3,862.37,2,3,4,9,2-3-4,Fading Customers,1,1,0.7711
13873,19,5,394.3,4,4,3,11,4-4-3,Loyal Mid-Tier,0,0,0.0054
13874,140,6,657.7,2,5,4,11,2-5-4,Dormant Spenders,0,1,0.9035
13875,23,9,2294.48,4,5,5,14,4-5-5,High-Value Regulars,0,0,0.0018
13877,106,2,205.02,2,2,2,6,2-2-2,Fading Customers,1,1,0.7675
13878,183,3,670.65,1,3,4,8,1-3-4,Dormant Spenders,1,1,0.9797
13879,281,1,375.6,1,1,3,5,1-1-3,Occasional Browsers,1,1,0.8008
13880,3,5,1075.89,5,4,4,13,5-4-4,High-Value Regulars,0,0,0.0053
13881,121,5,637.34,2,4,4,10,2-4-4,Dormant Spenders,0,1,0.8774
13883,39,9,2871.47,3,5,5,13,3-5-5,Loyal Mid-Tier,0,0,0.0056
13884,12,5,903.43,5,4,4,13,5-4-4,High-Value Regulars,0,0,0.009
13888,40,5,945.73,3,4,4,11,3-4-4,Loyal Mid-Tier,0,0,0.0095
13889,18,5,1389.23,4,4,5,13,4-4-5,High-Value Regulars,0,0,0.0021
13890,10,4,944.82,5,4,4,13,5-4-4,High-Value Regulars,0,0,0.0017
13891,14,3,696.36,5,3,4,12,5-3-4,Loyal Mid-Tier,0,0,0.0042
13892,211,1,12.6,1,1,1,3,1-1-1,Disengaged Low-Value,1,1,0.9645
13895,151,2,965.0,2,2,4,8,2-2-4,Fading Customers,1,1,0.5802
13896,261,1,261.05,1,1,2,4,1-1-2,Disengaged Low-Value,1,1,0.9557
13897,74,2,747.27,2,2,4,8,2-2-4,Fading Customers,1,0,0.3461
13898,47,1,464.67,3,1,3,7,3-1-3,Occasional Browsers,1,1,0.5769
13900,25,3,693.52,4,3,4,11,4-3-4,Loyal Mid-Tier,0,0,0.0043
13901,10,10,2143.58,5,5,5,15,5-5-5,High-Value Regulars,0,0,0.0017
13902,360,1,55.86,1,1,1,3,1-1-1,Disengaged Low-Value,1,1,0.9626
13903,36,1,165.45,4,1,2,7,4-1-2,Promising Newcomers,1,0,0.011
13905,368,1,122.1,1,1,1,3,1-1-1,Disengaged Low-Value,1,1,0.9608
13907,327,1,55.2,1,1,1,3,1-1-1,Disengaged Low-Value,1,1,0.9602
13909,59,2,179.0,3,2,2,7,3-2-2,Fading Customers,1,1,0.7762
13911,15,11,1070.37,5,5,4,14,5-5-4,High-Value Regulars,0,0,0.0079
13912,59,1,124.95,3,1,1,5,3-1-1,Occasional Browsers,1,0,0.0476
13913,142,1,13.52,2,1,1,4,2-1-1,Disengaged Low-Value,1,1,0.9633
13915,30,1,17.7,4,1,1,6,4-1-1,Promising Newcomers,1,0,0.0132
13916,99,4,960.56,2,4,4,10,2-4-4,Dormant Spenders,0,1,0.7889
13919,60,2,623.65,3,2,4,9,3-2-4,Fading Customers,1,1,0.5357
13920,67,4,879.5,3,4,4,11,3-4-4,Loyal Mid-Tier,0,0,0.0059
13921,38,4,539.05,3,4,3,10,3-4-3,Loyal Mid-Tier,0,0,0.0024
13922,73,2,305.95,2,2,2,6,2-2-2,Fading Customers,1,0,0.4207
13927,73,1,303.05,2,1,2,5,2-1-2,Disengaged Low-Value,1,1,0.9497
13929,52,6,518.46,3,5,3,11,3-5-3,Loyal Mid-Tier,0,0,0.0083
13931,28,9,3352.39,4,5,5,14,4-5-5,High-Value Regulars,0,0,0.0021
13935,232,2,315.33,1,2,3,6,1-2-3,Occasional Browsers,1,1,0.8742
13936,18,2,528.18,4,2,3,9,4-2-3,Promising Newcomers,1,0,0.0271
13937,38,1,658.65,3,1,4,8,3-1-4,Big Spender Infrequent,1,0,0.0796
13939,67,4,801.11,3,4,4,11,3-4-4,Loyal Mid-Tier,0,0,0.0054
13941,8,6,213.24,5,5,2,12,5-5-2,Occasional Browsers,0,0,0.0125
13943,213,1,204.04,1,1,2,4,1-1-2,Disengaged Low-Value,1,1,0.9575
13944,289,1,192.87,1,1,2,4,1-1-2,Disengaged Low-Value,1,1,0.9622
13945,30,2,644.95,4,2,4,10,4-2-4,Promising Newcomers,1,0,0.0302
13946,12,3,175.6,5,3,2,10,5-3-2,Occasional Browsers,1,0,0.0342
13948,47,3,300.06,3,3,2,8,3-3-2,Fading Customers,1,0,0.028
13952,16,11,2723.81,4,5,5,14,4-5-5,High-Value Regulars,0,0,0.0022
13955,11,1,126.8,5,1,1,7,5-1-1,Promising Newcomers,1,0,0.0172
13957,53,3,339.65,3,3,3,9,3-3-3,Loyal Mid-Tier,1,0,0.061
13958,15,8,2587.91,5,5,5,15,5-5-5,High-Value Regulars,0,0,0.0018
13959,35,3,347.35,4,3,3,10,4-3-3,Loyal Mid-Tier,1,0,0.0712
13961,28,1,195.15,4,1,2,7,4-1-2,Promising Newcomers,1,0,0.0097
13962,71,1,163.5,3,1,2,6,3-1-2,Occasional Browsers,1,0,0.04
13963,3,14,1810.18,5,5,5,15,5-5-5,High-Value Regulars,0,0,0.0077
13964,23,2,310.5,4,2,2,8,4-2-2,Promising Newcomers,1,0,0.0201
13965,112,3,295.7,2,3,2,7,2-3-2,Fading Customers,1,1,0.7812
13966,71,1,263.3,3,1,2,6,3-1-2,Occasional Browsers,1,0,0.0416
13967,32,1,65.7,4,1,1,6,4-1-1,Promising Newcomers,1,0,0.0173
13968,59,1,78.3,3,1,1,5,3-1-1,Occasional Browsers,1,0,0.0524
13969,1,18,3793.78,5,5,5,15,5-5-5,High-Value Regulars,0,0,0.0083
13970,73,1,247.99,2,1,2,5,2-1-2,Disengaged Low-Value,1,1,0.9019
13971,59,6,1680.34,3,5,5,13,3-5-5,Loyal Mid-Tier,0,0,0.0045
13974,218,1,228.33,1,1,2,4,1-1-2,Disengaged Low-Value,1,1,0.9677
13975,29,6,2530.84,4,5,5,14,4-5-5,High-Value Regulars,0,0,0.0021
13976,142,3,643.18,2,3,4,9,2-3-4,Fading Customers,1,1,0.8684
13977,47,1,92.85,3,1,1,5,3-1-1,Occasional Browsers,1,0,0.0631
13979,29,6,2167.71,4,5,5,14,4-5-5,High-Value Regulars,0,0,0.0023
13980,75,4,436.18,2,4,3,9,2-4-3,Occasional Browsers,1,1,0.5885
13981,51,1,260.59,3,1,2,6,3-1-2,Occasional Browsers,1,0,0.047
13982,1,6,1587.08,5,5,5,15,5-5-5,High-Value Regulars,0,0,0.0018
13983,2,10,2311.76,5,5,5,15,5-5-5,High-Value Regulars,0,0,0.0023
13984,2,8,701.29,5,5,4,14,5-5-4,High-Value Regulars,0,0,0.0021
13985,10,7,2212.48,5,5,5,15,5-5-5,High-Value Regulars,0,0,0.0019
13987,15,2,666.64,5,2,4,11,5-2-4,Promising Newcomers,0,0,0.0052
13988,19,2,494.49,4,2,3,9,4-2-3,Promising Newcomers,1,0,0.0166
13989,100,3,670.46,2,3,4,9,2-3-4,Fading Customers,1,1,0.8431
13992,16,2,80.0,4,2,1,7,4-2-1,Promising Newcomers,1,0,0.0117
13993,15,10,2413.86,5,5,5,15,5-5-5,High-Value Regulars,0,0,0.002
13995,15,9,2136.78,5,5,5,15,5-5-5,High-Value Regulars,0,0,0.0018
13996,22,2,496.98,4,2,3,9,4-2-3,Promising Newcomers,1,0,0.0235
13997,155,2,221.66,2,2,2,6,2-2-2,Fading Customers,1,1,0.6676
13998,82,3,399.2,2,3,3,8,2-3-3,Fading Customers,1,1,0.778
13999,10,17,3265.28,5,5,5,15,5-5-5,High-Value Regulars,0,0,0.0022
14000,50,3,226.16,3,3,2,8,3-3-2,Fading Customers,1,0,0.424
14001,9,6,1021.11,5,5,4,14,5-5-4,High-Value Regulars,0,0,0.0098
14003,368,1,166.43,1,1,2,4,1-1-2,Disengaged Low-Value,1,1,0.9567
14004,29,4,1081.9,4,4,4,12,4-4-4,High-Value Regulars,0,0,0.0061
14006,164,4,491.4,2,4,3,9,2-4-3,Occasional Browsers,1,1,0.9148
14007,148,1,42.58,2,1,1,4,2-1-1,Disengaged Low-Value,1,1,0.9773
14008,68,1,509.04,3,1,3,7,3-1-3,Occasional Browsers,1,1,0.7617
14009,98,1,265.3,2,1,2,5,2-1-2,Disengaged Low-Value,1,1,0.9639
14010,201,2,243.55,1,2,2,5,1-2-2,Disengaged Low-Value,1,1,0.9817
14011,116,2,365.66,2,2,3,7,2-2-3,Fading Customers,1,1,0.5664
14013,16,2,440.25,4,2,3,9,4-2-3,Promising Newcomers,1,0,0.02
14014,12,2,384.29,5,2,3,10,5-2-3,Promising Newcomers,1,0,0.0154
14016,32,7,3795.54,4,5,5,14,4-5-5,High-Value Regulars,0,0,0.0019
14017,207,1,185.2,1,1,2,4,1-1-2,Disengaged Low-Value,1,1,0.9392
14018,281,1,186.0,1,1,2,4,1-1-2,Disengaged Low-Value,1,1,0.9449
14020,112,2,439.21,2,2,3,7,2-2-3,Fading Customers,1,1,0.7614
14021,10,4,869.17,5,4,4,13,5-4-4,High-Value Regulars,0,0,0.0045
14022,122,1,335.15,2,1,3,6,2-1-3,Occasional Browsers,1,1,0.8404
14024,26,1,190.04,4,1,2,7,4-1-2,Promising Newcomers,1,0,0.0086
14025,100,8,1003.96,2,5,4,11,2-5-4,Dormant Spenders,0,1,0.8982
14026,106,2,713.11,2,2,4,8,2-2-4,Fading Customers,1,1,0.6212
14030,2,14,3608.95,5,5,5,15,5-5-5,High-Value Regulars,0,0,0.0026
14031,1,26,4665.15,5,5,5,15,5-5-5,High-Value Regulars,0,0,0.0027
14032,2,6,1288.56,5,5,5,15,5-5-5,High-Value Regulars,0,0,0.0017
14035,42,4,643.68,3,4,4,11,3-4-4,Loyal Mid-Tier,0,0,0.0038
14037,114,4,467.76,2,4,3,9,2-4-3,Occasional Browsers,1,1,0.7138
14038,33,2,935.8,4,2,4,10,4-2-4,Promising Newcomers,0,0,0.0036
14039,211,1,6.96,1,1,1,3,1-1-1,Disengaged Low-Value,1,1,0.9719
14040,22,22,4954.69,4,5,5,14,4-5-5,High-Value Regulars,0,0,0.0024
14042,361,1,263.28,1,1,2,4,1-1-2,Disengaged Low-Value,1,1,0.9626
14043,127,2,197.2,2,2,2,6,2-2-2,Fading Customers,1,1,0.7393
14044,54,6,2059.67,3,5,5,13,3-5-5,Loyal Mid-Tier,0,0,0.0081
14047,8,10,1561.43,5,5,5,15,5-5-5,High-Value Regulars,0,0,0.0023
14048,18,1,283.69,4,1,2,7,4-1-2,Promising Newcomers,1,0,0.0115
14049,23,8,4031.16,4,5,5,14,4-5-5,High-Value Regulars,0,0,0.0092
14051,2,13,967.8,5,5,4,14,5-5-4,High-Value Regulars,0,0,0.0023
14052,26,1,165.4,4,1,2,7,4-1-2,Promising Newcomers,1,0,0.0127
14053,33,2,68.25,4,2,1,7,4-2-1,Promising Newcomers,1,0,0.0073
14055,213,2,361.75,1,2,3,6,1-2-3,Occasional Browsers,1,1,0.8938
14057,17,5,1543.22,4,4,5,13,4-4-5,High-Value Regulars,0,0,0.002
14058,98,2,298.89,2,2,2,6,2-2-2,Fading Customers,1,1,0.5741
14060,36,8,434.12,4,5,3,12,4-5-3,Loyal Mid-Tier,0,0,0.0084
14061,360,2,228.5,1,2,2,5,1-2-2,Disengaged Low-Value,1,1,0.9565
14062,10,10,1563.56,5,5,5,15,5-5-5,High-Value Regulars,0,0,0.0025
14063,322,2,62.9,1,2,1,4,1-2-1,Disengaged Low-Value,1,1,0.9516
14064,66,10,1292.21,3,5,5,13,3-5-5,Loyal Mid-Tier,0,0,0.0075
14065,25,3,628.22,4,3,4,11,4-3-4,Loyal Mid-Tier,0,0,0.0057
14068,239,3,1024.42,1,3,4,8,1-3-4,Dormant Spenders,1,1,0.9867
14069,150,2,178.86,2,2,2,6,2-2-2,Fading Customers,1,1,0.7574
14070,320,1,186.7,1,1,2,4,1-1-2,Disengaged Low-Value,1,1,0.9684
14072,302,1,187.65,1,1,2,4,1-1-2,Disengaged Low-Value,1,1,0.9454
14074,259,1,20.0,1,1,1,3,1-1-1,Disengaged Low-Value,1,1,0.9709
14075,39,2,428.76,3,2,3,8,3-2-3,Fading Customers,1,0,0.4957
14077,31,1,100.15,4,1,1,6,4-1-1,Promising Newcomers,1,0,0.0139
14078,9,4,412.68,5,4,3,12,5-4-3,Loyal Mid-Tier,0,0,0.0087
14080,49,4,446.29,3,4,3,10,3-4-3,Loyal Mid-Tier,0,0,0.0018
14081,5,9,3485.87,5,5,5,15,5-5-5,High-Value Regulars,0,0,0.0028
14082,28,1,167.96,4,1,2,7,4-1-2,Promising Newcomers,1,0,0.0096
14083,7,2,251.23,5,2,2,9,5-2-2,Promising Newcomers,1,0,0.0037
14084,148,1,56.4,2,1,1,4,2-1-1,Disengaged Low-Value,1,1,0.9619
14085,4,15,4146.37,5,5,5,15,5-5-5,High-Value Regulars,0,0,0.0021
14087,40,2,492.8,3,2,3,8,3-2-3,Fading Customers,1,0,0.0273
14088,57,1,54.4,3,1,1,5,3-1-1,Occasional Browsers,1,0,0.1079
14092,10,10,2385.02,5,5,5,15,5-5-5,High-Value Regulars,0,0,0.002
14094,75,1,234.37,2,1,2,5,2-1-2,Disengaged Low-Value,1,1,0.9476
14095,358,1,2.95,1,1,1,3,1-1-1,Disengaged Low-Value,1,1,0.9712
14097,117,2,367.46,2,2,3,7,2-2-3,Fading Customers,1,0,0.4067
14099,11,9,2538.63,5,5,5,15,5-5-5,High-Value Regulars,0,0,0.0022
14101,156,3,162.78,2,3,2,7,2-3-2,Fading Customers,1,1,0.764
14104,25,3,385.33,4,3,3,10,4-3-3,Loyal Mid-Tier,1,0,0.0284
14105,44,4,3015.5,3,4,5,12,3-4-5,Loyal Mid-Tier,0,0,0.0032
14107,84,4,1646.65,2,4,5,11,2-4-5,Dormant Spenders,0,0,0.0367
14108,367,2,339.65,1,2,3,6,1-2-3,Occasional Browsers,1,1,0.8451
14110,71,20,3015.17,3,5,5,13,3-5-5,Loyal Mid-Tier,0,0,0.0022
14112,87,6,2136.34,2,5,5,12,2-5-5,Dormant Spenders,0,1,0.6288
14113,11,8,680.1,5,5,4,14,5-5-4,High-Value Regulars,0,0,0.0023
14114,31,5,817.7,4,4,4,12,4-4-4,High-Value Regulars,0,0,0.0054
14115,137,2,240.95,2,2,2,6,2-2-2,Fading Customers,1,1,0.6814
14118,64,1,173.25,3,1,2,6,3-1-2,Occasional Browsers,1,0,0.0424
14119,11,2,117.04,5,2,1,8,5-2-1,Promising Newcomers,1,0,0.0043
14122,42,2,182.84,3,2,2,7,3-2-2,Fading Customers,1,0,0.0459
14123,369,1,423.43,1,1,3,5,1-1-3,Occasional Browsers,1,1,0.7549
14126,80,1,423.03,2,1,3,6,2-1-3,Occasional Browsers,1,1,0.7654
14127,16,3,986.37,4,3,4,11,4-3-4,Loyal Mid-Tier,0,0,0.008
14128,187,1,286.71,1,1,2,4,1-1-2,Disengaged Low-Value,1,1,0.9596
14129,35,4,791.4,4,4,4,12,4-4-4,High-Value Regulars,0,0,0.005
14130,11,3,932.84,5,3,4,12,5-3-4,Loyal Mid-Tier,0,0,0.002
14131,284,1,168.22,1,1,2,4,1-1-2,Disengaged Low-Value,1,1,0.945
14133,369,1,59.7,1,1,1,3,1-1-1,Disengaged Low-Value,1,1,0.9671
14134,43,9,1304.61,3,5,5,13,3-5-5,Loyal Mid-Tier,0,0,0.0021
14135,3,9,1058.76,5,5,4,14,5-5-4,High-Value Regulars,0,0,0.0025
14136,36,5,1332.63,4,4,5,13,4-4-5,High-Value Regulars,0,0,0.0018
14137,331,1,120.6,1,1,1,3,1-1-1,Disengaged Low-Value,1,1,0.9634
14139,126,3,556.78,2,3,3,8,2-3-3,Fading Customers,1,1,0.8725
14142,9,2,621.43,5,2,4,11,5-2-4,Promising Newcomers,0,0,0.0047
14144,122,1,30.6,2,1,1,4,2-1-1,Disengaged Low-Value,1,1,0.9565
14146,19,7,3238.79,4,5,5,14,4-5-5,High-Value Regulars,0,0,0.0027
14147,24,5,198.9,4,4,2,10,4-4-2,Occasional Browsers,0,0,0.0912
14148,50,1,181.59,3,1,2,6,3-1-2,Occasional Browsers,1,0,0.0398
14151,309,2,615.0,1,2,4,7,1-2-4,Dormant Spenders,1,1,0.9667
14152,23,5,1249.33,4,4,5,13,4-4-5,High-Value Regulars,0,0,0.0049
14153,119,1,233.4,2,1,2,5,2-1-2,Disengaged Low-Value,1,1,0.9676
14154,17,5,3000.02,4,4,5,13,4-4-5,High-Value Regulars,0,0,0.0033
14156,14,65,27585.92,5,5,5,15,5-5-5,High-Value Regulars,0,0,0.0023
14157,25,3,526.85,4,3,3,10,4-3-3,Loyal Mid-Tier,0,0,0.0074
14159,15,9,2772.3,5,5,5,15,5-5-5,High-Value Regulars,0,0,0.0027
14160,246,5,686.35,1,4,4,9,1-4-4,Dormant Spenders,1,1,0.9754
14161,5,5,1821.46,5,4,5,14,5-4-5,High-Value Regulars,0,0,0.0021
14163,98,1,16.35,2,1,1,4,2-1-1,Disengaged Low-Value,1,1,0.9471
14166,141,2,221.3,2,2,2,6,2-2-2,Fading Customers,1,1,0.7905
14167,100,4,595.85,2,4,4,10,2-4-4,Dormant Spenders,1,1,0.8513
14168,56,2,228.65,3,2,2,7,3-2-2,Fading Customers,1,1,0.5042
14169,66,2,441.91,3,2,3,8,3-2-3,Fading Customers,1,1,0.5324
14170,11,3,466.83,5,3,3,11,5-3-3,Loyal Mid-Tier,0,0,0.0058
14171,366,1,33.3,1,1,1,3,1-1-1,Disengaged Low-Value,1,1,0.9663
14172,241,3,188.82,1,3,2,6,1-3-2,Occasional Browsers,1,1,0.8688
14173,277,2,53.56,1,2,1,4,1-2-1,Disengaged Low-Value,1,1,0.9691
14175,54,5,2527.35,3,4,5,12,3-4-5,Loyal Mid-Tier,0,0,0.0081
14176,3,2,237.85,5,2,2,9,5-2-2,Promising Newcomers,0,0,0.0053
14177,17,7,823.98,4,5,4,13,4-5-4,High-Value Regulars,0,0,0.005
14180,8,9,357.08,5,5,3,13,5-5-3,Loyal Mid-Tier,0,0,0.0146
14181,46,2,295.6,3,2,2,7,3-2-2,Fading Customers,1,0,0.3812
14182,79,4,449.97,2,4,3,9,2-4-3,Occasional Browsers,1,1,0.8148
14183,47,2,218.69,3,2,2,7,3-2-2,Fading Customers,1,1,0.5833
14186,63,5,1421.39,3,4,5,12,3-4-5,Loyal Mid-Tier,0,0,0.0051
14187,109,1,94.85,2,1,1,4,2-1-1,Disengaged Low-Value,1,1,0.955
14189,4,2,602.8,5,2,4,11,5-2-4,Promising Newcomers,0,0,0.0069
14191,30,1,78.0,4,1,1,6,4-1-1,Promising Newcomers,1,0,0.0107
14192,24,1,247.84,4,1,2,7,4-1-2,Promising Newcomers,1,0,0.0091
14193,32,1,340.9,4,1,3,8,4-1-3,Promising Newcomers,1,0,0.0185
14194,28,14,5132.93,4,5,5,14,4-5-5,High-Value Regulars,0,0,0.002
14197,46,1,310.7,3,1,2,6,3-1-2,Occasional Browsers,1,0,0.0833
14198,36,5,577.13,4,4,3,11,4-4-3,Loyal Mid-Tier,0,0,0.0023
14199,59,2,90.45,3,2,1,6,3-2-1,Fading Customers,1,0,0.4291
14200,253,1,325.3,1,1,3,5,1-1-3,Occasional Browsers,1,1,0.8701
14201,45,2,277.35,3,2,2,7,3-2-2,Fading Customers,1,0,0.4364
14202,17,3,267.31,4,3,2,9,4-3-2,Occasional Browsers,1,0,0.4399
14203,33,1,94.6,4,1,1,6,4-1-1,Promising Newcomers,1,0,0.0119
14204,58,3,649.16,3,3,4,10,3-3-4,Loyal Mid-Tier,1,0,0.0061
14205,30,7,1221.93,4,5,4,13,4-5-4,High-Value Regulars,0,0,0.0064
14206,24,2,662.35,4,2,4,10,4-2-4,Promising Newcomers,1,0,0.014
14208,187,1,315.9,1,1,3,5,1-1-3,Occasional Browsers,1,1,0.7853
14209,21,9,1982.13,4,5,5,14,4-5-5,High-Value Regulars,0,0,0.002
14210,7,11,3238.26,5,5,5,15,5-5-5,High-Value Regulars,0,0,0.0021
14211,47,8,1698.64,3,5,5,13,3-5-5,Loyal Mid-Tier,0,0,0.0019
14215,4,4,1212.65,5,4,4,13,5-4-4,High-Value Regulars,0,0,0.0016
14216,50,1,206.59,3,1,2,6,3-1-2,Occasional Browsers,1,0,0.0491
14217,2,7,766.31,5,5,4,14,5-5-4,High-Value Regulars,0,0,0.0094
14219,45,2,420.84,3,2,3,8,3-2-3,Fading Customers,1,1,0.6781
14220,203,2,207.6,1,2,2,5,1-2-2,Disengaged Low-Value,1,1,0.9688
14221,85,8,2385.33,2,5,5,12,2-5-5,Dormant Spenders,0,1,0.6996
14224,26,5,452.74,4,4,3,11,4-4-3,Loyal Mid-Tier,0,0,0.0086
14225,70,4,1190.47,3,4,4,11,3-4-4,Loyal Mid-Tier,0,0,0.0052
14226,77,1,533.4,2,1,3,6,2-1-3,Occasional Browsers,1,1,0.7004
14227,50,5,2649.85,3,4,5,12,3-4-5,Loyal Mid-Tier,0,0,0.0064
14228,73,3,565.8,2,3,3,8,2-3-3,Fading Customers,1,1,0.8492
14229,39,4,502.34,3,4,3,10,3-4-3,Loyal Mid-Tier,0,0,0.0077
14230,71,3,431.26,3,3,3,9,3-3-3,Loyal Mid-Tier,1,0,0.0874
14231,86,1,309.91,2,1,2,5,2-1-2,Disengaged Low-Value,1,1,0.8641
14233,101,2,559.75,2,2,3,7,2-2-3,Fading Customers,1,1,0.7201
14235,134,4,950.87,2,4,4,10,2-4-4,Dormant Spenders,1,1,0.9761
14236,8,3,389.48,5,3,3,11,5-3-3,Loyal Mid-Tier,0,0,0.0074
14237,9,2,276.95,5,2,2,9,5-2-2,Promising Newcomers,1,0,0.0113
14238,298,2,43.6,1,2,1,4,1-2-1,Disengaged Low-Value,1,1,0.9799
14239,67,10,1625.26,3,5,5,13,3-5-5,Loyal Mid-Tier,0,0,0.0021
14240,59,1,338.2,3,1,3,7,3-1-3,Occasional Browsers,1,1,0.7283
14243,1,8,3025.04,5,5,5,15,5-5-5,High-Value Regulars,0,0,0.0084
14244,296,1,245.46,1,1,2,4,1-1-2,Disengaged Low-Value,1,1,0.972
14247,40,4,418.6,3,4,3,10,3-4-3,Loyal Mid-Tier,0,0,0.007
14248,95,2,436.13,2,2,3,7,2-2-3,Fading Customers,1,1,0.7259
14249,46,12,3090.98,3,5,5,13,3-5-5,Loyal Mid-Tier,0,0,0.0052
14252,17,1,130.99,4,1,1,6,4-1-1,Promising Newcomers,1,0,0.0119
14253,129,2,84.75,2,3,1,6,2-3-1,Fading Customers,1,1,0.7373
14254,68,1,305.83,3,1,2,6,3-1-2,Occasional Browsers,1,0,0.0442
14256,127,2,1170.78,2,3,4,9,2-3-4,Fading Customers,1,1,0.5961
14257,16,4,2001.53,4,4,5,13,4-4-5,High-Value Regulars,0,0,0.0047
14258,135,8,378.8,2,5,3,10,2-5-3,Occasional Browsers,0,0,0.2173
14260,107,3,698.2,2,3,4,9,2-3-4,Fading Customers,1,1,0.8293
14263,59,1,322.93,3,1,3,7,3-1-3,Occasional Browsers,1,1,0.8196
14264,15,4,769.29,5,4,4,13,5-4-4,High-Value Regulars,0,0,0.0035
14265,100,2,633.25,2,3,4,9,2-3-4,Fading Customers,1,1,0.8098
14268,106,1,338.95,2,1,3,6,2-1-3,Occasional Browsers,1,1,0.8663
14269,75,1,180.33,2,1,2,5,2-1-2,Disengaged Low-Value,1,1,0.9051
14271,45,1,101.86,3,1,1,5,3-1-1,Occasional Browsers,1,0,0.0647
14272,198,2,424.42,1,3,3,7,1-3-3,Occasional Browsers,1,1,0.896
14274,322,1,256.6,1,1,2,4,1-1-2,Disengaged Low-Value,1,1,0.9576
14275,31,5,116.18,4,4,1,9,4-4-1,Occasional Browsers,1,0,0.2382
14276,43,4,794.54,3,4,4,11,3-4-4,Loyal Mid-Tier,0,0,0.004
14277,47,4,621.5,3,4,4,11,3-4-4,Loyal Mid-Tier,0,0,0.0022
14278,45,1,154.83,3,1,1,5,3-1-1,Occasional Browsers,1,0,0.0444
14281,44,1,103.65,3,1,1,5,3-1-1,Occasional Browsers,1,0,0.0721
14282,3,9,938.4,5,5,4,14,5-5-4,High-Value Regulars,0,0,0.0106
14283,99,4,558.64,2,4,3,9,2-4-3,Occasional Browsers,1,1,0.9155
14284,289,1,476.99,1,1,3,5,1-1-3,Occasional Browsers,1,1,0.7665
14285,149,3,248.91,2,3,2,7,2-3-2,Fading Customers,1,1,0.5615
14286,40,4,2858.55,3,4,5,12,3-4-5,Loyal Mid-Tier,0,0,0.0042
14290,49,3,697.41,3,3,4,10,3-3-4,Loyal Mid-Tier,0,0,0.0018
14291,16,11,3148.45,4,5,5,14,4-5-5,High-Value Regulars,0,0,0.0018
14292,46,6,1007.58,3,5,4,12,3-5-4,Loyal Mid-Tier,0,0,0.0063
14293,4,6,923.32,5,5,4,14,5-5-4,High-Value Regulars,0,0,0.0017
14294,43,1,358.34,3,1,3,7,3-1-3,Occasional Browsers,1,1,0.8467
14295,74,3,1009.76,2,3,4,9,2-3-4,Fading Customers,0,0,0.0189
14296,57,2,372.05,3,3,3,9,3-3-3,Loyal Mid-Tier,1,0,0.0425
14298,11,29,14819.2,5,5,5,15,5-5-5,High-Value Regulars,0,0,0.0023
14299,1,18,1669.8,5,5,5,15,5-5-5,High-Value Regulars,0,0,0.0025
14301,52,3,425.89,3,3,3,9,3-3-3,Loyal Mid-Tier,1,0,0.0712
14302,66,2,415.3,3,3,3,9,3-3-3,Loyal Mid-Tier,1,0,0.0441
14303,43,2,277.94,3,3,2,8,3-3-2,Fading Customers,1,0,0.2978
14304,15,2,1077.2,5,3,4,12,5-3-4,Loyal Mid-Tier,0,0,0.0049
14306,313,1,119.16,1,1,1,3,1-1-1,Disengaged Low-Value,1,1,0.9624
14307,9,5,1769.28,5,4,5,14,5-4-5,High-Value Regulars,0,0,0.0019
14309,49,2,906.96,3,3,4,10,3-3-4,Loyal Mid-Tier,1,0,0.0269
14310,68,1,452.5,3,1,3,7,3-1-3,Occasional Browsers,1,1,0.6709
14311,203,1,146.79,1,1,1,3,1-1-1,Disengaged Low-Value,1,1,0.9083
14312,14,5,1086.69,5,4,4,13,5-4-4,High-Value Regulars,0,0,0.008
14314,66,1,15.0,3,1,1,5,3-1-1,Occasional Browsers,1,0,0.0761
14315,200,2,389.09,1,3,3,7,1-3-3,Occasional Browsers,1,1,0.9134
14316,58,5,236.94,3,4,2,9,3-4-2,Occasional Browsers,1,0,0.3911
14318,96,1,144.1,2,1,1,4,2-1-1,Disengaged Low-Value,1,1,0.9656
14319,60,1,473.85,3,1,3,7,3-1-3,Occasional Browsers,1,1,0.6375
14320,182,3,612.81,1,3,4,8,1-3-4,Dormant Spenders,1,1,0.9645
14321,67,2,543.76,3,3,3,9,3-3-3,Loyal Mid-Tier,1,0,0.0465
14322,65,4,207.7,3,4,2,9,3-4-2,Occasional Browsers,1,0,0.2452
14324,45,2,577.11,3,3,3,9,3-3-3,Loyal Mid-Tier,1,0,0.0053
14325,205,1,198.08,1,1,2,4,1-1-2,Disengaged Low-Value,1,1,0.9671
14326,99,2,662.01,2,3,4,9,2-3-4,Fading Customers,1,1,0.8495
14327,18,5,1453.42,4,4,5,13,4-4-5,High-Value Regulars,0,0,0.002
14329,11,8,3872.79,5,5,5,15,5-5-5,High-Value Regulars,0,0,0.0017
14330,259,1,200.63,1,1,2,4,1-1-2,Disengaged Low-Value,1,1,0.9568
14332,17,2,545.9,4,3,3,10,4-3-3,Loyal Mid-Tier,1,0,0.0857
14334,61,4,1325.29,3,4,5,12,3-4-5,Loyal Mid-Tier,0,0,0.0075
14338,172,1,269.8,2,1,2,5,2-1-2,Disengaged Low-Value,1,1,0.9617
14339,64,1,76.35,3,1,1,5,3-1-1,Occasional Browsers,1,0,0.0474
14341,56,10,1900.4,3,5,5,13,3-5-5,Loyal Mid-Tier,0,0,0.0018
14342,108,1,128.43,2,1,1,4,2-1-1,Disengaged Low-Value,1,1,0.9507
14343,57,4,1004.46,3,4,4,11,3-4-4,Loyal Mid-Tier,0,0,0.0065
14344,3,13,1726.12,5,5,5,15,5-5-5,High-Value Regulars,0,0,0.0101
14346,61,3,908.39,3,3,4,10,3-3-4,Loyal Mid-Tier,0,0,0.0052
14347,372,1,66.7,1,1,1,3,1-1-1,Disengaged Low-Value,1,1,0.9568
14350,16,2,509.59,4,3,3,10,4-3-3,Loyal Mid-Tier,1,0,0.0902
14353,46,2,225.44,3,3,2,8,3-3-2,Fading Customers,1,0,0.4543
14355,1,3,808.25,5,3,4,12,5-3-4,Loyal Mid-Tier,0,0,0.0047
14358,25,2,354.16,4,3,3,10,4-3-3,Loyal Mid-Tier,1,0,0.054
14361,214,1,162.28,1,1,2,4,1-1-2,Disengaged Low-Value,1,1,0.9513
14363,38,2,51.72,3,3,1,7,3-3-1,Fading Customers,1,0,0.4107
14365,30,2,594.88,4,3,4,11,4-3-4,Loyal Mid-Tier,1,0,0.0047
14369,278,2,380.23,1,3,3,7,1-3-3,Occasional Browsers,1,1,0.8813
14370,124,5,543.83,2,4,3,9,2-4-3,Occasional Browsers,1,1,0.8353
14372,79,2,469.48,2,3,3,8,2-3-3,Fading Customers,1,1,0.7055
14374,177,1,29.4,2,1,1,4,2-1-1,Disengaged Low-Value,1,1,0.9663
14375,86,2,556.16,2,3,3,8,2-3-3,Fading Customers,1,1,0.6807
14376,319,1,173.81,1,1,2,4,1-1-2,Disengaged Low-Value,1,1,0.9734
14378,257,1,118.5,1,1,1,3,1-1-1,Disengaged Low-Value,1,1,0.9452
14379,29,2,593.46,4,3,4,11,4-3-4,Loyal Mid-Tier,1,0,0.0639
14381,87,1,423.26,2,1,3,6,2-1-3,Occasional Browsers,1,1,0.8297
14382,26,1,511.32,4,1,3,8,4-1-3,Promising Newcomers,1,0,0.0275
14384,136,1,58.5,2,1,1,4,2-1-1,Disengaged Low-Value,1,1,0.9628
14388,8,9,3110.45,5,5,5,15,5-5-5,High-Value Regulars,0,0,0.0021
14389,60,3,683.6,3,3,4,10,3-3-4,Loyal Mid-Tier,1,0,0.0592
14390,8,5,1144.41,5,4,4,13,5-4-4,High-Value Regulars,0,0,0.0065
14391,212,1,135.6,1,1,1,3,1-1-1,Disengaged Low-Value,1,1,0.9702
14392,68,1,206.7,3,1,2,6,3-1-2,Occasional Browsers,1,0,0.0435
14394,200,1,76.8,1,1,1,3,1-1-1,Disengaged Low-Value,1,1,0.9648
14395,8,11,3648.05,5,5,5,15,5-5-5,High-Value Regulars,0,0,0.0072
14396,7,6,1322.04,5,5,5,15,5-5-5,High-Value Regulars,0,0,0.0022
14398,37,2,574.94,3,3,3,9,3-3-3,Loyal Mid-Tier,1,0,0.0852
14399,30,8,1419.66,4,5,5,14,4-5-5,High-Value Regulars,0,0,0.0018
14400,44,2,655.93,3,3,4,10,3-3-4,Loyal Mid-Tier,1,0,0.0278
14401,60,9,751.18,3,5,4,12,3-5-4,Loyal Mid-Tier,0,0,0.0025
14402,288,1,105.6,1,1,1,3,1-1-1,Disengaged Low-Value,1,1,0.9649
14404,5,7,793.11,5,5,4,14,5-5-4,High-Value Regulars,0,0,0.0022
14408,368,1,131.4,1,1,1,3,1-1-1,Disengaged Low-Value,1,1,0.9492
14409,16,3,527.7,4,3,3,10,4-3-3,Loyal Mid-Tier,0,0,0.0064
14410,12,2,1265.91,5,3,5,13,5-3-5,Loyal Mid-Tier,0,0,0.0151
14412,60,1,489.06,3,1,3,7,3-1-3,Occasional Browsers,1,0,0.3841
14413,46,2,267.27,3,3,2,8,3-3-2,Fading Customers,1,0,0.0239
14414,10,1,286.8,5,1,2,8,5-1-2,Promising Newcomers,1,0,0.0099
14415,15,10,5182.23,5,5,5,15,5-5-5,High-Value Regulars,0,0,0.0025
14417,23,1,400.99,4,1,3,8,4-1-3,Promising Newcomers,1,0,0.0185
14419,18,1,202.85,4,1,2,7,4-1-2,Promising Newcomers,1,0,0.0128
14420,32,3,863.98,4,3,4,11,4-3-4,Loyal Mid-Tier,0,0,0.0016
14421,148,3,973.24,2,3,4,9,2-3-4,Fading Customers,1,1,0.7771
14422,10,13,4855.73,5,5,5,15,5-5-5,High-Value Regulars,0,0,0.0019
14423,73,1,141.65,2,1,1,4,2-1-1,Disengaged Low-Value,1,1,0.918
14425,70,3,633.55,3,3,4,10,3-3-4,Loyal Mid-Tier,1,0,0.006
14426,39,7,5000.02,3,5,5,13,3-5-5,Loyal Mid-Tier,0,0,0.012
14427,130,2,433.48,2,3,3,8,2-3-3,Fading Customers,1,1,0.7886
14429,39,1,400.08,3,1,3,7,3-1-3,Occasional Browsers,1,1,0.6735
14430,147,3,660.2,2,3,4,9,2-3-4,Fading Customers,1,1,0.8815
14431,15,3,716.15,5,3,4,12,5-3-4,Loyal Mid-Tier,0,0,0.0014
14433,101,1,235.85,2,1,2,5,2-1-2,Disengaged Low-Value,1,1,0.955
14436,189,1,30.0,1,1,1,3,1-1-1,Disengaged Low-Value,1,1,0.9649
14437,1,5,531.2,5,4,3,12,5-4-3,Loyal Mid-Tier,0,0,0.0073
14439,79,4,598.4,2,4,4,10,2-4-4,Dormant Spenders,1,0,0.4305
14440,1,6,1024.9,5,5,4,14,5-5-4,High-Value Regulars,0,0,0.002
14441,10,6,1236.9,5,5,4,14,5-5-4,High-Value Regulars,0,0,0.002
14442,50,4,1120.55,3,4,4,11,3-4-4,Loyal Mid-Tier,0,0,0.0025
14443,4,2,858.57,5,3,4,12,5-3-4,Loyal Mid-Tier,0,0,0.0053
14444,92,1,78.96,2,1,1,4,2-1-1,Disengaged Low-Value,1,1,0.937
14445,91,1,221.65,2,1,2,5,2-1-2,Disengaged Low-Value,1,1,0.9633
14446,22,1,155.63,4,1,1,6,4-1-1,Promising Newcomers,1,0,0.0097
14447,36,1,511.6,4,1,3,8,4-1-3,Promising Newcomers,1,0,0.0138
14449,8,5,1398.5,5,4,5,14,5-4-5,High-Value Regulars,0,0,0.0075
14450,15,4,559.34,5,4,3,12,5-4-3,Loyal Mid-Tier,0,0,0.0078
14451,25,10,2393.78,4,5,5,14,4-5-5,High-Value Regulars,0,0,0.002
14452,31,2,341.7,4,3,3,10,4-3-3,Loyal Mid-Tier,1,0,0.0555
14454,12,5,778.8,5,4,4,13,5-4-4,High-Value Regulars,0,0,0.0021
14455,68,4,435.32,3,4,3,10,3-4-3,Loyal Mid-Tier,1,0,0.0586
14458,16,1,171.25,4,1,2,7,4-1-2,Promising Newcomers,1,0,0.0068
14459,287,1,556.08,1,1,3,5,1-1-3,Occasional Browsers,1,1,0.7887
14460,49,4,394.74,3,4,3,10,3-4-3,Loyal Mid-Tier,1,0,0.0058
14461,18,9,3557.48,4,5,5,14,4-5-5,High-Value Regulars,0,0,0.0024
14462,68,1,176.34,3,1,2,6,3-1-2,Occasional Browsers,1,0,0.0508
14464,204,1,51.0,1,1,1,3,1-1-1,Disengaged Low-Value,1,1,0.974
14465,64,8,713.4,3,5,4,12,3-5-4,Loyal Mid-Tier,0,0,0.005
14466,8,7,1602.3,5,5,5,15,5-5-5,High-Value Regulars,0,0,0.0019
14467,25,8,1577.38,4,5,5,14,4-5-5,High-Value Regulars,0,0,0.0018
14468,369,1,86.65,1,1,1,3,1-1-1,Disengaged Low-Value,1,1,0.9601
14469,52,4,1500.2,3,4,5,12,3-4-5,Loyal Mid-Tier,0,0,0.009
14470,66,1,117.2,3,1,1,5,3-1-1,Occasional Browsers,1,0,0.0515
14471,227,2,390.3,1,3,3,7,1-3-3,Occasional Browsers,1,1,0.8781
14472,325,1,211.5,1,1,2,4,1-1-2,Disengaged Low-Value,1,1,0.958
14474,215,1,633.28,1,1,4,6,1-1-4,Dormant Spenders,1,1,0.945
14475,44,1,106.7,3,1,1,5,3-1-1,Occasional Browsers,1,0,0.04
14478,18,4,543.5,4,4,3,11,4-4-3,Loyal Mid-Tier,0,0,0.0016
14479,1,3,873.46,5,3,4,12,5-3-4,Loyal Mid-Tier,0,0,0.0019
14480,38,3,900.37,3,3,4,10,3-3-4,Loyal Mid-Tier,0,0,0.0016
14481,43,3,1238.92,3,3,5,11,3-3-5,Loyal Mid-Tier,0,0,0.0048
14482,15,4,475.86,5,4,3,12,5-4-3,Loyal Mid-Tier,0,0,0.0092
14483,372,1,120.0,1,1,1,3,1-1-1,Disengaged Low-Value,1,1,0.9609
14484,37,3,626.78,3,3,4,10,3-3-4,Loyal Mid-Tier,0,0,0.002
14486,147,2,58.5,2,3,1,6,2-3-1,Fading Customers,1,1,0.7832
14487,4,2,162.14,5,3,2,10,5-3-2,Occasional Browsers,1,1,0.6266
14489,73,3,931.85,2,3,4,9,2-3-4,Fading Customers,1,1,0.7599
14490,42,2,1114.79,3,3,4,10,3-3-4,Loyal Mid-Tier,0,0,0.0073
14491,8,1,32.7,5,1,1,7,5-1-1,Promising Newcomers,1,0,0.0232
14492,66,6,1399.18,3,5,5,13,3-5-5,Loyal Mid-Tier,0,0,0.0066
14493,26,5,2040.95,4,4,5,13,4-4-5,High-Value Regulars,0,0,0.0068
14494,37,1,147.6,3,1,1,5,3-1-1,Occasional Browsers,1,0,0.0408
14496,9,6,1143.58,5,5,4,14,5-5-4,High-Value Regulars,0,0,0.0063
14497,309,1,147.09,1,1,1,3,1-1-1,Disengaged Low-Value,1,1,0.9456
14498,37,5,1247.14,3,4,5,12,3-4-5,Loyal Mid-Tier,0,0,0.0091
14499,10,4,1262.7,5,4,5,14,5-4-5,High-Value Regulars,0,0,0.009
14505,40,11,4911.67,3,5,5,13,3-5-5,Loyal Mid-Tier,0,0,0.0033
14506,5,3,656.33,5,3,4,12,5-3-4,Loyal Mid-Tier,0,0,0.0073
14507,14,5,1514.36,5,4,5,14,5-4-5,High-Value Regulars,0,0,0.0019
14508,12,3,440.67,5,3,3,11,5-3-3,Loyal Mid-Tier,0,0,0.0071
14509,170,1,101.0,2,1,1,4,2-1-1,Disengaged Low-Value,1,1,0.9785
14510,11,3,600.69,5,3,4,12,5-3-4,Loyal Mid-Tier,0,0,0.0068
14512,19,5,665.19,4,4,4,12,4-4-4,High-Value Regulars,0,0,0.0022
14513,204,1,20.4,1,1,1,3,1-1-1,Disengaged Low-Value,1,1,0.9651
14514,72,6,2426.49,2,5,5,12,2-5-5,Dormant Spenders,0,0,0.0505
14515,23,6,663.99,4,5,4,13,4-5-4,High-Value Regulars,0,0,0.0072
14516,152,1,142.67,2,1,1,4,2-1-1,Disengaged Low-Value,1,1,0.9688
14519,319,2,203.14,1,3,2,6,1-3-2,Occasional Browsers,1,1,0.7598
14521,127,1,172.84,2,1,2,5,2-1-2,Disengaged Low-Value,1,1,0.9545
14522,231,3,286.7,1,3,2,6,1-3-2,Occasional Browsers,1,1,0.7388
14524,45,4,776.52,3,4,4,11,3-4-4,Loyal Mid-Tier,0,0,0.0057
14525,64,8,1726.17,3,5,5,13,3-5-5,Loyal Mid-Tier,0,0,0.0022
14526,25,1,242.75,4,1,2,7,4-1-2,Promising Newcomers,1,0,0.0119
14527,1,68,9674.74,5,5,5,15,5-5-5,High-Value Regulars,0,0,0.0027
14530,32,10,2007.58,4,5,5,14,4-5-5,High-Value Regulars,0,0,0.0021
14531,115,1,348.39,2,1,3,6,2-1-3,Occasional Browsers,1,1,0.7681
14532,47,7,1421.68,3,5,5,13,3-5-5,Loyal Mid-Tier,0,0,0.0021
14533,43,3,133.71,3,3,1,7,3-3-1,Fading Customers,1,0,0.338
14534,33,7,1432.96,4,5,5,14,4-5-5,High-Value Regulars,0,0,0.0076
14535,31,6,2330.24,4,5,5,14,4-5-5,High-Value Regulars,0,0,0.0098
14537,259,1,135.9,1,1,1,3,1-1-1,Disengaged Low-Value,1,1,0.9492
14538,166,3,263.14,2,3,2,7,2-3-2,Fading Customers,1,1,0.8351
14540,15,8,1841.8,5,5,5,15,5-5-5,High-Value Regulars,0,0,0.0024
14541,52,6,825.08,3,5,4,12,3-5-4,Loyal Mid-Tier,0,0,0.0024
14543,16,15,608.6,4,5,4,13,4-5-4,High-Value Regulars,0,0,0.0034
14544,106,1,461.94,2,1,3,6,2-1-3,Occasional Browsers,1,1,0.8337
14545,310,1,308.75,1,1,2,4,1-1-2,Disengaged Low-Value,1,1,0.9418
14546,12,6,2353.91,5,5,5,15,5-5-5,High-Value Regulars,0,0,0.0023
14548,206,6,680.24,1,5,4,10,1-5-4,Dormant Spenders,1,1,0.9738
14549,56,3,562.71,3,3,3,9,3-3-3,Loyal Mid-Tier,1,0,0.0066
14550,24,2,411.64,4,3,3,10,4-3-3,Loyal Mid-Tier,1,0,0.0657
14551,47,5,461.01,3,4,3,10,3-4-3,Loyal Mid-Tier,0,0,0.0049
14552,16,2,335.76,4,3,3,10,4-3-3,Loyal Mid-Tier,1,0,0.0275
14553,47,4,693.28,3,4,4,11,3-4-4,Loyal Mid-Tier,0,0,0.0049
14555,17,4,1395.9,4,4,5,13,4-4-5,High-Value Regulars,0,0,0.0021
14556,232,3,728.49,1,3,4,8,1-3-4,Dormant Spenders,1,1,0.9692
14558,290,2,90.0,1,3,1,5,1-3-1,Occasional Browsers,1,1,0.898
14560,23,17,1219.31,4,5,4,13,4-5-4,High-Value Regulars,0,0,0.0023
14562,26,8,1342.82,4,5,5,14,4-5-5,High-Value Regulars,0,0,0.0019
14563,145,2,289.61,2,3,2,7,2-3-2,Fading Customers,1,1,0.632
14564,70,2,1614.72,3,3,5,11,3-3-5,Loyal Mid-Tier,1,0,0.006
14565,109,1,467.35,2,1,3,6,2-1-3,Occasional Browsers,1,1,0.6482
14568,71,1,599.2,3,1,4,8,3-1-4,Big Spender Infrequent,1,0,0.0733
14569,88,3,172.74,2,3,2,7,2-3-2,Fading Customers,1,1,0.5612
14570,79,1,166.74,2,1,2,5,2-1-2,Disengaged Low-Value,1,1,0.9551
14571,61,1,111.7,3,1,1,5,3-1-1,Occasional Browsers,1,0,0.0545
14572,53,4,1813.94,3,4,5,12,3-4-5,Loyal Mid-Tier,0,0,0.0174
14573,8,4,522.36,5,4,3,12,5-4-3,Loyal Mid-Tier,0,0,0.0021
14574,368,1,73.95,1,1,1,3,1-1-1,Disengaged Low-Value,1,1,0.9473
14575,124,1,341.52,2,1,3,6,2-1-3,Occasional Browsers,1,1,0.8339
14576,8,1,35.4,5,1,1,7,5-1-1,Promising Newcomers,1,0,0.0139
14577,30,3,450.8,4,3,3,10,4-3-3,Loyal Mid-Tier,1,0,0.0061
14579,68,1,89.66,3,1,1,5,3-1-1,Occasional Browsers,1,0,0.0479
14580,154,1,14.85,2,1,1,4,2-1-1,Disengaged Low-Value,1,1,0.9672
14581,180,1,175.9,1,1,2,4,1-1-2,Disengaged Low-Value,1,1,0.9627
14583,19,3,613.58,4,3,4,11,4-3-4,Loyal Mid-Tier,0,0,0.0081
14584,57,4,676.45,3,4,4,11,3-4-4,Loyal Mid-Tier,0,0,0.0044
14585,18,4,543.87,4,4,3,11,4-4-3,Loyal Mid-Tier,0,0,0.0086
14588,214,1,122.64,1,1,1,3,1-1-1,Disengaged Low-Value,1,1,0.9697
14590,60,19,1334.57,3,5,5,13,3-5-5,Loyal Mid-Tier,0,0,0.0026
14593,33,9,2452.37,4,5,5,14,4-5-5,High-Value Regulars,0,0,0.0024
14594,9,1,214.15,5,1,2,8,5-1-2,Promising Newcomers,1,0,0.0078
14595,89,2,423.85,2,3,3,8,2-3-3,Fading Customers,1,1,0.655
14596,262,1,182.27,1,1,2,4,1-1-2,Disengaged Low-Value,1,1,0.9589
14597,15,3,215.97,5,3,2,10,5-3-2,Occasional Browsers,1,1,0.6858
14598,205,1,162.07,1,1,2,4,1-1-2,Disengaged Low-Value,1,1,0.946
14599,26,2,441.44,4,3,3,10,4-3-3,Loyal Mid-Tier,1,0,0.0483
14600,29,1,448.38,4,1,3,8,4-1-3,Promising Newcomers,1,0,0.0249
14602,292,1,192.61,1,1,2,4,1-1-2,Disengaged Low-Value,1,1,0.9738
14604,269,1,94.76,1,1,1,3,1-1-1,Disengaged Low-Value,1,1,0.9587
14605,10,4,611.31,5,4,4,13,5-4-4,High-Value Regulars,0,0,0.0017
14606,2,96,13766.65,5,5,5,15,5-5-5,High-Value Regulars,0,0,0.0022
14607,173,6,1417.26,2,5,5,12,2-5-5,Dormant Spenders,0,1,0.9149
14608,15,4,164.5,5,4,2,11,5-4-2,Occasional Browsers,1,0,0.2432
14610,31,2,24.35,4,3,1,8,4-3-1,Occasional Browsers,1,1,0.7381
14611,79,2,414.95,2,3,3,8,2-3-3,Fading Customers,1,1,0.5473
14612,51,1,92.6,3,1,1,5,3-1-1,Occasional Browsers,1,0,0.0522
14614,22,1,295.13,4,1,2,7,4-1-2,Promising Newcomers,1,0,0.0104
14615,30,5,758.81,4,4,4,12,4-4-4,High-Value Regulars,0,0,0.0062
14617,38,2,136.39,3,3,1,7,3-3-1,Fading Customers,1,0,0.4708
14618,12,4,436.21,5,4,3,12,5-4-3,Loyal Mid-Tier,0,0,0.0065
14619,177,1,578.35,2,1,3,6,2-1-3,Occasional Browsers,1,1,0.7949
14621,147,4,1049.41,2,4,4,10,2-4-4,Dormant Spenders,1,1,0.9568
14623,16,5,831.88,4,4,4,12,4-4-4,High-Value Regulars,0,0,0.0057
14624,51,4,489.13,3,4,3,10,3-4-3,Loyal Mid-Tier,0,0,0.0055
14625,10,8,2786.05,5,5,5,15,5-5-5,High-Value Regulars,0,0,0.002
14626,31,7,1382.73,4,5,5,14,4-5-5,High-Value Regulars,0,0,0.0018
14627,15,1,423.15,5,1,3,9,5-1-3,Promising Newcomers,1,0,0.029
14628,78,3,952.1,2,3,4,9,2-3-4,Fading Customers,1,0,0.4513
14630,120,1,199.3,2,1,2,5,2-1-2,Disengaged Low-Value,1,1,0.97
14631,22,3,718.03,4,3,4,11,4-3-4,Loyal Mid-Tier,0,0,0.0055
14634,73,3,1485.84,2,3,5,10,2-3-5,Fading Customers,0,0,0.3356
14635,89,1,186.22,2,1,2,5,2-1-2,Disengaged Low-Value,1,1,0.9065
14637,313,1,106.68,1,1,1,3,1-1-1,Disengaged Low-Value,1,1,0.9647
14639,44,3,1648.63,3,3,5,11,3-3-5,Loyal Mid-Tier,0,0,0.0058
14640,45,4,1451.78,3,4,5,12,3-4-5,Loyal Mid-Tier,0,0,0.0035
14643,253,3,308.3,1,3,2,6,1-3-2,Occasional Browsers,1,1,0.7109
14644,53,3,318.65,3,3,3,9,3-3-3,Loyal Mid-Tier,1,0,0.0049
14645,270,1,216.9,1,1,2,4,1-1-2,Disengaged Low-Value,1,1,0.9674
14646,10,28,2560.13,5,5,5,15,5-5-5,High-Value Regulars,0,0,0.0023
14647,159,1,170.25,2,1,2,5,2-1-2,Disengaged Low-Value,1,1,0.9649
14648,52,15,3104.03,3,5,5,13,3-5-5,Loyal Mid-Tier,0,0,0.0021
14649,18,5,1391.22,4,4,5,13,4-4-5,High-Value Regulars,0,0,0.0023
14650,224,1,39.0,1,1,1,3,1-1-1,Disengaged Low-Value,1,1,0.941
14651,30,7,919.92,4,5,4,13,4-5-4,High-Value Regulars,0,0,0.0081
14653,149,4,1025.15,2,4,4,10,2-4-4,Dormant Spenders,1,1,0.877
14654,374,1,216.62,1,1,2,4,1-1-2,Disengaged Low-Value,1,1,0.967
14655,24,3,462.58,4,3,3,10,4-3-3,Loyal Mid-Tier,0,0,0.004
14656,51,3,335.2,3,3,3,9,3-3-3,Loyal Mid-Tier,1,0,0.0325
14657,65,2,531.32,3,3,3,9,3-3-3,Loyal Mid-Tier,1,0,0.0492
14662,63,3,491.41,3,3,3,9,3-3-3,Loyal Mid-Tier,1,0,0.0065
14663,66,2,357.43,3,3,3,9,3-3-3,Loyal Mid-Tier,1,0,0.0524
14665,63,2,644.7,3,3,4,10,3-3-4,Loyal Mid-Tier,1,0,0.0434
14667,1,30,7578.92,5,5,5,15,5-5-5,High-Value Regulars,0,0,0.0022
14668,81,1,32.13,2,1,1,4,2-1-1,Disengaged Low-Value,1,1,0.9432
14669,269,4,1779.81,1,4,5,10,1-4-5,Dormant Spenders,0,1,0.9498
14670,368,1,174.02,1,1,2,4,1-1-2,Disengaged Low-Value,1,1,0.9282
14671,185,2,775.05,1,3,4,8,1-3-4,Dormant Spenders,1,1,0.9722
14672,151,2,232.44,2,3,2,7,2-3-2,Fading Customers,1,1,0.6696
14673,3,3,1405.91,5,3,5,13,5-3-5,Loyal Mid-Tier,0,0,0.0074
14674,145,1,131.16,2,1,1,4,2-1-1,Disengaged Low-Value,1,1,0.9552
14675,24,1,350.37,4,1,3,8,4-1-3,Promising Newcomers,1,0,0.0123
14676,80,3,271.2,2,3,2,7,2-3-2,Fading Customers,1,0,0.4159
14677,228,1,184.91,1,1,2,4,1-1-2,Disengaged Low-Value,1,1,0.956
14678,215,1,328.69,1,1,3,5,1-1-3,Occasional Browsers,1,1,0.8611
14679,17,3,789.68,4,3,4,11,4-3-4,Loyal Mid-Tier,0,0,0.0016
14680,7,37,9957.57,5,5,5,15,5-5-5,High-Value Regulars,0,0,0.0023
14681,23,3,147.9,4,3,1,8,4-3-1,Occasional Browsers,1,0,0.2113
14682,64,4,1269.33,3,4,5,12,3-4-5,Loyal Mid-Tier,0,0,0.0048
14683,224,1,103.58,1,1,1,3,1-1-1,Disengaged Low-Value,1,1,0.9712
14684,26,1,211.57,4,1,2,7,4-1-2,Promising Newcomers,1,0,0.0091
14685,212,6,1741.37,1,5,5,11,1-5-5,Dormant Spenders,0,1,0.9721
14686,50,5,784.78,3,4,4,11,3-4-4,Loyal Mid-Tier,0,0,0.0062
14687,36,2,286.66,4,3,2,9,4-3-2,Occasional Browsers,1,1,0.5501
14688,9,8,1269.78,5,5,5,15,5-5-5,High-Value Regulars,0,0,0.0076
14690,28,2,286.78,4,3,2,9,4-3-2,Occasional Browsers,1,0,0.4996
14692,16,8,662.24,4,5,4,13,4-5-4,High-Value Regulars,0,0,0.0078
14693,61,6,413.26,3,5,3,11,3-5-3,Loyal Mid-Tier,0,0,0.0135
14694,253,1,216.44,1,1,2,4,1-1-2,Disengaged Low-Value,1,1,0.951
14695,155,3,890.29,2,3,4,9,2-3-4,Fading Customers,1,1,0.7226
14696,9,2,566.93,5,3,3,11,5-3-3,Loyal Mid-Tier,0,0,0.008
14699,71,3,537.77,3,3,3,9,3-3-3,Loyal Mid-Tier,1,0,0.0857
14700,51,2,659.86,3,3,4,10,3-3-4,Loyal Mid-Tier,1,0,0.0803
14701,78,6,1327.01,2,5,5,12,2-5-5,Dormant Spenders,0,1,0.525
14702,1,13,2747.14,5,5,5,15,5-5-5,High-Value Regulars,0,0,0.0022
14704,60,2,237.71,3,3,2,8,3-3-2,Fading Customers,1,1,0.5567
14706,254,1,267.19,1,1,2,4,1-1-2,Disengaged Low-Value,1,1,0.9632
14708,4,2,229.92,5,3,2,10,5-3-2,Occasional Browsers,0,0,0.1447
14709,15,12,1754.9,5,5,5,15,5-5-5,High-Value Regulars,0,0,0.0022
14710,15,9,1202.51,5,5,4,14,5-5-4,High-Value Regulars,0,0,0.0021
14713,1,11,2424.41,5,5,5,15,5-5-5,High-Value Regulars,0,0,0.0025
14714,43,3,633.95,3,3,4,10,3-3-4,Loyal Mid-Tier,0,0,0.0019
14715,156,3,443.82,2,3,3,8,2-3-3,Fading Customers,1,1,0.8122
14716,80,1,202.87,2,1,2,5,2-1-2,Disengaged Low-Value,1,1,0.8868
14717,369,1,71.35,1,1,1,3,1-1-1,Disengaged Low-Value,1,1,0.9694
14718,46,1,139.9,3,1,1,5,3-1-1,Occasional Browsers,1,0,0.0484
14721,15,1,100.57,5,1,1,7,5-1-1,Promising Newcomers,1,0,0.0104
14722,113,2,259.4,2,3,2,7,2-3-2,Fading Customers,1,1,0.6709
14723,7,7,877.04,5,5,4,14,5-5-4,High-Value Regulars,0,0,0.002
14724,226,1,276.15,1,1,2,4,1-1-2,Disengaged Low-Value,1,1,0.9486
14725,30,3,458.86,4,3,3,10,4-3-3,Loyal Mid-Tier,1,0,0.0699
14726,290,1,106.55,1,1,1,3,1-1-1,Disengaged Low-Value,1,1,0.9652
14727,182,2,168.15,1,3,2,6,1-3-2,Occasional Browsers,1,1,0.7028
14728,49,1,160.73,3,1,1,5,3-1-1,Occasional Browsers,1,0,0.0391
14729,9,3,533.69,5,3,3,11,5-3-3,Loyal Mid-Tier,0,0,0.0062
14732,28,11,1749.23,4,5,5,14,4-5-5,High-Value Regulars,0,0,0.0022
14733,3,3,1235.52,5,3,4,12,5-3-4,Loyal Mid-Tier,0,0,0.0087
14734,61,4,897.72,3,4,4,11,3-4-4,Loyal Mid-Tier,0,0,0.0066
14735,24,21,2290.93,4,5,5,14,4-5-5,High-Value Regulars,0,0,0.0027
14736,121,2,249.2,2,3,2,7,2-3-2,Fading Customers,1,1,0.5974
14737,36,1,50.4,4,1,1,6,4-1-1,Promising Newcomers,1,0,0.0159
14738,196,2,328.05,1,3,3,7,1-3-3,Occasional Browsers,1,1,0.8639
14739,3,16,1840.4,5,5,5,15,5-5-5,High-Value Regulars,0,0,0.0024
14740,45,8,2037.11,3,5,5,13,3-5-5,Loyal Mid-Tier,0,0,0.0056
14741,8,2,402.45,5,3,3,11,5-3-3,Loyal Mid-Tier,0,0,0.0084
14742,71,1,507.25,3,1,3,7,3-1-3,Occasional Browsers,1,1,0.7064
14743,228,1,50.48,1,1,1,3,1-1-1,Disengaged Low-Value,1,1,0.9745
14744,65,5,534.52,3,4,3,10,3-4-3,Loyal Mid-Tier,0,0,0.0053
14745,137,7,1002.59,2,5,4,11,2-5-4,Dormant Spenders,0,1,0.9335
14746,51,2,80.7,3,3,1,7,3-3-1,Fading Customers,1,0,0.3234
14748,4,7,1293.97,5,5,5,15,5-5-5,High-Value Regulars,0,0,0.0039
14749,115,1,181.75,2,1,2,5,2-1-2,Disengaged Low-Value,1,1,0.9515
14750,372,1,85.18,1,1,1,3,1-1-1,Disengaged Low-Value,1,1,0.9584
14751,320,2,126.45,1,3,1,5,1-3-1,Occasional Browsers,1,1,0.7847
14753,96,1,298.8,2,1,2,5,2-1-2,Disengaged Low-Value,1,1,0.9371
14754,61,4,828.78,3,4,4,11,3-4-4,Loyal Mid-Tier,0,0,0.0053
14755,17,14,3590.37,4,5,5,14,4-5-5,High-Value Regulars,0,0,0.0019
14756,18,2,1039.52,4,3,4,11,4-3-4,Loyal Mid-Tier,0,0,0.0053
14758,32,3,854.66,4,3,4,11,4-3-4,Loyal Mid-Tier,0,0,0.0046
14761,80,1,162.17,2,1,2,5,2-1-2,Disengaged Low-Value,1,1,0.9004
14762,262,1,100.8,1,1,1,3,1-1-1,Disengaged Low-Value,1,1,0.9426
14766,2,6,2960.12,5,5,5,15,5-5-5,High-Value Regulars,0,0,0.0061
14767,110,1,280.61,2,1,2,5,2-1-2,Disengaged Low-Value,1,1,0.9747
14769,26,9,4291.53,4,5,5,14,4-5-5,High-Value Regulars,0,0,0.0021
14770,103,6,2091.4,2,5,5,12,2-5-5,Dormant Spenders,0,1,0.9469
14771,257,2,594.62,1,3,4,8,1-3-4,Dormant Spenders,1,1,0.968
14773,228,1,127.8,1,1,1,3,1-1-1,Disengaged Low-Value,1,1,0.9317
14774,164,1,192.85,2,1,2,5,2-1-2,Disengaged Low-Value,1,1,0.9407
14775,8,1,258.96,5,1,2,8,5-1-2,Promising Newcomers,1,0,0.0113
14776,23,4,944.76,4,4,4,12,4-4-4,High-Value Regulars,0,0,0.0052
14777,39,1,232.2,3,1,2,6,3-1-2,Occasional Browsers,1,0,0.0558
14783,295,1,270.14,1,1,2,4,1-1-2,Disengaged Low-Value,1,1,0.9668
14784,25,1,144.04,4,1,1,6,4-1-1,Promising Newcomers,1,0,0.0096
14786,186,1,90.96,1,1,1,3,1-1-1,Disengaged Low-Value,1,1,0.9743
14787,107,1,110.65,2,1,1,4,2-1-1,Disengaged Low-Value,1,1,0.9646
14788,232,1,380.73,1,1,3,5,1-1-3,Occasional Browsers,1,1,0.8201
14790,10,6,1312.13,5,5,5,15,5-5-5,High-Value Regulars,0,0,0.0018
14791,242,1,271.83,1,1,2,4,1-1-2,Disengaged Low-Value,1,1,0.9688
14793,171,1,396.91,2,1,3,6,2-1-3,Occasional Browsers,1,1,0.8242
14794,38,3,249.24,3,3,2,8,3-3-2,Fading Customers,1,1,0.7684
14796,2,11,2406.28,5,5,5,15,5-5-5,High-Value Regulars,0,0,0.002
14797,143,1,274.81,2,1,2,5,2-1-2,Disengaged Low-Value,1,1,0.9697
14798,17,5,550.57,4,4,3,11,4-4-3,Loyal Mid-Tier,0,0,0.005
14799,373,1,151.65,1,1,1,3,1-1-1,Disengaged Low-Value,1,1,0.9278
14800,5,6,2292.95,5,5,5,15,5-5-5,High-Value Regulars,0,0,0.0067
14805,40,3,440.65,3,3,3,9,3-3-3,Loyal Mid-Tier,1,0,0.0459
14806,75,1,96.6,2,1,1,4,2-1-1,Disengaged Low-Value,1,1,0.9326
14807,26,2,319.09,4,3,3,10,4-3-3,Loyal Mid-Tier,1,0,0.0374
14809,257,2,326.1,1,3,3,7,1-3-3,Occasional Browsers,1,1,0.9054
14810,5,3,413.94,5,3,3,11,5-3-3,Loyal Mid-Tier,0,0,0.0072
14811,23,1,157.75,4,1,1,6,4-1-1,Promising Newcomers,1,0,0.0121
14812,234,1,168.1,1,1,2,4,1-1-2,Disengaged Low-Value,1,1,0.9496
14813,5,4,685.81,5,4,4,13,5-4-4,High-Value Regulars,0,0,0.0051
14814,217,1,136.31,1,1,1,3,1-1-1,Disengaged Low-Value,1,1,0.9628
14817,31,5,1906.29,4,4,5,13,4-4-5,High-Value Regulars,0,0,0.005
14818,94,3,358.01,2,3,3,8,2-3-3,Fading Customers,1,1,0.7328
14819,130,2,111.69,2,3,1,6,2-3-1,Fading Customers,1,1,0.6186
14820,16,5,537.6,4,4,3,11,4-4-3,Loyal Mid-Tier,0,0,0.0019
14821,2,5,804.75,5,4,4,13,5-4-4,High-Value Regulars,0,0,0.0022
14822,121,1,140.7,2,1,1,4,2-1-1,Disengaged Low-Value,1,1,0.9559
14824,15,6,1917.1,5,5,5,15,5-5-5,High-Value Regulars,0,0,0.005
14825,4,13,2131.17,5,5,5,15,5-5-5,High-Value Regulars,0,0,0.0064
14826,217,2,145.2,1,3,1,5,1-3-1,Occasional Browsers,1,1,0.739
14828,24,2,63.6,4,3,1,8,4-3-1,Occasional Browsers,1,0,0.2562
14829,8,4,935.77,5,4,4,13,5-4-4,High-Value Regulars,0,0,0.0072
14831,316,3,1237.62,1,3,4,8,1-3-4,Dormant Spenders,1,1,0.9692
14833,134,1,94.8,2,1,1,4,2-1-1,Disengaged Low-Value,1,1,0.9538
14834,43,1,219.06,3,1,2,6,3-1-2,Occasional Browsers,1,0,0.0566
14837,78,5,1468.23,2,4,5,11,2-4-5,Dormant Spenders,0,0,0.2253
14838,59,2,547.47,3,3,3,9,3-3-3,Loyal Mid-Tier,1,0,0.0078
14839,54,3,680.38,3,3,4,10,3-3-4,Loyal Mid-Tier,1,0,0.0051
14840,175,1,279.96,2,1,2,5,2-1-2,Disengaged Low-Value,1,1,0.962
14841,10,8,2367.48,5,5,5,15,5-5-5,High-Value Regulars,0,0,0.002
14843,72,1,121.8,2,1,1,4,2-1-1,Disengaged Low-Value,1,1,0.899
14844,66,6,2212.36,3,5,5,13,3-5-5,Loyal Mid-Tier,0,0,0.0054
14846,63,1,144.0,3,1,1,5,3-1-1,Occasional Browsers,1,0,0.0507
14847,43,2,551.45,3,3,3,9,3-3-3,Loyal Mid-Tier,1,0,0.0748
14848,40,1,105.12,3,1,1,5,3-1-1,Occasional Browsers,1,0,0.0568
14849,9,20,5354.93,5,5,5,15,5-5-5,High-Value Regulars,0,0,0.0021
14850,54,4,993.76,3,4,4,11,3-4-4,Loyal Mid-Tier,0,0,0.0068
14851,266,1,121.8,1,1,1,3,1-1-1,Disengaged Low-Value,1,1,0.9641
14852,60,12,2328.8,3,5,5,13,3-5-5,Loyal Mid-Tier,0,0,0.0073
14853,59,2,220.56,3,3,2,8,3-3-2,Fading Customers,1,0,0.458
14854,26,4,1253.4,4,4,5,13,4-4-5,High-Value Regulars,0,0,0.0017
14855,110,5,2398.8,2,4,5,11,2-4-5,Dormant Spenders,0,1,0.9305
14857,78,4,2133.04,2,4,5,11,2-4-5,Dormant Spenders,0,0,0.4311
14858,141,1,180.75,2,1,2,5,2-1-2,Disengaged Low-Value,1,1,0.9489
14859,190,1,48.6,1,1,1,3,1-1-1,Disengaged Low-Value,1,1,0.9726
14861,16,9,1077.37,4,5,4,13,4-5-4,High-Value Regulars,0,0,0.0024
14865,8,1,28.08,5,1,1,7,5-1-1,Promising Newcomers,1,0,0.0148
14867,31,11,1026.22,4,5,4,13,4-5-4,High-Value Regulars,0,0,0.0026
14868,16,4,1106.22,4,4,4,12,4-4-4,High-Value Regulars,0,0,0.0054
14869,24,4,1862.51,4,4,5,13,4-4-5,High-Value Regulars,0,0,0.0023
14870,49,4,573.2,3,4,3,10,3-4-3,Loyal Mid-Tier,0,0,0.0053
14871,129,5,553.74,2,4,3,9,2-4-3,Occasional Browsers,1,1,0.7354
14872,119,3,664.68,2,3,4,9,2-3-4,Fading Customers,1,1,0.8425
14873,269,1,276.75,1,1,2,4,1-1-2,Disengaged Low-Value,1,1,0.9584
14874,171,1,68.28,2,1,1,4,2-1-1,Disengaged Low-Value,1,1,0.9693
14875,77,1,484.41,2,1,3,6,2-1-3,Occasional Browsers,1,1,0.7114
14876,197,1,183.7,1,1,2,4,1-1-2,Disengaged Low-Value,1,1,0.958
14877,54,2,370.5,3,3,3,9,3-3-3,Loyal Mid-Tier,1,0,0.0362
14878,12,14,1985.51,5,5,5,15,5-5-5,High-Value Regulars,0,0,0.0023
14879,320,1,155.72,1,1,1,3,1-1-1,Disengaged Low-Value,1,1,0.9654
14882,26,7,461.85,4,5,3,12,4-5-3,Loyal Mid-Tier,0,0,0.0088
14884,305,1,120.6,1,1,1,3,1-1-1,Disengaged Low-Value,1,1,0.947
14885,63,1,240.0,3,1,2,6,3-1-2,Occasional Browsers,1,0,0.0436
14890,254,2,659.8,1,3,4,8,1-3-4,Dormant Spenders,1,1,0.9517
14891,52,2,552.35,3,3,3,9,3-3-3,Loyal Mid-Tier,1,0,0.0745
14892,326,1,182.45,1,1,2,4,1-1-2,Disengaged Low-Value,1,1,0.9485
14893,253,1,521.86,1,1,3,5,1-1-3,Occasional Browsers,1,1,0.6838
14894,79,1,291.66,2,1,2,5,2-1-2,Disengaged Low-Value,1,1,0.9597
14895,19,17,5122.53,4,5,5,14,4-5-5,High-Value Regulars,0,0,0.0023
14896,1,7,1498.25,5,5,5,15,5-5-5,High-Value Regulars,0,0,0.0018
14897,45,4,1014.87,3,4,4,11,3-4-4,Loyal Mid-Tier,0,0,0.0018
14898,7,9,1469.09,5,5,5,15,5-5-5,High-Value Regulars,0,0,0.0024
14899,31,1,997.39,4,1,4,9,4-1-4,Promising Newcomers,1,0,0.0305
14901,2,5,770.21,5,4,4,13,5-4-4,High-Value Regulars,0,0,0.0106
14902,31,2,569.9,4,3,3,10,4-3-3,Loyal Mid-Tier,1,0,0.0633
14904,44,2,490.35,3,3,3,9,3-3-3,Loyal Mid-Tier,1,0,0.0286
14905,10,6,820.54,5,5,4,14,5-5-4,High-Value Regulars,0,0,0.0021
14907,3,9,1858.74,5,5,5,15,5-5-5,High-Value Regulars,0,0,0.006
14908,99,1,104.1,2,1,1,4,2-1-1,Disengaged Low-Value,1,1,0.9409
14909,73,3,1202.93,2,3,4,9,2-3-4,Fading Customers,0,0,0.2621
14911,1,178,70571.38,5,5,5,15,5-5-5,High-Value Regulars,0,0,0.0023
14912,37,3,353.83,3,3,3,9,3-3-3,Loyal Mid-Tier,1,0,0.0629
14913,24,4,2324.67,4,4,5,13,4-4-5,High-Value Regulars,0,0,0.0113
14915,11,9,1278.87,5,5,5,15,5-5-5,High-Value Regulars,0,0,0.0024
14916,67,3,542.92,3,3,3,9,3-3-3,Loyal Mid-Tier,1,0,0.032
14917,232,2,298.03,1,3,2,6,1-3-2,Occasional Browsers,1,1,0.6637
14918,40,6,806.05,3,5,4,12,3-5-4,Loyal Mid-Tier,0,0,0.006
14919,175,1,163.15,2,1,2,5,2-1-2,Disengaged Low-Value,1,1,0.9318
14920,201,1,567.85,1,1,3,5,1-1-3,Occasional Browsers,1,1,0.8285
14922,29,2,701.44,4,3,4,11,4-3-4,Loyal Mid-Tier,1,0,0.0774
14924,246,2,216.77,1,3,2,6,1-3-2,Occasional Browsers,1,1,0.6235
14927,32,1,308.2,4,1,2,7,4-1-2,Promising Newcomers,1,0,0.011
14928,263,1,223.91,1,1,2,4,1-1-2,Disengaged Low-Value,1,1,0.9603
14929,57,1,319.5,3,1,3,7,3-1-3,Occasional Browsers,1,1,0.8169
14930,106,3,2215.02,2,3,5,10,2-3-5,Fading Customers,0,1,0.8477
14932,1,2,298.83,5,3,2,10,5-3-2,Occasional Browsers,0,0,0.1053
14934,14,3,1374.26,5,3,5,13,5-3-5,Loyal Mid-Tier,0,0,0.0075
14936,26,4,1920.85,4,4,5,13,4-4-5,High-Value Regulars,0,0,0.0049
14938,198,2,1013.11,1,3,4,8,1-3-4,Dormant Spenders,1,1,0.9776
14940,53,2,508.09,3,3,3,9,3-3-3,Loyal Mid-Tier,1,0,0.0052
14941,214,1,100.5,1,1,1,3,1-1-1,Disengaged Low-Value,1,1,0.9558
14942,37,3,246.32,3,3,2,8,3-3-2,Fading Customers,1,0,0.029
14943,299,1,68.02,1,1,1,3,1-1-1,Disengaged Low-Value,1,1,0.961
14944,25,6,1622.78,4,5,5,14,4-5-5,High-Value Regulars,0,0,0.0037
14945,49,1,179.4,3,1,2,6,3-1-2,Occasional Browsers,1,0,0.044
14947,24,4,462.42,4,4,3,11,4-4-3,Loyal Mid-Tier,0,0,0.006
14949,105,4,432.03,2,4,3,9,2-4-3,Occasional Browsers,1,1,0.8018
14952,32,16,1497.63,4,5,5,14,4-5-5,High-Value Regulars,0,0,0.0023
14953,54,3,562.36,3,3,3,9,3-3-3,Loyal Mid-Tier,1,0,0.0332
14954,339,1,122.63,1,1,1,3,1-1-1,Disengaged Low-Value,1,1,0.9673
14955,368,1,99.58,1,1,1,3,1-1-1,Disengaged Low-Value,1,1,0.9504
14957,280,1,110.1,1,1,1,3,1-1-1,Disengaged Low-Value,1,1,0.9615
14958,231,3,272.51,1,3,2,6,1-3-2,Occasional Browsers,1,1,0.8055
14961,19,11,5304.92,4,5,5,14,4-5-5,High-Value Regulars,0,0,0.002
14962,175,2,121.5,2,3,1,6,2-3-1,Fading Customers,1,1,0.8552
14963,15,7,1518.56,5,5,5,15,5-5-5,High-Value Regulars,0,0,0.0077
14966,23,5,625.92,4,4,4,12,4-4-4,High-Value Regulars,0,0,0.002
14967,77,4,216.11,2,4,2,8,2-4-2,Occasional Browsers,1,0,0.036
14968,94,1,238.3,2,1,2,5,2-1-2,Disengaged Low-Value,1,1,0.9532
14970,166,6,482.59,2,5,3,10,2-5-3,Occasional Browsers,1,1,0.9057
14972,17,1,30.3,4,1,1,6,4-1-1,Promising Newcomers,1,0,0.0157
14975,57,1,140.1,3,1,1,5,3-1-1,Occasional Browsers,1,0,0.0598
14977,361,1,31.93,1,1,1,3,1-1-1,Disengaged Low-Value,1,1,0.9577
14978,66,5,696.84,3,4,4,11,3-4-4,Loyal Mid-Tier,0,0,0.0087
14979,371,1,375.21,1,1,3,5,1-1-3,Occasional Browsers,1,1,0.8067
14980,373,1,123.13,1,1,1,3,1-1-1,Disengaged Low-Value,1,1,0.9715
14981,59,1,270.8,3,1,2,6,3-1-2,Occasional Browsers,1,0,0.0466
14982,208,1,199.98,1,1,2,4,1-1-2,Disengaged Low-Value,1,1,0.9665
14983,325,1,170.45,1,1,2,4,1-1-2,Disengaged Low-Value,1,1,0.902
14984,187,2,117.5,1,3,1,5,1-3-1,Occasional Browsers,1,1,0.8445
14986,12,2,487.5,5,3,3,11,5-3-3,Loyal Mid-Tier,0,0,0.0029
14987,17,1,4.75,4,1,1,6,4-1-1,Promising Newcomers,1,0,0.017
14988,16,6,1442.78,4,5,5,14,4-5-5,High-Value Regulars,0,0,0.0063
14989,297,1,277.1,1,1,2,4,1-1-2,Disengaged Low-Value,1,1,0.9571
14990,248,2,191.57,1,3,2,6,1-3-2,Occasional Browsers,1,1,0.7192
14991,66,1,186.2,3,1,2,6,3-1-2,Occasional Browsers,1,0,0.0433
14992,78,1,193.5,2,1,2,5,2-1-2,Disengaged Low-Value,1,1,0.92
14993,199,1,36.13,1,1,1,3,1-1-1,Disengaged Low-Value,1,1,0.9618
14994,18,5,845.57,4,4,4,12,4-4-4,High-Value Regulars,0,0,0.0067
14996,117,2,366.33,2,3,3,8,2-3-3,Fading Customers,1,1,0.6676
14997,291,1,187.2,1,1,2,4,1-1-2,Disengaged Low-Value,1,1,0.9587
14998,64,2,188.46,3,3,2,8,3-3-2,Fading Customers,1,1,0.5322
14999,228,1,116.73,1,1,1,3,1-1-1,Disengaged Low-Value,1,1,0.9605
15001,30,2,110.71,4,3,1,8,4-3-1,Occasional Browsers,1,1,0.7132
15002,3,6,2585.17,5,5,5,15,5-5-5,High-Value Regulars,0,0,0.002
15003,109,6,822.07,2,5,4,11,2-5-4,Dormant Spenders,0,1,0.7653
15005,2,29,6612.13,5,5,5,15,5-5-5,High-Value Regulars,0,0,0.0021
15006,89,1,191.55,2,1,2,5,2-1-2,Disengaged Low-Value,1,1,0.9205
15011,31,2,326.3,4,3,3,10,4-3-3,Loyal Mid-Tier,1,0,0.0597
15012,9,2,310.47,5,3,2,10,5-3-2,Occasional Browsers,1,0,0.2246
15013,123,10,1341.12,2,5,5,12,2-5-5,Dormant Spenders,0,1,0.9362
15015,137,13,1872.76,2,5,5,12,2-5-5,Dormant Spenders,0,1,0.9441
15016,29,3,383.05,4,3,3,10,4-3-3,Loyal Mid-Tier,1,0,0.0609
15018,3,1,45.3,5,1,1,7,5-1-1,Promising Newcomers,1,0,0.0195
15020,15,1,190.52,5,1,2,8,5-1-2,Promising Newcomers,1,0,0.0085
15021,2,4,753.76,5,4,4,13,5-4-4,High-Value Regulars,0,0,0.0081
15022,313,1,117.85,1,1,1,3,1-1-1,Disengaged Low-Value,1,1,0.9771
15023,5,9,3626.5,5,5,5,15,5-5-5,High-Value Regulars,0,0,0.0024
15024,3,7,1654.56,5,5,5,15,5-5-5,High-Value Regulars,0,0,0.0081
15025,204,1,427.12,1,1,3,5,1-1-3,Occasional Browsers,1,1,0.8176
15026,11,2,556.44,5,3,3,11,5-3-3,Loyal Mid-Tier,0,0,0.0079
15027,36,5,584.48,4,4,4,12,4-4-4,High-Value Regulars,0,0,0.0056
15028,4,3,329.97,5,3,3,11,5-3-3,Loyal Mid-Tier,0,0,0.0072
15029,255,1,208.2,1,1,2,4,1-1-2,Disengaged Low-Value,1,1,0.9397
15030,16,4,154.93,4,4,1,9,4-4-1,Occasional Browsers,1,0,0.1369
15031,30,10,1844.05,4,5,5,14,4-5-5,High-Value Regulars,0,0,0.0023
15032,2,4,305.45,5,4,2,11,5-4-2,Occasional Browsers,0,0,0.0065
15034,22,6,2529.99,4,5,5,14,4-5-5,High-Value Regulars,0,0,0.0056
15037,12,2,234.91,5,3,2,10,5-3-2,Occasional Browsers,1,1,0.6555
15038,5,4,475.67,5,4,3,12,5-4-3,Loyal Mid-Tier,0,0,0.0072
15039,4,45,9795.58,5,5,5,15,5-5-5,High-Value Regulars,0,0,0.0022
15040,177,1,7.49,2,1,1,4,2-1-1,Disengaged Low-Value,1,1,0.9756
15041,80,1,109.47,2,1,1,4,2-1-1,Disengaged Low-Value,1,1,0.9298
15043,109,4,319.72,2,4,3,9,2-4-3,Occasional Browsers,1,1,0.9307
15044,15,15,5585.58,5,5,5,15,5-5-5,High-Value Regulars,0,0,0.0026
15046,61,10,1419.29,3,5,5,13,3-5-5,Loyal Mid-Tier,0,0,0.0056
15048,4,1,58.4,5,1,1,7,5-1-1,Promising Newcomers,1,0,0.0166
15050,57,2,755.65,3,3,4,10,3-3-4,Loyal Mid-Tier,1,0,0.073
15051,15,6,1422.29,5,5,5,15,5-5-5,High-Value Regulars,0,0,0.0018
15055,110,3,385.52,2,3,3,8,2-3-3,Fading Customers,1,1,0.8024
15056,156,1,103.7,2,1,1,4,2-1-1,Disengaged Low-Value,1,1,0.9311
15057,79,3,639.4,2,3,4,9,2-3-4,Fading Customers,1,0,0.0498
15058,12,5,899.5,5,4,4,13,5-4-4,High-Value Regulars,0,0,0.0035
15059,12,10,1748.86,5,5,5,15,5-5-5,High-Value Regulars,0,0,0.0022
15061,3,12,785.0,5,5,4,14,5-5-4,High-Value Regulars,0,0,0.0025
15062,59,4,1489.71,3,4,5,12,3-4-5,Loyal Mid-Tier,0,0,0.0074
15064,46,4,1037.2,3,4,4,11,3-4-4,Loyal Mid-Tier,0,0,0.002
15065,46,1,99.13,3,1,1,5,3-1-1,Occasional Browsers,1,0,0.039
15067,49,2,1109.98,3,3,4,10,3-3-4,Loyal Mid-Tier,1,0,0.0448
15068,54,2,495.39,3,3,3,9,3-3-3,Loyal Mid-Tier,1,0,0.027
15070,227,2,473.45,1,3,3,7,1-3-3,Occasional Browsers,1,1,0.8907
15071,22,2,398.24,4,3,3,10,4-3-3,Loyal Mid-Tier,1,0,0.0443
15072,115,1,181.22,2,1,2,5,2-1-2,Disengaged Low-Value,1,1,0.9412
15073,36,5,1343.16,4,4,5,13,4-4-5,High-Value Regulars,0,0,0.0018
15074,65,2,461.3,3,3,3,9,3-3-3,Loyal Mid-Tier,1,0,0.0691
15076,158,1,386.98,2,1,3,6,2-1-3,Occasional Browsers,1,1,0.8095
15077,130,2,236.58,2,3,2,7,2-3-2,Fading Customers,1,1,0.5413
15078,4,19,4737.01,5,5,5,15,5-5-5,High-Value Regulars,0,0,0.0026
15079,1,7,1325.41,5,5,5,15,5-5-5,High-Value Regulars,0,0,0.0016
15080,63,2,546.25,3,3,3,9,3-3-3,Loyal Mid-Tier,1,0,0.0839
15081,3,8,987.22,5,5,4,14,5-5-4,High-Value Regulars,0,0,0.0087
15082,304,1,93.35,1,1,1,3,1-1-1,Disengaged Low-Value,1,1,0.9361
15084,15,2,169.53,5,3,2,10,5-3-2,Occasional Browsers,1,0,0.1118
15085,365,1,97.1,1,1,1,3,1-1-1,Disengaged Low-Value,1,1,0.9528
15086,200,2,218.53,1,3,2,6,1-3-2,Occasional Browsers,1,1,0.7271
15091,310,2,324.4,1,3,3,7,1-3-3,Occasional Browsers,1,1,0.9015
15092,98,1,262.95,2,1,2,5,2-1-2,Disengaged Low-Value,1,1,0.9745
15093,8,12,1724.2,5,5,5,15,5-5-5,High-Value Regulars,0,0,0.0026
15094,99,2,83.0,2,3,1,6,2-3-1,Fading Customers,1,1,0.7562
15095,56,6,1040.05,3,5,4,12,3-5-4,Loyal Mid-Tier,0,0,0.0046
15097,219,2,268.62,1,3,2,6,1-3-2,Occasional Browsers,1,1,0.7397
15100,23,2,145.5,4,3,1,8,4-3-1,Occasional Browsers,1,0,0.0264
15101,155,3,652.61,2,3,4,9,2-3-4,Fading Customers,1,1,0.8692
15102,166,2,339.27,2,3,3,8,2-3-3,Fading Customers,1,1,0.6244
15105,66,2,706.52,3,3,4,10,3-3-4,Loyal Mid-Tier,1,0,0.0396
15107,8,4,276.25,5,4,2,11,5-4-2,Occasional Browsers,0,0,0.1458
15109,215,2,333.75,1,3,3,7,1-3-3,Occasional Browsers,1,1,0.9123
15110,39,2,164.0,3,3,2,8,3-3-2,Fading Customers,1,1,0.7647
15111,8,3,934.99,5,3,4,12,5-3-4,Loyal Mid-Tier,0,0,0.0051
15112,247,1,99.0,1,1,1,3,1-1-1,Disengaged Low-Value,1,1,0.9664
15114,19,2,518.04,4,3,3,10,4-3-3,Loyal Mid-Tier,1,0,0.0813
15115,368,1,191.74,1,1,2,4,1-1-2,Disengaged Low-Value,1,1,0.9654
15117,84,3,698.75,2,3,4,9,2-3-4,Fading Customers,1,1,0.5747
15122,58,8,1864.09,3,5,5,13,3-5-5,Loyal Mid-Tier,0,0,0.0071
15123,57,3,921.66,3,3,4,10,3-3-4,Loyal Mid-Tier,0,0,0.0032
15124,112,2,206.65,2,3,2,7,2-3-2,Fading Customers,1,1,0.6095
15125,115,6,810.0,2,5,4,11,2-5-4,Dormant Spenders,0,1,0.9119
15126,172,2,369.09,2,3,3,8,2-3-3,Fading Customers,1,1,0.7274
15127,155,1,164.22,2,1,2,5,2-1-2,Disengaged Low-Value,1,1,0.9522
15128,66,1,238.98,3,1,2,6,3-1-2,Occasional Browsers,1,0,0.0579
15129,21,12,1776.03,4,5,5,14,4-5-5,High-Value Regulars,0,0,0.0078
15131,30,1,53.94,4,1,1,6,4-1-1,Promising Newcomers,1,0,0.0167
15133,18,2,221.38,4,3,2,9,4-3-2,Occasional Browsers,1,1,0.5463
15134,17,2,184.9,4,3,2,9,4-3-2,Occasional Browsers,1,1,0.7088
15135,192,1,117.88,1,1,1,3,1-1-1,Disengaged Low-Value,1,1,0.9674
15137,156,2,525.64,2,3,3,8,2-3-3,Fading Customers,1,1,0.7179
15138,29,1,408.53,4,1,3,8,4-1-3,Promising Newcomers,1,0,0.0198
15140,78,1,602.94,2,1,4,7,2-1-4,Dormant Spenders,1,1,0.8086
15141,93,7,1181.01,2,5,4,11,2-5-4,Dormant Spenders,0,1,0.9203
15142,46,5,1524.44,3,4,5,12,3-4-5,Loyal Mid-Tier,0,0,0.0071
15143,68,1,226.13,3,1,2,6,3-1-2,Occasional Browsers,1,0,0.0559
15144,15,8,1122.35,5,5,4,14,5-5-4,High-Value Regulars,0,0,0.0082
15149,213,3,480.48,1,3,3,7,1-3-3,Occasional Browsers,1,1,0.9212
15150,92,3,3151.0,2,3,5,10,2-3-5,Fading Customers,0,1,0.815
15151,59,2,712.51,3,3,4,10,3-3-4,Loyal Mid-Tier,1,0,0.0596
15152,337,1,433.54,1,1,3,5,1-1-3,Occasional Browsers,1,1,0.8543
15154,114,2,764.89,2,3,4,9,2-3-4,Fading Customers,1,1,0.7114
15155,19,1,259.57,4,1,2,7,4-1-2,Promising Newcomers,1,0,0.0105
15157,205,2,292.04,1,3,2,6,1-3-2,Occasional Browsers,1,1,0.7117
15158,37,1,6.72,3,1,1,5,3-1-1,Occasional Browsers,1,0,0.0802
15159,31,4,1247.86,4,4,5,13,4-4-5,High-Value Regulars,0,0,0.0065
15160,10,3,304.36,5,3,2,10,5-3-2,Occasional Browsers,0,0,0.1521
15161,24,1,119.92,4,1,1,6,4-1-1,Promising Newcomers,1,0,0.0116
15162,367,1,215.4,1,1,2,4,1-1-2,Disengaged Low-Value,1,1,0.9535
15164,25,6,1152.43,4,5,4,13,4-5-4,High-Value Regulars,0,0,0.002
15165,9,1,362.7,5,1,3,9,5-1-3,Promising Newcomers,1,0,0.0355
15166,103,1,154.41,2,1,1,4,2-1-1,Disengaged Low-Value,1,1,0.9585
15167,43,4,979.12,3,4,4,11,3-4-4,Loyal Mid-Tier,0,0,0.0065
15169,18,2,487.02,4,3,3,10,4-3-3,Loyal Mid-Tier,1,0,0.0056
15170,42,1,81.15,3,1,1,5,3-1-1,Occasional Browsers,1,0,0.0598
15173,16,7,1228.68,4,5,4,13,4-5-4,High-Value Regulars,0,0,0.0072
15174,46,1,275.79,3,1,2,6,3-1-2,Occasional Browsers,1,0,0.0405
15176,303,1,891.14,1,1,4,6,1-1-4,Dormant Spenders,1,1,0.9259
15177,61,1,280.55,3,1,2,6,3-1-2,Occasional Browsers,1,0,0.0389
15179,28,8,2628.81,4,5,5,14,4-5-5,High-Value Regulars,0,0,0.0017
15180,3,3,758.85,5,3,4,12,5-3-4,Loyal Mid-Tier,0,0,0.0051
15182,21,9,1345.91,4,5,5,14,4-5-5,High-Value Regulars,0,0,0.0056
15183,183,3,369.63,1,3,3,7,1-3-3,Occasional Browsers,1,1,0.9239
15184,23,2,184.85,4,3,2,9,4-3-2,Occasional Browsers,1,0,0.0322
15186,110,3,538.07,2,3,3,8,2-3-3,Fading Customers,1,1,0.8336
15188,361,1,207.38,1,1,2,4,1-1-2,Disengaged Low-Value,1,1,0.9637
15189,17,5,279.77,4,4,2,10,4-4-2,Occasional Browsers,0,0,0.2544
15190,70,1,554.67,3,1,3,7,3-1-3,Occasional Browsers,1,0,0.4747
15191,99,3,534.75,2,3,3,8,2-3-3,Fading Customers,1,1,0.7068
15192,1,3,678.41,5,3,4,12,5-3-4,Loyal Mid-Tier,0,0,0.0016
15194,4,14,2490.92,5,5,5,15,5-5-5,High-Value Regulars,0,0,0.0023
15196,68,2,313.7,3,3,3,9,3-3-3,Loyal Mid-Tier,1,0,0.0056
15197,30,3,258.2,4,3,2,9,4-3-2,Occasional Browsers,1,0,0.0275
15198,44,3,210.61,3,3,2,8,3-3-2,Fading Customers,1,0,0.0341
15199,70,4,481.25,3,4,3,10,3-4-3,Loyal Mid-Tier,1,0,0.0887
15200,130,1,445.45,2,1,3,6,2-1-3,Occasional Browsers,1,1,0.8451
15201,75,2,512.57,2,3,3,8,2-3-3,Fading Customers,1,1,0.5289
15203,26,8,2512.74,4,5,5,14,4-5-5,High-Value Regulars,0,0,0.0018
15207,52,3,482.32,3,3,3,9,3-3-3,Loyal Mid-Tier,1,0,0.0709
15208,59,1,84.5,3,1,1,5,3-1-1,Occasional Browsers,1,0,0.0558
15209,366,1,161.08,1,1,1,3,1-1-1,Disengaged Low-Value,1,1,0.918
15210,14,2,420.39,5,3,3,11,5-3-3,Loyal Mid-Tier,1,0,0.045
15211,1,1,292.97,5,1,2,8,5-1-2,Promising Newcomers,0,0,0.0059
15212,12,1,66.68,5,1,1,7,5-1-1,Promising Newcomers,1,0,0.0106
15215,29,3,1015.44,4,3,4,11,4-3-4,Loyal Mid-Tier,0,0,0.0057
15216,254,1,274.99,1,1,2,4,1-1-2,Disengaged Low-Value,1,1,0.9564
15217,199,1,410.34,1,1,3,5,1-1-3,Occasional Browsers,1,1,0.837
15218,25,10,2465.48,4,5,5,14,4-5-5,High-Value Regulars,0,0,0.002
15219,284,1,301.8,1,1,2,4,1-1-2,Disengaged Low-Value,1,1,0.9485
15221,42,2,114.1,3,3,1,7,3-3-1,Fading Customers,1,1,0.794
15222,108,10,1590.12,2,5,5,12,2-5-5,Dormant Spenders,0,1,0.8608
15223,245,3,187.3,1,3,2,6,1-3-2,Occasional Browsers,1,1,0.8054
15224,148,3,277.78,2,3,2,7,2-3-2,Fading Customers,1,1,0.738
15227,32,4,910.74,4,4,4,12,4-4-4,High-Value Regulars,0,0,0.0045
15228,64,2,1503.35,3,3,5,11,3-3-5,Loyal Mid-Tier,1,0,0.0826
15229,222,1,160.5,1,1,1,3,1-1-1,Disengaged Low-Value,1,1,0.9389
15231,257,1,230.1,1,1,2,4,1-1-2,Disengaged Low-Value,1,1,0.9698
15235,5,6,640.5,5,5,4,14,5-5-4,High-Value Regulars,0,0,0.0082
15240,10,7,2072.74,5,5,5,15,5-5-5,High-Value Regulars,0,0,0.0019
15241,66,3,1017.92,3,3,4,10,3-3-4,Loyal Mid-Tier,0,0,0.0038
15243,71,1,555.59,3,1,3,7,3-1-3,Occasional Browsers,1,1,0.7956
15244,302,1,145.76,1,1,1,3,1-1-1,Disengaged Low-Value,1,1,0.9498
15245,38,4,776.28,3,4,4,11,3-4-4,Loyal Mid-Tier,0,0,0.0043
15246,191,1,266.25,1,1,2,4,1-1-2,Disengaged Low-Value,1,1,0.9718
15247,173,1,50.0,2,1,1,4,2-1-1,Disengaged Low-Value,1,1,0.9648
15248,47,3,1584.02,3,3,5,11,3-3-5,Loyal Mid-Tier,0,0,0.0116
15249,66,5,2233.74,3,4,5,12,3-4-5,Loyal Mid-Tier,0,0,0.0073
15250,276,1,60.0,1,1,1,3,1-1-1,Disengaged Low-Value,1,1,0.9692
15251,50,3,117.6,3,3,1,7,3-3-1,Fading Customers,1,0,0.2624
15252,57,3,840.32,3,3,4,10,3-3-4,Loyal Mid-Tier,0,0,0.0046
15253,39,3,1006.49,3,3,4,10,3-3-4,Loyal Mid-Tier,0,0,0.006
15254,182,2,485.49,1,3,3,7,1-3-3,Occasional Browsers,1,1,0.9052
15255,36,7,1889.25,4,5,5,14,4-5-5,High-Value Regulars,0,0,0.0017
15256,197,1,71.95,1,1,1,3,1-1-1,Disengaged Low-Value,1,1,0.9582
15257,50,1,78.75,3,1,1,5,3-1-1,Occasional Browsers,1,0,0.0754
15259,148,3,699.7,2,3,4,9,2-3-4,Fading Customers,1,1,0.7383
15260,8,17,4317.12,5,5,5,15,5-5-5,High-Value Regulars,0,0,0.0021
15261,17,3,950.93,4,3,4,11,4-3-4,Loyal Mid-Tier,0,0,0.0077
15262,16,2,227.12,4,3,2,9,4-3-2,Occasional Browsers,1,1,0.6441
15264,166,1,393.81,2,1,3,6,2-1-3,Occasional Browsers,1,1,0.8565
15265,240,2,1720.07,1,3,5,9,1-3-5,Dormant Spenders,1,1,0.9587
15266,15,4,435.41,5,4,3,12,5-4-3,Loyal Mid-Tier,0,0,0.0021
15268,114,2,229.5,2,3,2,7,2-3-2,Fading Customers,1,1,0.7138
15269,16,2,566.01,4,3,3,10,4-3-3,Loyal Mid-Tier,0,0,0.0095
15270,36,11,1382.8,4,5,5,14,4-5-5,High-Value Regulars,0,0,0.0021
15271,1,10,1859.72,5,5,5,15,5-5-5,High-Value Regulars,0,0,0.0064
15272,86,4,795.51,2,4,4,10,2-4-4,Dormant Spenders,0,0,0.4979
15276,30,3,414.47,4,3,3,10,4-3-3,Loyal Mid-Tier,1,0,0.0452
15277,61,1,220.44,3,1,2,6,3-1-2,Occasional Browsers,1,0,0.0548
15278,197,4,343.16,1,4,3,8,1-4-3,Occasional Browsers,1,1,0.9115
15279,16,4,996.98,4,4,4,12,4-4-4,High-Value Regulars,0,0,0.0017
15280,124,2,188.1,2,3,2,7,2-3-2,Fading Customers,1,1,0.7524
15281,14,7,4824.33,5,5,5,15,5-5-5,High-Value Regulars,0,0,0.0104
15282,206,1,249.89,1,1,2,4,1-1-2,Disengaged Low-Value,1,1,0.9667
15283,123,2,114.43,2,3,1,6,2-3-1,Fading Customers,1,1,0.8383
15284,136,1,24.75,2,1,1,4,2-1-1,Disengaged Low-Value,1,1,0.9759
15285,43,1,79.8,3,1,1,5,3-1-1,Occasional Browsers,1,0,0.0531
15287,15,3,212.34,5,3,2,10,5-3-2,Occasional Browsers,1,0,0.038
15288,1,5,738.91,5,4,4,13,5-4-4,High-Value Regulars,0,0,0.0018
15289,94,2,571.95,2,3,3,8,2-3-3,Fading Customers,1,1,0.7102
15290,29,8,1097.66,4,5,4,13,4-5-4,High-Value Regulars,0,0,0.0067
15291,17,14,995.49,4,5,4,13,4-5-4,High-Value Regulars,0,0,0.0026
15293,301,1,247.5,1,1,2,4,1-1-2,Disengaged Low-Value,1,1,0.9616
15294,46,1,199.55,3,1,2,6,3-1-2,Occasional Browsers,1,0,0.0516
15295,290,1,207.04,1,1,2,4,1-1-2,Disengaged Low-Value,1,1,0.9142
15296,56,6,4699.34,3,5,5,13,3-5-5,Loyal Mid-Tier,0,0,0.0103
15298,2,12,3425.25,5,5,5,15,5-5-5,High-Value Regulars,0,0,0.0019
15301,4,6,1800.94,5,5,5,15,5-5-5,High-Value Regulars,0,0,0.0067
15302,366,1,222.5,1,1,2,4,1-1-2,Disengaged Low-Value,1,1,0.9475
15303,201,2,469.71,1,3,3,7,1-3-3,Occasional Browsers,1,1,0.9141
15304,4,1,50.25,5,1,1,7,5-1-1,Promising Newcomers,1,0,0.0261
15305,191,1,77.7,1,1,1,3,1-1-1,Disengaged Low-Value,1,1,0.9621
15306,136,6,1317.5,2,5,5,12,2-5-5,Dormant Spenders,0,1,0.9466
15309,246,3,685.41,1,3,4,8,1-3-4,Dormant Spenders,1,1,0.9754
15310,114,1,619.44,2,1,4,7,2-1-4,Dormant Spenders,1,1,0.6934
15311,1,111,8217.29,5,5,5,15,5-5-5,High-Value Regulars,0,0,0.0023
15312,19,8,1751.74,4,5,5,14,4-5-5,High-Value Regulars,0,0,0.0019
15314,49,2,355.03,3,3,3,9,3-3-3,Loyal Mid-Tier,1,0,0.0492
15317,313,1,70.35,1,1,1,3,1-1-1,Disengaged Low-Value,1,1,0.9683
15321,73,9,3399.93,2,5,5,12,2-5-5,Dormant Spenders,0,0,0.3428
15322,112,1,517.07,2,1,3,6,2-1-3,Occasional Browsers,1,1,0.7844
15323,198,3,373.75,1,3,3,7,1-3-3,Occasional Browsers,1,1,0.9309
15324,337,1,140.22,1,1,1,3,1-1-1,Disengaged Low-Value,1,1,0.9524
15325,31,7,1319.42,4,5,5,14,4-5-5,High-Value Regulars,0,0,0.0055
15326,245,4,1268.46,1,4,5,10,1-4-5,Dormant Spenders,1,1,0.9792
15328,43,1,67.64,3,1,1,5,3-1-1,Occasional Browsers,1,0,0.0481
15329,10,7,1301.33,5,5,5,15,5-5-5,High-Value Regulars,0,0,0.0019
15331,135,3,583.79,2,3,4,9,2-3-4,Fading Customers,1,1,0.8778
15332,5,5,2063.66,5,4,5,14,5-4-5,High-Value Regulars,0,0,0.0083
15336,37,1,185.0,3,1,2,6,3-1-2,Occasional Browsers,1,0,0.0414
15337,47,1,307.72,3,1,2,6,3-1-2,Occasional Browsers,1,0,0.0613
15338,313,1,257.23,1,1,2,4,1-1-2,Disengaged Low-Value,1,1,0.9504
15339,57,4,693.0,3,4,4,11,3-4-4,Loyal Mid-Tier,0,0,0.0056
15340,197,1,105.5,1,1,1,3,1-1-1,Disengaged Low-Value,1,1,0.9514
15341,85,1,31.2,2,1,1,4,2-1-1,Disengaged Low-Value,1,1,0.9319
15346,61,2,310.8,3,3,3,9,3-3-3,Loyal Mid-Tier,1,0,0.0662
15347,2,4,494.35,5,4,3,12,5-4-3,Loyal Mid-Tier,0,0,0.0076
15350,9,2,547.6,5,3,3,11,5-3-3,Loyal Mid-Tier,0,0,0.0089
15351,5,4,1038.61,5,4,4,13,5-4-4,High-Value Regulars,0,0,0.0086
15352,184,1,75.7,1,1,1,3,1-1-1,Disengaged Low-Value,1,1,0.9694
15353,3,6,1771.15,5,5,5,15,5-5-5,High-Value Regulars,0,0,0.0018
15356,4,4,646.21,5,4,4,13,5-4-4,High-Value Regulars,0,0,0.0093
15358,1,22,7563.61,5,5,5,15,5-5-5,High-Value Regulars,0,0,0.0021
15359,298,8,181.35,1,5,2,8,1-5-2,Occasional Browsers,1,1,0.8467
15362,84,2,444.81,2,3,3,8,2-3-3,Fading Customers,1,0,0.052
15363,8,2,563.11,5,3,3,11,5-3-3,Loyal Mid-Tier,0,0,0.0066
15365,39,5,1390.98,3,4,5,12,3-4-5,Loyal Mid-Tier,0,0,0.0042
15366,45,5,1182.59,3,4,4,11,3-4-4,Loyal Mid-Tier,0,0,0.0059
15367,54,7,2785.29,3,5,5,13,3-5-5,Loyal Mid-Tier,0,0,0.002
15369,128,3,375.6,2,3,3,8,2-3-3,Fading Customers,1,1,0.7649
15370,46,1,756.6,3,1,4,8,3-1-4,Big Spender Infrequent,1,0,0.0915
15373,7,6,497.48,5,5,3,13,5-5-3,Loyal Mid-Tier,0,0,0.0076
15374,260,1,53.28,1,1,1,3,1-1-1,Disengaged Low-Value,1,1,0.9565
15375,326,1,47.04,1,1,1,3,1-1-1,Disengaged Low-Value,1,1,0.9617
15377,18,4,283.65,4,4,2,10,4-4-2,Occasional Browsers,0,0,0.1356
15378,98,2,207.5,2,3,2,7,2-3-2,Fading Customers,1,1,0.7722
15379,36,1,1048.4,4,1,4,9,4-1-4,Promising Newcomers,1,0,0.0138
15380,332,2,72.8,1,3,1,5,1-3-1,Occasional Browsers,1,1,0.7818
15381,59,2,47.1,3,3,1,7,3-3-1,Fading Customers,1,0,0.2415
15382,10,6,4790.08,5,5,5,15,5-5-5,High-Value Regulars,0,0,0.003
15384,17,2,946.78,4,3,4,11,4-3-4,Loyal Mid-Tier,0,0,0.004
15385,28,2,100.8,4,3,1,8,4-3-1,Occasional Browsers,1,0,0.0361
15387,128,1,367.35,2,1,3,6,2-1-3,Occasional Browsers,1,1,0.7875
15390,32,2,1216.66,4,3,4,11,4-3-4,Loyal Mid-Tier,0,0,0.0111
15391,220,1,75.2,1,1,1,3,1-1-1,Disengaged Low-Value,1,1,0.9731
15392,10,3,741.18,5,3,4,12,5-3-4,Loyal Mid-Tier,0,0,0.006
15393,203,3,404.53,1,3,3,7,1-3-3,Occasional Browsers,1,1,0.914
15394,31,7,1970.24,4,5,5,14,4-5-5,High-Value Regulars,0,0,0.0019
15400,127,2,185.0,2,3,2,7,2-3-2,Fading Customers,1,1,0.8334
15401,88,2,168.75,2,3,2,7,2-3-2,Fading Customers,1,1,0.6009
15402,23,4,819.39,4,4,4,12,4-4-4,High-Value Regulars,0,0,0.0059
15403,127,1,20.4,2,1,1,4,2-1-1,Disengaged Low-Value,1,1,0.9746
15404,11,1,203.68,5,1,2,8,5-1-2,Promising Newcomers,1,0,0.0106
15405,212,1,279.04,1,1,2,4,1-1-2,Disengaged Low-Value,1,1,0.959
15406,89,2,407.91,2,3,3,8,2-3-3,Fading Customers,1,1,0.6409
15409,357,1,115.95,1,1,1,3,1-1-1,Disengaged Low-Value,1,1,0.9602
15410,204,2,561.5,1,3,3,7,1-3-3,Occasional Browsers,1,1,0.9096
15413,327,1,16.5,1,1,1,3,1-1-1,Disengaged Low-Value,1,1,0.9664
15416,114,2,494.83,2,3,3,8,2-3-3,Fading Customers,1,1,0.728
15418,61,2,390.77,3,3,3,9,3-3-3,Loyal Mid-Tier,1,0,0.0469
15420,70,6,660.06,3,5,4,12,3-5-4,Loyal Mid-Tier,0,0,0.0023
15421,21,6,2494.45,4,5,5,14,4-5-5,High-Value Regulars,0,0,0.0021
15422,15,5,1031.62,5,4,4,13,5-4-4,High-Value Regulars,0,0,0.0021
15423,217,2,139.74,1,3,1,5,1-3-1,Occasional Browsers,1,1,0.7509
15424,99,1,214.44,2,1,2,5,2-1-2,Disengaged Low-Value,1,1,0.9668
15425,36,4,1462.27,4,4,5,13,4-4-5,High-Value Regulars,0,0,0.0051
15426,5,5,796.92,5,4,4,13,5-4-4,High-Value Regulars,0,0,0.0085
15428,23,3,561.77,4,3,3,10,4-3-3,Loyal Mid-Tier,0,0,0.002
15430,103,2,508.65,2,3,3,8,2-3-3,Fading Customers,1,1,0.8725
15432,177,1,73.07,2,1,1,4,2-1-1,Disengaged Low-Value,1,1,0.9633
15434,10,6,1239.58,5,5,5,15,5-5-5,High-Value Regulars,0,0,0.0016
15437,276,1,177.39,1,1,2,4,1-1-2,Disengaged Low-Value,1,1,0.9361
15439,40,3,677.35,3,3,4,10,3-3-4,Loyal Mid-Tier,0,0,0.0045
15441,32,3,821.47,4,3,4,11,4-3-4,Loyal Mid-Tier,0,0,0.0016
15443,110,7,1617.59,2,5,5,12,2-5-5,Dormant Spenders,0,1,0.9566
15445,226,1,112.85,1,1,1,3,1-1-1,Disengaged Low-Value,1,1,0.9455
15446,12,3,383.3,5,3,3,11,5-3-3,Loyal Mid-Tier,0,0,0.0021
15447,163,4,270.46,2,4,2,8,2-4-2,Occasional Browsers,1,1,0.7973
15448,310,1,231.45,1,1,2,4,1-1-2,Disengaged Low-Value,1,1,0.9681
15451,70,2,168.36,3,3,2,8,3-3-2,Fading Customers,1,0,0.4917
15452,26,3,1177.68,4,3,4,11,4-3-4,Loyal Mid-Tier,0,0,0.007
15454,254,1,97.04,1,1,1,3,1-1-1,Disengaged Low-Value,1,1,0.9681
15456,39,7,1152.29,3,5,4,12,3-5-4,Loyal Mid-Tier,0,0,0.002
15458,38,1,129.6,3,1,1,5,3-1-1,Occasional Browsers,1,0,0.0561
15459,53,2,120.48,3,3,1,7,3-3-1,Fading Customers,1,1,0.5292
15462,81,1,469.8,2,1,3,6,2-1-3,Occasional Browsers,1,1,0.6482
15465,5,15,1852.07,5,5,5,15,5-5-5,High-Value Regulars,0,0,0.0026
15466,25,3,1128.38,4,3,4,11,4-3-4,Loyal Mid-Tier,0,0,0.0026
15468,28,1,706.93,4,1,4,9,4-1-4,Promising Newcomers,1,0,0.01
15469,74,1,288.9,2,1,2,5,2-1-2,Disengaged Low-Value,1,1,0.9656
15470,211,1,8.4,1,1,1,3,1-1-1,Disengaged Low-Value,1,1,0.9683
15471,16,2,443.53,4,3,3,10,4-3-3,Loyal Mid-Tier,1,0,0.0391
15474,231,1,124.85,1,1,1,3,1-1-1,Disengaged Low-Value,1,1,0.9663
15476,16,4,1154.31,4,4,4,12,4-4-4,High-Value Regulars,0,0,0.0049
15478,211,1,310.76,1,1,2,4,1-1-2,Disengaged Low-Value,1,1,0.9054
15479,369,1,147.4,1,1,1,3,1-1-1,Disengaged Low-Value,1,1,0.9578
15480,105,2,2060.96,2,3,5,10,2-3-5,Fading Customers,1,1,0.8361
15481,37,1,269.4,3,1,2,6,3-1-2,Occasional Browsers,1,0,0.0493
15482,22,3,327.45,4,3,3,10,4-3-3,Loyal Mid-Tier,1,0,0.0049
15483,21,6,553.66,4,5,3,12,4-5-3,Loyal Mid-Tier,0,0,0.0021
15484,176,2,761.03,2,3,4,9,2-3-4,Fading Customers,1,1,0.7167
15485,9,4,514.39,5,4,3,12,5-4-3,Loyal Mid-Tier,0,0,0.0023
15487,315,1,231.32,1,1,2,4,1-1-2,Disengaged Low-Value,1,1,0.9646
15488,93,2,106.38,2,3,1,6,2-3-1,Fading Customers,1,1,0.7897
15489,36,5,847.3,4,4,4,12,4-4-4,High-Value Regulars,0,0,0.0023
15490,66,1,202.9,3,1,2,6,3-1-2,Occasional Browsers,1,0,0.0641
15493,25,4,1515.64,4,4,5,13,4-4-5,High-Value Regulars,0,0,0.0068
15494,114,3,1763.56,2,3,5,10,2-3-5,Fading Customers,0,1,0.7325
15495,15,1,226.6,5,1,2,8,5-1-2,Promising Newcomers,1,0,0.0109
15496,267,1,120.64,1,1,1,3,1-1-1,Disengaged Low-Value,1,1,0.9722
15497,18,2,246.6,4,3,2,9,4-3-2,Occasional Browsers,1,0,0.0292
15498,2,18,5836.46,5,5,5,15,5-5-5,High-Value Regulars,0,0,0.002
15499,359,1,134.8,1,1,1,3,1-1-1,Disengaged Low-Value,1,1,0.9651
15501,40,2,322.0,3,3,3,9,3-3-3,Loyal Mid-Tier,1,0,0.0416
15502,4,5,1700.49,5,4,5,14,5-4-5,High-Value Regulars,0,0,0.0073
15503,362,1,116.26,1,1,1,3,1-1-1,Disengaged Low-Value,1,1,0.9511
15504,156,3,294.17,2,3,2,7,2-3-2,Fading Customers,1,1,0.8494
15506,17,3,903.09,4,3,4,11,4-3-4,Loyal Mid-Tier,0,0,0.0073
15509,16,1,71.86,4,1,1,6,4-1-1,Promising Newcomers,1,0,0.0085
15512,26,1,106.38,4,1,1,6,4-1-1,Promising Newcomers,1,0,0.0092
15513,35,13,2340.99,4,5,5,14,4-5-5,High-Value Regulars,0,0,0.0021
15514,15,7,1646.16,5,5,5,15,5-5-5,High-Value Regulars,0,0,0.0023
15515,23,1,91.65,4,1,1,6,4-1-1,Promising Newcomers,1,0,0.0146
15518,15,7,1708.85,5,5,5,15,5-5-5,High-Value Regulars,0,0,0.0018
15519,19,2,156.15,4,3,1,8,4-3-1,Occasional Browsers,1,1,0.7002
15521,36,8,2269.26,4,5,5,14,4-5-5,High-Value Regulars,0,0,0.0018
15523,51,10,813.14,3,5,4,12,3-5-4,Loyal Mid-Tier,0,0,0.0026
15524,242,1,15.0,1,1,1,3,1-1-1,Disengaged Low-Value,1,1,0.9701
15525,9,2,343.38,5,3,3,11,5-3-3,Loyal Mid-Tier,0,0,0.0076
15527,30,14,1904.51,4,5,5,14,4-5-5,High-Value Regulars,0,0,0.0024
15529,2,2,998.82,5,3,4,12,5-3-4,Loyal Mid-Tier,0,0,0.0068
15530,148,1,202.69,2,1,2,5,2-1-2,Disengaged Low-Value,1,1,0.9571
15532,12,6,1653.12,5,5,5,15,5-5-5,High-Value Regulars,0,0,0.013
15534,361,1,154.3,1,1,1,3,1-1-1,Disengaged Low-Value,1,1,0.9379
15535,40,2,317.17,3,3,3,9,3-3-3,Loyal Mid-Tier,1,0,0.0647
15536,45,1,228.49,3,1,2,6,3-1-2,Occasional Browsers,1,0,0.0362
15540,11,1,239.82,5,1,2,8,5-1-2,Promising Newcomers,1,0,0.0101
15542,148,3,709.16,2,4,4,10,2-4-4,Dormant Spenders,1,1,0.8782
15543,95,1,88.9,2,1,1,4,2-1-1,Disengaged Low-Value,1,1,0.9528
15544,8,12,3789.46,5,5,5,15,5-5-5,High-Value Regulars,0,0,0.0019
15545,7,1,100.98,5,1,1,7,5-1-1,Promising Newcomers,1,0,0.013
15547,12,12,3892.72,5,5,5,15,5-5-5,High-Value Regulars,0,0,0.0022
15548,231,1,98.74,1,1,1,3,1-1-1,Disengaged Low-Value,1,1,0.9613
15549,57,5,504.0,3,4,3,10,3-4-3,Loyal Mid-Tier,0,0,0.0045
15550,14,8,1094.47,5,5,4,14,5-5-4,High-Value Regulars,0,0,0.0021
15551,30,6,1117.4,4,5,4,13,4-5-4,High-Value Regulars,0,0,0.0091
15552,259,1,131.2,1,1,1,3,1-1-1,Disengaged Low-Value,1,1,0.9621
15555,1,21,5218.94,5,5,5,15,5-5-5,High-Value Regulars,0,0,0.0027
15558,275,1,71.53,1,1,1,3,1-1-1,Disengaged Low-Value,1,1,0.9697
15559,204,1,936.4,1,1,4,6,1-1-4,Dormant Spenders,1,1,0.9343
15560,33,2,153.52,4,3,1,8,4-3-1,Occasional Browsers,1,1,0.6446
15561,19,4,558.12,4,4,3,11,4-4-3,Loyal Mid-Tier,0,0,0.0021
15562,60,2,120.86,3,3,1,7,3-3-1,Fading Customers,1,0,0.0302
15563,150,3,1226.96,2,4,4,10,2-4-4,Dormant Spenders,1,1,0.9522
15564,99,2,70.74,2,3,1,6,2-3-1,Fading Customers,1,1,0.6605
15566,28,2,213.37,4,3,2,9,4-3-2,Occasional Browsers,1,0,0.0197
15569,26,5,362.56,4,4,3,11,4-4-3,Loyal Mid-Tier,0,0,0.0078
15570,5,13,3256.64,5,5,5,15,5-5-5,High-Value Regulars,0,0,0.0099
15571,22,10,2376.89,4,5,5,14,4-5-5,High-Value Regulars,0,0,0.0027
15572,16,3,1122.47,4,4,4,12,4-4-4,High-Value Regulars,0,0,0.0048
15573,254,3,430.93,1,4,3,8,1-4-3,Occasional Browsers,1,1,0.8839
15574,8,3,563.76,5,4,3,12,5-4-3,Loyal Mid-Tier,0,0,0.0103
15575,255,1,30.1,1,1,1,3,1-1-1,Disengaged Low-Value,1,1,0.9785
15577,359,2,97.35,1,3,1,5,1-3-1,Occasional Browsers,1,1,0.8579
15579,19,3,636.63,4,4,4,12,4-4-4,High-Value Regulars,0,0,0.0062
15580,12,8,1138.09,5,5,4,14,5-5-4,High-Value Regulars,0,0,0.0018
15581,2,26,3147.76,5,5,5,15,5-5-5,High-Value Regulars,0,0,0.0025
15583,12,1,87.46,5,1,1,7,5-1-1,Promising Newcomers,1,0,0.0097
15584,35,2,408.09,4,3,3,10,4-3-3,Loyal Mid-Tier,1,0,0.0183
15586,228,3,555.9,1,4,3,8,1-4-3,Occasional Browsers,1,1,0.9254
15590,18,5,1337.3,4,4,5,13,4-4-5,High-Value Regulars,0,0,0.0058
15591,218,2,53.2,1,3,1,5,1-3-1,Occasional Browsers,1,1,0.8345
15595,123,1,64.8,2,1,1,4,2-1-1,Disengaged Low-Value,1,1,0.9694
15596,1,5,1318.35,5,4,5,14,5-4-5,High-Value Regulars,0,0,0.0082
15597,211,1,238.8,1,1,2,4,1-1-2,Disengaged Low-Value,1,1,0.9699
15598,63,1,297.39,3,1,2,6,3-1-2,Occasional Browsers,1,0,0.0415
15599,81,1,433.12,2,1,3,6,2-1-3,Occasional Browsers,1,1,0.6761
15600,64,4,910.04,3,4,4,11,3-4-4,Loyal Mid-Tier,0,0,0.0068
15601,8,17,6337.2,5,5,5,15,5-5-5,High-Value Regulars,0,0,0.0021
15602,4,8,1161.9,5,5,4,14,5-5-4,High-Value Regulars,0,0,0.002
15603,284,1,40.0,1,1,1,3,1-1-1,Disengaged Low-Value,1,1,0.964
15605,9,5,650.92,5,4,4,13,5-4-4,High-Value Regulars,0,0,0.0021
15606,26,8,789.95,4,5,4,13,4-5-4,High-Value Regulars,0,0,0.009
15607,179,8,1102.56,1,5,4,10,1-5-4,Dormant Spenders,0,1,0.961
15608,51,1,641.95,3,1,4,8,3-1-4,Big Spender Infrequent,1,0,0.0842
15611,37,11,587.43,3,5,4,12,3-5-4,Loyal Mid-Tier,0,0,0.0034
15613,246,1,305.5,1,1,2,4,1-1-2,Disengaged Low-Value,1,1,0.9428
15614,73,4,710.08,2,4,4,10,2-4-4,Dormant Spenders,0,0,0.2782
15615,26,23,6128.71,4,5,5,14,4-5-5,High-Value Regulars,0,0,0.0022
15616,74,1,166.26,2,1,2,5,2-1-2,Disengaged Low-Value,1,1,0.9033
15617,32,3,558.3,4,4,3,11,4-4-3,Loyal Mid-Tier,0,0,0.0075
15620,45,1,304.01,3,1,2,6,3-1-2,Occasional Browsers,1,0,0.0539
15622,63,8,3406.53,3,5,5,13,3-5-5,Loyal Mid-Tier,0,0,0.0044
15623,29,7,1567.62,4,5,5,14,4-5-5,High-Value Regulars,0,0,0.0017
15625,12,5,1499.34,5,4,5,14,5-4-5,High-Value Regulars,0,0,0.0066
15626,57,1,376.6,3,1,3,7,3-1-3,Occasional Browsers,1,1,0.5902
15627,93,2,296.42,2,3,2,7,2-3-2,Fading Customers,1,1,0.7142
15628,2,9,2429.7,5,5,5,15,5-5-5,High-Value Regulars,0,0,0.0018
15629,86,4,1076.0,2,4,4,10,2-4-4,Dormant Spenders,0,1,0.7208
15630,280,1,295.05,1,1,2,4,1-1-2,Disengaged Low-Value,1,1,0.9417
15631,278,1,508.39,1,1,3,5,1-1-3,Occasional Browsers,1,1,0.7496
15633,145,12,2424.13,2,5,5,12,2-5-5,Dormant Spenders,0,1,0.8383
15634,19,1,311.1,4,1,3,8,4-1-3,Promising Newcomers,1,0,0.0257
15636,73,2,520.17,2,3,3,8,2-3-3,Fading Customers,1,1,0.6905
15637,49,3,306.3,3,4,2,9,3-4-2,Occasional Browsers,1,0,0.0273
15638,72,3,132.0,2,4,1,7,2-4-1,Occasional Browsers,1,0,0.2999
15639,87,2,570.96,2,3,3,8,2-3-3,Fading Customers,1,1,0.5858
15640,8,11,3261.88,5,5,5,15,5-5-5,High-Value Regulars,0,0,0.0019
15641,32,8,2578.82,4,5,5,14,4-5-5,High-Value Regulars,0,0,0.0018
15645,50,2,196.21,3,3,2,8,3-3-2,Fading Customers,1,0,0.4784
15646,8,3,453.57,5,4,3,12,5-4-3,Loyal Mid-Tier,0,0,0.0055
15647,51,1,169.0,3,1,2,6,3-1-2,Occasional Browsers,1,0,0.0454
15649,23,1,35.6,4,1,1,6,4-1-1,Promising Newcomers,1,0,0.0205
15650,157,2,451.33,2,3,3,8,2-3-3,Fading Customers,1,1,0.8459
15651,56,2,325.4,3,3,3,9,3-3-3,Loyal Mid-Tier,1,0,0.0473
15652,23,4,531.35,4,4,3,11,4-4-3,Loyal Mid-Tier,0,0,0.0081
15658,8,4,1069.57,5,4,4,13,5-4-4,High-Value Regulars,0,0,0.0019
15659,22,2,83.04,4,3,1,8,4-3-1,Occasional Browsers,1,0,0.2017
15660,1,7,968.92,5,5,4,14,5-5-4,High-Value Regulars,0,0,0.0026
15661,15,6,422.07,5,5,3,13,5-5-3,Loyal Mid-Tier,0,0,0.0076
15662,297,2,145.42,1,3,1,5,1-3-1,Occasional Browsers,1,1,0.7935
15664,85,3,705.85,2,4,4,10,2-4-4,Dormant Spenders,1,1,0.646
15665,47,3,1491.86,3,4,5,12,3-4-5,Loyal Mid-Tier,0,0,0.0082
15666,108,2,506.33,2,3,3,8,2-3-3,Fading Customers,1,1,0.7297
15670,192,1,80.0,1,1,1,3,1-1-1,Disengaged Low-Value,1,1,0.9641
15672,361,1,32.55,1,1,1,3,1-1-1,Disengaged Low-Value,1,1,0.9726
15673,87,5,1827.17,2,4,5,11,2-4-5,Dormant Spenders,0,1,0.8079
15674,53,8,3319.89,3,5,5,13,3-5-5,Loyal Mid-Tier,0,0,0.0021
15675,40,1,186.55,3,1,2,6,3-1-2,Occasional Browsers,1,0,0.0421
15677,57,2,490.25,3,3,3,9,3-3-3,Loyal Mid-Tier,1,0,0.0748
15678,31,2,979.27,4,3,4,11,4-3-4,Loyal Mid-Tier,0,0,0.0088
15680,2,8,2729.94,5,5,5,15,5-5-5,High-Value Regulars,0,0,0.0018
15681,15,5,401.9,5,4,3,12,5-4-3,Loyal Mid-Tier,0,0,0.0051
15682,235,2,318.24,1,3,3,7,1-3-3,Occasional Browsers,1,1,0.912
15683,109,1,287.49,2,1,2,5,2-1-2,Disengaged Low-Value,1,1,0.9588
15684,183,3,116.25,1,4,1,6,1-4-1,Occasional Browsers,1,1,0.6144
15685,86,1,38.98,2,1,1,4,2-1-1,Disengaged Low-Value,1,1,0.9445
15688,54,1,172.67,3,1,2,6,3-1-2,Occasional Browsers,1,0,0.0529
15689,253,1,205.98,1,1,2,4,1-1-2,Disengaged Low-Value,1,1,0.9572
15691,30,3,189.3,4,4,2,10,4-4-2,Occasional Browsers,1,0,0.043
15694,1,9,589.4,5,5,4,14,5-5-4,High-Value Regulars,0,0,0.0029
15695,233,2,493.4,1,3,3,7,1-3-3,Occasional Browsers,1,1,0.9256
15696,59,5,687.86,3,4,4,11,3-4-4,Loyal Mid-Tier,0,0,0.0056
15697,325,1,219.9,1,1,2,4,1-1-2,Disengaged Low-Value,1,1,0.9283
15698,260,1,15.0,1,1,1,3,1-1-1,Disengaged Low-Value,1,1,0.9638
15702,112,1,86.72,2,1,1,4,2-1-1,Disengaged Low-Value,1,1,0.9686
15704,138,2,1048.31,2,3,4,9,2-3-4,Fading Customers,1,1,0.8379
15708,5,3,693.27,5,4,4,13,5-4-4,High-Value Regulars,0,0,0.0105
15709,225,1,73.3,1,1,1,3,1-1-1,Disengaged Low-Value,1,1,0.9576
15710,53,1,708.0,3,1,4,8,3-1-4,Big Spender Infrequent,1,0,0.1055
15711,192,2,384.45,1,3,3,7,1-3-3,Occasional Browsers,1,1,0.8875
15712,15,7,1742.35,5,5,5,15,5-5-5,High-Value Regulars,0,0,0.002
15713,2,3,511.94,5,4,3,12,5-4-3,Loyal Mid-Tier,0,0,0.0017
15714,89,2,184.93,2,3,2,7,2-3-2,Fading Customers,1,1,0.7154
15715,191,5,574.52,1,4,3,8,1-4-3,Occasional Browsers,1,1,0.9326
15716,5,8,1533.83,5,5,5,15,5-5-5,High-Value Regulars,0,0,0.002
15717,57,4,338.3,3,4,3,10,3-4-3,Loyal Mid-Tier,1,0,0.0707
15718,176,1,293.79,2,1,2,5,2-1-2,Disengaged Low-Value,1,1,0.9745
15719,17,18,4407.25,4,5,5,14,4-5-5,High-Value Regulars,0,0,0.0022
15720,186,1,91.39,1,1,1,3,1-1-1,Disengaged Low-Value,1,1,0.9796
15722,81,5,895.5,2,4,4,10,2-4-4,Dormant Spenders,0,1,0.8578
15723,47,3,456.86,3,4,3,10,3-4-3,Loyal Mid-Tier,1,0,0.0568
15724,36,1,92.6,4,1,1,6,4-1-1,Promising Newcomers,1,0,0.01
15726,26,1,199.91,4,1,2,7,4-1-2,Promising Newcomers,1,0,0.011
15727,23,7,2966.75,4,5,5,14,4-5-5,High-Value Regulars,0,0,0.002
15728,15,2,166.6,5,3,2,10,5-3-2,Occasional Browsers,1,1,0.6143
15729,36,2,107.55,4,3,1,8,4-3-1,Occasional Browsers,1,1,0.7666
15730,17,2,525.95,4,3,3,10,4-3-3,Loyal Mid-Tier,1,0,0.0794
15731,189,1,125.3,1,1,1,3,1-1-1,Disengaged Low-Value,1,1,0.967
15732,8,9,1236.66,5,5,4,14,5-5-4,High-Value Regulars,0,0,0.0024
15734,72,2,167.3,2,3,2,7,2-3-2,Fading Customers,1,1,0.6445
15735,57,1,293.78,3,1,2,6,3-1-2,Occasional Browsers,1,0,0.0477
15736,71,2,1240.94,3,3,5,11,3-3-5,Loyal Mid-Tier,1,0,0.0551
15738,8,26,3988.61,5,5,5,15,5-5-5,High-Value Regulars,0,0,0.0025
15741,94,2,195.87,2,3,2,7,2-3-2,Fading Customers,1,1,0.7462
15742,255,1,100.77,1,1,1,3,1-1-1,Disengaged Low-Value,1,1,0.9775
15747,11,6,1171.57,5,5,4,14,5-5-4,High-Value Regulars,0,0,0.0018
15748,85,2,51.1,2,3,1,6,2-3-1,Fading Customers,1,1,0.7268
15750,2,12,3351.44,5,5,5,15,5-5-5,High-Value Regulars,0,0,0.0024
15751,96,10,1000.72,2,5,4,11,2-5-4,Dormant Spenders,0,1,0.8352
15752,8,3,1432.35,5,4,5,14,5-4-5,High-Value Regulars,0,0,0.0091
15754,135,4,1453.34,2,4,5,11,2-4-5,Dormant Spenders,0,1,0.932
15755,15,11,3238.66,5,5,5,15,5-5-5,High-Value Regulars,0,0,0.0019
15757,22,4,1779.19,4,4,5,13,4-4-5,High-Value Regulars,0,0,0.0096
15759,147,3,115.65,2,4,1,7,2-4-1,Occasional Browsers,1,1,0.6053
15761,78,1,37.95,2,1,1,4,2-1-1,Disengaged Low-Value,1,1,0.8793
15764,70,2,974.32,3,3,4,10,3-3-4,Loyal Mid-Tier,1,0,0.0483
15765,302,1,298.38,1,1,2,4,1-1-2,Disengaged Low-Value,1,1,0.9359
15766,92,2,173.7,2,3,2,7,2-3-2,Fading Customers,1,1,0.5235
15768,112,31,6742.22,2,5,5,12,2-5-5,Dormant Spenders,0,1,0.8905
15769,10,1,30.6,5,1,1,7,5-1-1,Promising Newcomers,1,0,0.0149
15770,248,1,283.2,1,1,2,4,1-1-2,Disengaged Low-Value,1,1,0.9722
15771,240,3,368.65,1,4,3,8,1-4-3,Occasional Browsers,1,1,0.9258
15772,54,1,224.08,3,1,2,6,3-1-2,Occasional Browsers,1,0,0.0483
15773,45,1,122.94,3,1,1,5,3-1-1,Occasional Browsers,1,0,0.038
15774,54,5,749.84,3,4,4,11,3-4-4,Loyal Mid-Tier,0,0,0.0062
15777,32,3,162.0,4,4,2,10,4-4-2,Occasional Browsers,1,1,0.5467
15778,67,1,282.45,3,1,2,6,3-1-2,Occasional Browsers,1,0,0.0746
15779,99,2,85.83,2,3,1,6,2-3-1,Fading Customers,1,1,0.8669
15782,66,1,154.5,3,1,1,5,3-1-1,Occasional Browsers,1,0,0.0481
15784,103,2,533.48,2,3,3,8,2-3-3,Fading Customers,1,1,0.6662
15785,15,11,1555.65,5,5,5,15,5-5-5,High-Value Regulars,0,0,0.0024
15786,53,2,2828.3,3,3,5,11,3-3-5,Loyal Mid-Tier,0,0,0.0175
15788,144,1,157.33,2,1,1,4,2-1-1,Disengaged Low-Value,1,1,0.9435
15789,67,5,1157.66,3,4,4,11,3-4-4,Loyal Mid-Tier,0,0,0.0067
15791,165,3,1479.32,2,4,5,11,2-4-5,Dormant Spenders,1,1,0.9738
15792,35,2,888.12,4,3,4,11,4-3-4,Loyal Mid-Tier,1,0,0.027
15793,14,5,120.0,5,4,1,10,5-4-1,Occasional Browsers,0,0,0.012
15794,373,1,123.15,1,1,1,3,1-1-1,Disengaged Low-Value,1,1,0.9308
15795,66,7,1298.38,3,5,5,13,3-5-5,Loyal Mid-Tier,0,0,0.0065
15796,10,9,1467.52,5,5,5,15,5-5-5,High-Value Regulars,0,0,0.0066
15798,128,3,1382.28,2,4,5,11,2-4-5,Dormant Spenders,1,1,0.8614
15799,54,1,387.68,3,1,3,7,3-1-3,Occasional Browsers,1,1,0.6382
15800,89,5,306.63,2,4,2,8,2-4-2,Occasional Browsers,1,1,0.7252
15803,81,2,515.7,2,3,3,8,2-3-3,Fading Customers,1,1,0.5078
15805,21,13,3391.73,4,5,5,14,4-5-5,High-Value Regulars,0,0,0.0018
15807,44,2,653.88,3,3,4,10,3-3-4,Loyal Mid-Tier,1,0,0.0274
15808,5,18,6905.36,5,5,5,15,5-5-5,High-Value Regulars,0,0,0.0026
15809,95,2,257.04,2,3,2,7,2-3-2,Fading Customers,1,1,0.7036
15810,22,4,1069.76,4,4,4,12,4-4-4,High-Value Regulars,0,0,0.0016
15811,1,2,1202.08,5,3,4,12,5-3-4,Loyal Mid-Tier,0,0,0.0087
15812,71,7,425.02,3,5,3,11,3-5-3,Loyal Mid-Tier,0,0,0.0024
15814,29,2,380.51,4,3,3,10,4-3-3,Loyal Mid-Tier,1,0,0.0574
15816,178,2,93.3,1,3,1,5,1-3-1,Occasional Browsers,1,1,0.808
15817,56,3,2279.4,3,4,5,12,3-4-5,Loyal Mid-Tier,0,0,0.014
15818,224,1,123.5,1,1,1,3,1-1-1,Disengaged Low-Value,1,1,0.9463
15819,67,6,1902.06,3,5,5,13,3-5-5,Loyal Mid-Tier,0,0,0.0063
15822,129,4,441.09,2,4,3,9,2-4-3,Occasional Browsers,1,1,0.8423
15823,367,1,2400.67,1,1,5,7,1-1-5,Dormant Spenders,1,1,0.9519
15824,89,2,249.3,2,3,2,7,2-3-2,Fading Customers,1,1,0.6641
15826,204,1,509.26,1,1,3,5,1-1-3,Occasional Browsers,1,1,0.8158
15827,8,15,1021.68,5,5,4,14,5-5-4,High-Value Regulars,0,0,0.0024
15828,11,1,692.57,5,1,4,10,5-1-4,Promising Newcomers,1,0,0.0334
15833,373,1,80.4,1,1,1,3,1-1-1,Disengaged Low-Value,1,1,0.9734
15834,12,3,1302.94,5,4,5,14,5-4-5,High-Value Regulars,0,0,0.0082
15837,121,1,322.38,2,1,3,6,2-1-3,Occasional Browsers,1,1,0.7229
15841,22,4,350.9,4,4,3,11,4-4-3,Loyal Mid-Tier,0,0,0.002
15842,29,2,389.68,4,3,3,10,4-3-3,Loyal Mid-Tier,1,0,0.0609
15845,172,3,499.96,2,4,3,9,2-4-3,Occasional Browsers,1,1,0.9312
15846,21,1,107.01,4,1,1,6,4-1-1,Promising Newcomers,1,0,0.0103
15847,64,3,356.8,3,4,3,10,3-4-3,Loyal Mid-Tier,1,0,0.0562
15848,257,1,121.04,1,1,1,3,1-1-1,Disengaged Low-Value,1,1,0.9584
15850,12,4,611.18,5,4,4,13,5-4-4,High-Value Regulars,0,0,0.002
15851,162,1,70.73,2,1,1,4,2-1-1,Disengaged Low-Value,1,1,0.9541
15852,162,1,9.35,2,1,1,4,2-1-1,Disengaged Low-Value,1,1,0.9238
15854,12,8,1083.77,5,5,4,14,5-5-4,High-Value Regulars,0,0,0.0021
15855,112,1,128.8,2,1,1,4,2-1-1,Disengaged Low-Value,1,1,0.968
15856,1,26,4479.82,5,5,5,15,5-5-5,High-Value Regulars,0,0,0.0026
15857,66,1,73.08,3,1,1,5,3-1-1,Occasional Browsers,1,0,0.0636
15858,3,9,1845.58,5,5,5,15,5-5-5,High-Value Regulars,0,0,0.0019
15859,68,1,244.16,3,1,2,6,3-1-2,Occasional Browsers,1,0,0.0486
15860,4,10,1196.08,5,5,4,14,5-5-4,High-Value Regulars,0,0,0.0021
15861,92,4,1037.64,2,4,4,10,2-4-4,Dormant Spenders,0,1,0.8418
15862,9,10,1577.82,5,5,5,15,5-5-5,High-Value Regulars,0,0,0.0019
15863,253,3,245.11,1,4,2,7,1-4-2,Occasional Browsers,1,1,0.8269
15864,17,1,12.6,4,1,1,6,4-1-1,Promising Newcomers,1,0,0.0121
15865,49,2,930.03,3,3,4,10,3-3-4,Loyal Mid-Tier,1,0,0.0042
15867,5,16,3746.16,5,5,5,15,5-5-5,High-Value Regulars,0,0,0.0026
15868,219,1,41.43,1,1,1,3,1-1-1,Disengaged Low-Value,1,1,0.9742
15869,262,1,171.47,1,1,2,4,1-1-2,Disengaged Low-Value,1,1,0.959
15870,32,3,291.47,4,4,2,10,4-4-2,Occasional Browsers,1,1,0.733
15871,73,1,6.7,2,1,1,4,2-1-1,Disengaged Low-Value,1,1,0.9514
15872,14,2,306.7,5,3,2,10,5-3-2,Occasional Browsers,1,0,0.3503
15874,23,12,2977.81,4,5,5,14,4-5-5,High-Value Regulars,0,0,0.0019
15875,282,1,108.52,1,1,1,3,1-1-1,Disengaged Low-Value,1,1,0.9657
15878,197,2,206.06,1,3,2,6,1-3-2,Occasional Browsers,1,1,0.6235
15879,40,3,733.91,3,4,4,11,3-4-4,Loyal Mid-Tier,0,0,0.0023
15880,5,1,292.18,5,1,2,8,5-1-2,Promising Newcomers,1,0,0.0106
15882,4,5,518.65,5,4,3,12,5-4-3,Loyal Mid-Tier,0,0,0.0024
15884,68,2,96.7,3,3,1,7,3-3-1,Fading Customers,1,0,0.0267
15885,52,9,578.07,3,5,3,11,3-5-3,Loyal Mid-Tier,0,0,0.0091
15886,52,3,391.3,3,4,3,10,3-4-3,Loyal Mid-Tier,1,0,0.0385
15887,191,1,383.15,1,1,3,5,1-1-3,Occasional Browsers,1,1,0.8171
15888,36,2,139.0,4,3,1,8,4-3-1,Occasional Browsers,1,1,0.6131
15889,5,7,1069.23,5,5,4,14,5-5-4,High-Value Regulars,0,0,0.0018
15890,30,3,96.65,4,4,1,9,4-4-1,Occasional Browsers,1,0,0.3629
15892,305,1,94.75,1,1,1,3,1-1-1,Disengaged Low-Value,1,1,0.9779
15894,5,1,143.49,5,1,1,7,5-1-1,Promising Newcomers,1,0,0.0081
15898,3,22,3581.73,5,5,5,15,5-5-5,High-Value Regulars,0,0,0.0023
15899,4,1,43.5,5,1,1,7,5-1-1,Promising Newcomers,1,0,0.0132
15900,49,3,370.73,3,4,3,10,3-4-3,Loyal Mid-Tier,1,0,0.0598
15901,87,2,291.24,2,3,2,7,2-3-2,Fading Customers,1,1,0.5199
15902,16,1,107.85,4,1,1,6,4-1-1,Promising Newcomers,1,0,0.012
15903,113,1,61.2,2,1,1,4,2-1-1,Disengaged Low-Value,1,1,0.9766
15905,179,1,98.79,1,1,1,3,1-1-1,Disengaged Low-Value,1,1,0.9622
15906,10,3,350.1,5,4,3,12,5-4-3,Loyal Mid-Tier,0,0,0.0094
15908,148,1,146.39,2,1,1,4,2-1-1,Disengaged Low-Value,1,1,0.957
15910,36,7,1256.43,4,5,5,14,4-5-5,High-Value Regulars,0,0,0.0019
15911,259,8,1482.24,1,5,5,11,1-5-5,Dormant Spenders,0,1,0.9622
15912,72,7,435.32,2,5,3,10,2-5-3,Occasional Browsers,0,0,0.0219
15913,170,1,6.3,2,1,1,4,2-1-1,Disengaged Low-Value,1,1,0.9546
15914,14,2,44.73,5,3,1,9,5-3-1,Occasional Browsers,1,1,0.6946
15915,37,1,286.26,3,1,2,6,3-1-2,Occasional Browsers,1,0,0.0379
15916,2,6,1262.03,5,5,5,15,5-5-5,High-Value Regulars,0,0,0.0018
15917,242,4,348.27,1,4,3,8,1-4-3,Occasional Browsers,1,1,0.9077
15918,267,1,248.65,1,1,2,4,1-1-2,Disengaged Low-Value,1,1,0.9681
15919,4,1,172.13,5,2,2,9,5-2-2,Promising Newcomers,1,0,0.0198
15920,60,4,173.14,3,4,2,9,3-4-2,Occasional Browsers,1,0,0.0421
15921,32,3,283.48,4,4,2,10,4-4-2,Occasional Browsers,1,0,0.4856
15922,9,1,167.6,5,2,2,9,5-2-2,Promising Newcomers,1,0,0.0157
15923,8,1,78.3,5,2,1,8,5-2-1,Promising Newcomers,1,0,0.0139
15924,367,1,77.75,1,2,1,4,1-2-1,Disengaged Low-Value,1,1,0.9833
15926,178,1,82.54,1,2,1,4,1-2-1,Disengaged Low-Value,1,1,0.9826
15927,283,1,93.1,1,2,1,4,1-2-1,Disengaged Low-Value,1,1,0.9842
15928,292,1,101.53,1,2,1,4,1-2-1,Disengaged Low-Value,1,1,0.973
15931,64,1,199.95,3,2,2,7,3-2-2,Fading Customers,1,1,0.574
15934,53,1,29.52,3,2,1,6,3-2-1,Fading Customers,1,0,0.4452
15936,15,2,241.39,5,3,2,10,5-3-2,Occasional Browsers,1,1,0.6359
15938,92,4,310.33,2,4,2,8,2-4-2,Occasional Browsers,1,1,0.7632
15939,10,1,690.04,5,2,4,11,5-2-4,Promising Newcomers,1,0,0.0121
15943,285,2,232.14,1,3,2,6,1-3-2,Occasional Browsers,1,1,0.6306
15944,29,3,317.4,4,4,3,11,4-4-3,Loyal Mid-Tier,1,0,0.0055
15945,1,4,186.41,5,4,2,11,5-4-2,Occasional Browsers,0,0,0.0169
15946,138,1,15.0,2,2,1,5,2-2-1,Fading Customers,1,1,0.6889
15948,60,1,530.45,3,2,3,8,3-2-3,Fading Customers,1,1,0.6511
15950,11,6,2983.98,5,5,5,15,5-5-5,High-Value Regulars,0,0,0.0023
15951,17,1,229.45,4,2,2,8,4-2-2,Promising Newcomers,1,0,0.0189
15953,5,10,699.43,5,5,4,14,5-5-4,High-Value Regulars,0,0,0.0025
15954,225,1,151.75,1,2,1,4,1-2-1,Disengaged Low-Value,1,1,0.9799
15955,8,8,3129.62,5,5,5,15,5-5-5,High-Value Regulars,0,0,0.0021
15956,187,1,249.95,1,2,2,5,1-2-2,Disengaged Low-Value,1,1,0.9782
15957,56,2,475.46,3,3,3,9,3-3-3,Loyal Mid-Tier,1,0,0.0586
15958,39,3,313.02,3,4,3,10,3-4-3,Loyal Mid-Tier,1,0,0.105
15959,318,2,403.39,1,3,3,7,1-3-3,Occasional Browsers,1,1,0.9012
15960,10,4,303.45,5,4,2,11,5-4-2,Occasional Browsers,0,0,0.141
15961,15,1,183.92,5,2,2,9,5-2-2,Promising Newcomers,1,0,0.0246
15962,85,1,280.98,2,2,2,6,2-2-2,Fading Customers,1,0,0.368
15964,299,1,269.21,1,2,2,5,1-2-2,Disengaged Low-Value,1,1,0.9866
15965,3,8,1508.31,5,5,5,15,5-5-5,High-Value Regulars,0,0,0.0019
15966,86,1,426.53,2,2,3,7,2-2-3,Fading Customers,1,0,0.3994
15967,15,10,2074.87,5,5,5,15,5-5-5,High-Value Regulars,0,0,0.0024
15968,24,1,295.1,4,2,2,8,4-2-2,Promising Newcomers,1,0,0.0197
15969,61,2,177.9,3,3,2,8,3-3-2,Fading Customers,1,1,0.6394
15970,234,1,182.72,1,2,2,5,1-2-2,Disengaged Low-Value,1,1,0.9714
15972,92,4,1128.53,2,4,4,10,2-4-4,Dormant Spenders,0,1,0.9657
15973,2,2,104.6,5,3,1,9,5-3-1,Occasional Browsers,1,1,0.6531
15976,46,4,1027.22,3,4,4,11,3-4-4,Loyal Mid-Tier,0,0,0.0124
15978,68,2,1121.32,3,3,4,10,3-3-4,Loyal Mid-Tier,1,0,0.0302
15979,238,1,291.3,1,2,2,5,1-2-2,Disengaged Low-Value,1,1,0.9779
15980,126,3,548.0,2,4,3,9,2-4-3,Occasional Browsers,1,1,0.936
15981,101,6,2110.99,2,5,5,12,2-5-5,Dormant Spenders,0,1,0.9081
15982,241,1,255.91,1,2,2,5,1-2-2,Disengaged Low-Value,1,1,0.9827
15983,1,6,1654.75,5,5,5,15,5-5-5,High-Value Regulars,0,0,0.0017
15984,4,17,3025.27,5,5,5,15,5-5-5,High-Value Regulars,0,0,0.0023
15985,72,5,1084.34,2,4,4,10,2-4-4,Dormant Spenders,0,1,0.7803
15986,17,1,186.3,4,2,2,8,4-2-2,Promising Newcomers,1,0,0.0185
15987,4,2,208.75,5,3,2,10,5-3-2,Occasional Browsers,0,0,0.0802
15988,187,2,523.96,1,3,3,7,1-3-3,Occasional Browsers,1,1,0.8806
15989,11,2,277.22,5,3,2,10,5-3-2,Occasional Browsers,1,0,0.0211
15990,130,5,981.49,2,4,4,10,2-4-4,Dormant Spenders,0,1,0.9539
15991,170,1,42.1,2,2,1,5,2-2-1,Fading Customers,1,1,0.8541
15992,32,2,821.71,4,3,4,11,4-3-4,Loyal Mid-Tier,1,0,0.0678
15994,47,2,624.85,3,3,4,10,3-3-4,Loyal Mid-Tier,1,0,0.0381
15995,50,1,464.44,3,2,3,8,3-2-3,Fading Customers,1,1,0.5217
15996,2,2,451.93,5,3,3,11,5-3-3,Loyal Mid-Tier,0,0,0.0078
15998,29,11,4458.26,4,5,5,14,4-5-5,High-Value Regulars,0,0,0.0027
15999,371,1,20.4,1,2,1,4,1-2-1,Disengaged Low-Value,1,1,0.9868
16001,17,1,499.84,4,2,3,9,4-2-3,Promising Newcomers,1,0,0.0244
16002,261,1,148.51,1,2,1,4,1-2-1,Disengaged Low-Value,1,1,0.9754
16003,17,4,1296.27,4,4,5,13,4-4-5,High-Value Regulars,0,0,0.0018
16004,110,5,1444.9,2,4,5,11,2-4-5,Dormant Spenders,0,1,0.8014
16005,11,6,1573.63,5,5,5,15,5-5-5,High-Value Regulars,0,0,0.0078
16006,23,1,215.52,4,2,2,8,4-2-2,Promising Newcomers,1,0,0.0188
16007,19,3,1251.57,4,4,5,13,4-4-5,High-Value Regulars,0,0,0.0167
16008,18,12,2785.24,4,5,5,14,4-5-5,High-Value Regulars,0,0,0.006
16010,12,8,1302.46,5,5,5,15,5-5-5,High-Value Regulars,0,0,0.0097
16011,2,14,2083.2,5,5,5,15,5-5-5,High-Value Regulars,0,0,0.0023
16012,37,2,1379.4,3,3,5,11,3-3-5,Loyal Mid-Tier,0,0,0.0164
16013,330,1,220.2,1,2,2,5,1-2-2,Disengaged Low-Value,1,1,0.9676
16014,44,2,409.15,3,3,3,9,3-3-3,Loyal Mid-Tier,1,0,0.0206
16016,2,4,736.71,5,4,4,13,5-4-4,High-Value Regulars,0,0,0.0101
16017,53,4,1118.1,3,4,4,11,3-4-4,Loyal Mid-Tier,0,0,0.0022
16018,32,2,126.63,4,3,1,8,4-3-1,Occasional Browsers,1,0,0.0336
16019,28,13,1302.71,4,5,5,14,4-5-5,High-Value Regulars,0,0,0.0024
16021,31,2,386.68,4,3,3,10,4-3-3,Loyal Mid-Tier,1,0,0.0473
16024,47,2,51.96,3,3,1,7,3-3-1,Fading Customers,1,0,0.3978
16027,217,3,96.0,1,4,1,6,1-4-1,Occasional Browsers,1,1,0.798
16028,231,1,65.2,1,2,1,4,1-2-1,Disengaged Low-Value,1,1,0.9894
16032,92,6,1813.01,2,5,5,12,2-5-5,Dormant Spenders,0,1,0.9273
16033,5,8,1194.78,5,5,4,14,5-5-4,High-Value Regulars,0,0,0.0081
16034,30,2,281.92,4,3,2,9,4-3-2,Occasional Browsers,1,1,0.5457
16035,196,1,82.43,1,2,1,4,1-2-1,Disengaged Low-Value,1,1,0.9886
16036,60,2,1024.27,3,3,4,10,3-3-4,Loyal Mid-Tier,1,0,0.0478
16037,180,2,454.82,1,3,3,7,1-3-3,Occasional Browsers,1,1,0.9175
16039,59,2,438.5,3,3,3,9,3-3-3,Loyal Mid-Tier,1,0,0.0321
16040,66,4,915.2,3,4,4,11,3-4-4,Loyal Mid-Tier,0,0,0.0054
16042,15,3,824.28,5,4,4,13,5-4-4,High-Value Regulars,0,0,0.0056
16043,18,3,423.6,4,4,3,11,4-4-3,Loyal Mid-Tier,0,0,0.0072
16044,71,1,307.94,3,2,2,7,3-2-2,Fading Customers,1,0,0.4602
16045,52,4,891.4,3,4,4,11,3-4-4,Loyal Mid-Tier,0,0,0.0083
16046,198,1,168.79,1,2,2,5,1-2-2,Disengaged Low-Value,1,1,0.9788
16048,9,4,579.99,5,4,3,12,5-4-3,Loyal Mid-Tier,0,0,0.0048
16049,11,3,591.19,5,4,4,13,5-4-4,High-Value Regulars,0,0,0.0116
16050,19,2,145.8,4,3,1,8,4-3-1,Occasional Browsers,1,1,0.6568
16051,317,1,188.44,1,2,2,5,1-2-2,Disengaged Low-Value,1,1,0.9772
16053,49,4,1502.21,3,4,5,12,3-4-5,Loyal Mid-Tier,0,0,0.005
16054,54,3,620.81,3,4,4,11,3-4-4,Loyal Mid-Tier,1,0,0.0378
16057,155,3,1407.38,2,4,5,11,2-4-5,Dormant Spenders,1,1,0.9301
16058,42,1,17.7,3,2,1,6,3-2-1,Fading Customers,1,1,0.7126
16059,3,7,1531.21,5,5,5,15,5-5-5,High-Value Regulars,0,0,0.0062
16060,66,2,332.15,3,3,3,9,3-3-3,Loyal Mid-Tier,1,0,0.08
16061,67,1,29.75,3,2,1,6,3-2-1,Fading Customers,1,1,0.7623
16062,15,4,1346.57,5,4,5,14,5-4-5,High-Value Regulars,0,0,0.0065
16064,361,1,93.41,1,2,1,4,1-2-1,Disengaged Low-Value,1,1,0.9786
16065,1,8,1774.88,5,5,5,15,5-5-5,High-Value Regulars,0,0,0.0091
16067,198,3,558.21,1,4,3,8,1-4-3,Occasional Browsers,1,1,0.9337
16068,229,1,97.28,1,2,1,4,1-2-1,Disengaged Low-Value,1,1,0.9833
16069,53,1,220.4,3,2,2,7,3-2-2,Fading Customers,1,0,0.4755
16071,163,3,739.61,2,4,4,10,2-4-4,Dormant Spenders,1,1,0.9692
16072,64,3,2416.77,3,4,5,12,3-4-5,Loyal Mid-Tier,0,0,0.0263
16074,26,1,102.35,4,2,1,7,4-2-1,Promising Newcomers,1,0,0.0189
16075,138,2,515.23,2,3,3,8,2-3-3,Fading Customers,1,1,0.8787
16078,305,1,278.75,1,2,2,5,1-2-2,Disengaged Low-Value,1,1,0.9803
16080,21,2,307.05,4,3,2,9,4-3-2,Occasional Browsers,1,1,0.6055
16081,2,4,1295.13,5,4,5,14,5-4-5,High-Value Regulars,0,0,0.0024
16082,306,1,66.85,1,2,1,4,1-2-1,Disengaged Low-Value,1,1,0.9822
16083,18,2,571.2,4,3,3,10,4-3-3,Loyal Mid-Tier,0,0,0.008
16085,16,7,1063.52,4,5,4,13,4-5-4,High-Value Regulars,0,0,0.0019
16086,3,6,1141.15,5,5,4,14,5-5-4,High-Value Regulars,0,0,0.0017
16088,227,1,33.75,1,2,1,4,1-2-1,Disengaged Low-Value,1,1,0.9813
16089,22,2,213.69,4,3,2,9,4-3-2,Occasional Browsers,1,1,0.6793
16090,260,1,129.56,1,2,1,4,1-2-1,Disengaged Low-Value,1,1,0.9825
16092,140,3,493.84,2,4,3,9,2-4-3,Occasional Browsers,1,1,0.9362
16094,11,7,1435.03,5,5,5,15,5-5-5,High-Value Regulars,0,0,0.0057
16095,92,1,447.05,2,2,3,7,2-2-3,Fading Customers,1,1,0.7076
16096,52,3,594.45,3,4,4,11,3-4-4,Loyal Mid-Tier,1,0,0.0292
16098,9,8,976.53,5,5,4,14,5-5-4,High-Value Regulars,0,0,0.0022
16099,53,3,250.6,3,4,2,9,3-4-2,Occasional Browsers,1,1,0.5377
16100,98,1,565.64,2,2,3,7,2-2-3,Fading Customers,1,1,0.5671
16101,70,3,1577.11,3,4,5,12,3-4-5,Loyal Mid-Tier,0,0,0.0084
16103,25,16,1869.36,4,5,5,14,4-5-5,High-Value Regulars,0,0,0.0025
16104,54,8,1455.24,3,5,5,13,3-5-5,Loyal Mid-Tier,0,0,0.002
16105,74,4,1426.03,2,4,5,11,2-4-5,Dormant Spenders,0,1,0.8829
16108,70,3,1239.67,3,4,5,12,3-4-5,Loyal Mid-Tier,0,0,0.007
16109,334,1,75.6,1,2,1,4,1-2-1,Disengaged Low-Value,1,1,0.9854
16110,158,1,302.35,2,2,2,6,2-2-2,Fading Customers,1,1,0.6343
16111,64,1,418.83,3,2,3,8,3-2-3,Fading Customers,1,1,0.5788
16115,33,4,850.02,4,4,4,12,4-4-4,High-Value Regulars,0,0,0.0049
16117,38,2,353.34,3,3,3,9,3-3-3,Loyal Mid-Tier,1,0,0.0386
16118,288,1,67.44,1,2,1,4,1-2-1,Disengaged Low-Value,1,1,0.9875
16119,30,5,535.63,4,4,3,11,4-4-3,Loyal Mid-Tier,0,0,0.002
16120,58,2,251.57,3,3,2,8,3-3-2,Fading Customers,1,1,0.537
16121,26,3,515.83,4,4,3,11,4-4-3,Loyal Mid-Tier,0,0,0.0063
16122,2,3,303.06,5,4,2,11,5-4-2,Occasional Browsers,0,0,0.1527
16124,54,3,1125.09,3,4,4,11,3-4-4,Loyal Mid-Tier,0,0,0.0019
16125,3,14,3259.59,5,5,5,15,5-5-5,High-Value Regulars,0,0,0.0023
16126,15,11,2973.39,5,5,5,15,5-5-5,High-Value Regulars,0,0,0.0025
16127,362,1,116.41,1,2,1,4,1-2-1,Disengaged Low-Value,1,1,0.9806
16128,16,5,1461.19,4,4,5,13,4-4-5,High-Value Regulars,0,0,0.0086
16129,43,3,1137.99,3,4,4,11,3-4-4,Loyal Mid-Tier,0,0,0.0073
16130,58,4,588.73,3,4,4,11,3-4-4,Loyal Mid-Tier,0,0,0.0042
16131,11,4,1346.89,5,4,5,14,5-4-5,High-Value Regulars,0,0,0.0014
16132,180,2,153.8,1,3,1,5,1-3-1,Occasional Browsers,1,1,0.7172
16133,12,17,1681.21,5,5,5,15,5-5-5,High-Value Regulars,0,0,0.0075
16134,59,3,1239.74,3,4,5,12,3-4-5,Loyal Mid-Tier,0,0,0.007
16135,219,1,264.5,1,2,2,5,1-2-2,Disengaged Low-Value,1,1,0.9779
16136,299,1,97.5,1,2,1,4,1-2-1,Disengaged Low-Value,1,1,0.9721
16137,316,1,382.2,1,2,3,6,1-2-3,Occasional Browsers,1,1,0.8711
16138,14,3,393.5,5,4,3,12,5-4-3,Loyal Mid-Tier,0,0,0.0047
16139,358,2,425.73,1,3,3,7,1-3-3,Occasional Browsers,1,1,0.8815
16140,7,2,577.66,5,3,3,11,5-3-3,Loyal Mid-Tier,0,0,0.0082
16141,53,1,219.89,3,2,2,7,3-2-2,Fading Customers,1,0,0.4909
16143,5,7,1842.59,5,5,5,15,5-5-5,High-Value Regulars,0,0,0.0017
16145,24,8,2301.26,4,5,5,14,4-5-5,High-Value Regulars,0,0,0.0063
16146,84,1,212.25,2,2,2,6,2-2-2,Fading Customers,1,0,0.4247
16147,36,4,1589.18,4,4,5,13,4-4-5,High-Value Regulars,0,0,0.003
16148,72,1,70.2,2,2,1,5,2-2-1,Fading Customers,1,1,0.5184
16149,65,1,105.22,3,2,1,6,3-2-1,Fading Customers,1,1,0.5212
16150,8,6,1767.27,5,5,5,15,5-5-5,High-Value Regulars,0,0,0.0019
16153,56,6,2177.38,3,5,5,13,3-5-5,Loyal Mid-Tier,0,0,0.0082
16155,17,5,646.45,4,4,4,12,4-4-4,High-Value Regulars,0,0,0.0075
16156,18,10,1910.26,4,5,5,14,4-5-5,High-Value Regulars,0,0,0.0023
16158,158,7,347.5,2,5,3,10,2-5-3,Occasional Browsers,1,1,0.8676
16159,106,3,817.54,2,4,4,10,2-4-4,Dormant Spenders,1,1,0.7018
16161,4,25,6036.65,5,5,5,15,5-5-5,High-Value Regulars,0,0,0.0021
16163,1,5,721.88,5,4,4,13,5-4-4,High-Value Regulars,0,0,0.0019
16166,64,2,339.38,3,3,3,9,3-3-3,Loyal Mid-Tier,1,0,0.0304
16167,50,5,794.43,3,4,4,11,3-4-4,Loyal Mid-Tier,0,0,0.0024
16168,5,35,2591.7,5,5,5,15,5-5-5,High-Value Regulars,0,0,0.0025
16170,31,14,4223.12,4,5,5,14,4-5-5,High-Value Regulars,0,0,0.007
16172,109,2,666.25,2,3,4,9,2-3-4,Fading Customers,1,1,0.7095
16174,127,4,753.7,2,4,4,10,2-4-4,Dormant Spenders,1,1,0.969
16175,107,3,581.45,2,4,3,9,2-4-3,Occasional Browsers,1,1,0.9272
16176,57,3,902.04,3,4,4,11,3-4-4,Loyal Mid-Tier,0,0,0.0033
16177,72,7,1663.01,2,5,5,12,2-5-5,Dormant Spenders,0,1,0.5215
16178,37,1,235.84,3,2,2,7,3-2-2,Fading Customers,1,0,0.4983
16180,114,5,2315.35,2,4,5,11,2-4-5,Dormant Spenders,0,1,0.9377
16182,226,1,40.08,1,2,1,4,1-2-1,Disengaged Low-Value,1,1,0.9823
16183,30,3,417.5,4,4,3,11,4-4-3,Loyal Mid-Tier,1,0,0.0707
16185,200,1,104.36,1,2,1,4,1-2-1,Disengaged Low-Value,1,1,0.9789
16186,8,15,4425.2,5,5,5,15,5-5-5,High-Value Regulars,0,0,0.0019
16188,44,1,95.85,3,2,1,6,3-2-1,Fading Customers,1,0,0.486
16190,30,7,1688.85,4,5,5,14,4-5-5,High-Value Regulars,0,0,0.0018
16191,53,4,336.65,3,4,3,10,3-4-3,Loyal Mid-Tier,1,0,0.0053
16192,371,1,129.6,1,2,1,4,1-2-1,Disengaged Low-Value,1,1,0.9763
16193,46,1,301.03,3,2,2,7,3-2-2,Fading Customers,1,0,0.4444
16194,11,1,80.4,5,2,1,8,5-2-1,Promising Newcomers,1,0,0.015
16195,359,1,323.25,1,2,3,6,1-2-3,Occasional Browsers,1,1,0.9219
16196,124,1,93.3,2,2,1,5,2-2-1,Fading Customers,1,1,0.8641
16197,105,8,1184.56,2,5,4,11,2-5-4,Dormant Spenders,0,1,0.6456
16198,73,1,381.51,2,2,3,7,2-2-3,Fading Customers,1,1,0.5889
16199,107,1,29.7,2,2,1,5,2-2-1,Fading Customers,1,1,0.849
16200,18,10,3596.92,4,5,5,14,4-5-5,High-Value Regulars,0,0,0.0027
16201,51,1,207.25,3,2,2,7,3-2-2,Fading Customers,1,0,0.4527
16202,53,8,1372.95,3,5,5,13,3-5-5,Loyal Mid-Tier,0,0,0.0022
16203,8,3,441.28,5,4,3,12,5-4-3,Loyal Mid-Tier,0,0,0.0083
16204,16,2,411.64,4,3,3,10,4-3-3,Loyal Mid-Tier,1,0,0.0061
16205,32,3,625.42,4,4,4,12,4-4-4,High-Value Regulars,0,0,0.0069
16206,23,9,1594.04,4,5,5,14,4-5-5,High-Value Regulars,0,0,0.002
16208,30,8,2021.34,4,5,5,14,4-5-5,High-Value Regulars,0,0,0.0072
16209,18,1,205.3,4,2,2,8,4-2-2,Promising Newcomers,1,0,0.0211
16210,4,11,1271.99,5,5,5,15,5-5-5,High-Value Regulars,0,0,0.0023
16211,74,1,243.57,2,2,2,6,2-2-2,Fading Customers,1,0,0.4893
16212,254,2,540.32,1,3,3,7,1-3-3,Occasional Browsers,1,1,0.9258
16214,71,1,706.5,3,2,4,9,3-2-4,Fading Customers,1,0,0.4423
16218,9,7,1181.87,5,5,4,14,5-5-4,High-Value Regulars,0,0,0.0063
16221,3,7,928.09,5,5,4,14,5-5-4,High-Value Regulars,0,0,0.0088
16222,357,1,389.15,1,2,3,6,1-2-3,Occasional Browsers,1,1,0.904
16223,10,2,868.5,5,3,4,12,5-3-4,Loyal Mid-Tier,0,0,0.0082
16224,23,1,147.3,4,2,1,7,4-2-1,Promising Newcomers,1,0,0.0116
16225,38,10,1469.79,3,5,5,13,3-5-5,Loyal Mid-Tier,0,0,0.0047
16226,14,2,346.05,5,3,3,11,5-3-3,Loyal Mid-Tier,1,0,0.0563
16227,130,2,360.1,2,3,3,8,2-3-3,Fading Customers,1,1,0.8214
16228,21,3,397.79,4,4,3,11,4-4-3,Loyal Mid-Tier,0,0,0.0066
16229,17,4,1492.46,4,4,5,13,4-4-5,High-Value Regulars,0,0,0.0077
16231,15,4,696.05,5,4,4,13,5-4-4,High-Value Regulars,0,0,0.0063
16232,56,3,870.49,3,4,4,11,3-4-4,Loyal Mid-Tier,0,0,0.0078
16233,15,6,615.68,5,5,4,14,5-5-4,High-Value Regulars,0,0,0.0019
16234,112,2,191.88,2,3,2,7,2-3-2,Fading Customers,1,1,0.8172
16235,11,4,841.45,5,4,4,13,5-4-4,High-Value Regulars,0,0,0.007
16237,73,1,104.85,2,2,1,5,2-2-1,Fading Customers,1,1,0.5628
16238,58,1,63.66,3,2,1,6,3-2-1,Fading Customers,1,1,0.5484
16239,18,3,129.6,4,4,1,9,4-4-1,Occasional Browsers,1,1,0.5172
16241,5,4,1293.65,5,4,5,14,5-4-5,High-Value Regulars,0,0,0.008
16242,17,6,3043.26,4,5,5,14,4-5-5,High-Value Regulars,0,0,0.0083
16244,8,1,1024.83,5,2,4,11,5-2-4,Promising Newcomers,0,0,0.0162
16246,95,2,670.25,2,3,4,9,2-3-4,Fading Customers,1,1,0.7096
16250,9,2,338.34,5,3,3,11,5-3-3,Loyal Mid-Tier,1,0,0.0674
16251,148,1,104.46,2,2,1,5,2-2-1,Fading Customers,1,1,0.552
16252,18,1,251.14,4,2,2,8,4-2-2,Promising Newcomers,1,0,0.0199
16253,56,5,2027.59,3,4,5,12,3-4-5,Loyal Mid-Tier,0,0,0.0019
16254,14,3,780.97,5,4,4,13,5-4-4,High-Value Regulars,0,0,0.0052
16255,1,8,1788.34,5,5,5,15,5-5-5,High-Value Regulars,0,0,0.002
16256,129,1,57.6,2,2,1,5,2-2-1,Fading Customers,1,1,0.8936
16258,23,9,2773.74,4,5,5,14,4-5-5,High-Value Regulars,0,0,0.0058
16259,46,3,314.39,3,4,3,10,3-4-3,Loyal Mid-Tier,1,0,0.038
16261,22,2,312.62,4,3,3,10,4-3-3,Loyal Mid-Tier,1,0,0.0599
16262,14,1,588.55,5,2,4,11,5-2-4,Promising Newcomers,1,0,0.0248
16263,59,1,155.68,3,2,1,6,3-2-1,Fading Customers,1,0,0.2807
16264,74,2,654.58,2,3,4,9,2-3-4,Fading Customers,1,1,0.6521
16265,22,3,835.47,4,4,4,12,4-4-4,High-Value Regulars,0,0,0.005
16266,59,5,494.11,3,4,3,10,3-4-3,Loyal Mid-Tier,0,0,0.0083
16267,227,1,41.1,1,2,1,4,1-2-1,Disengaged Low-Value,1,1,0.9866
16269,73,1,662.25,2,2,4,8,2-2-4,Fading Customers,1,0,0.2472
16271,106,4,1703.86,2,4,5,11,2-4-5,Dormant Spenders,0,1,0.8534
16273,292,1,79.89,1,2,1,4,1-2-1,Disengaged Low-Value,1,1,0.9881
16274,9,1,195.45,5,2,2,9,5-2-2,Promising Newcomers,1,0,0.0183
16275,110,2,1236.58,2,3,4,9,2-3-4,Fading Customers,1,1,0.6719
16276,115,2,151.28,2,3,1,6,2-3-1,Fading Customers,1,1,0.7697
16277,369,1,62.94,1,2,1,4,1-2-1,Disengaged Low-Value,1,1,0.9853
16278,116,2,298.96,2,3,2,7,2-3-2,Fading Customers,1,0,0.4111
16279,21,6,3185.58,4,5,5,14,4-5-5,High-Value Regulars,0,0,0.0067
16280,361,1,202.25,1,2,2,5,1-2-2,Disengaged Low-Value,1,1,0.9839
16281,59,1,187.8,3,2,2,7,3-2-2,Fading Customers,1,1,0.5313
16282,123,2,159.35,2,3,1,6,2-3-1,Fading Customers,1,1,0.5443
16283,54,3,2435.15,3,4,5,12,3-4-5,Loyal Mid-Tier,0,0,0.0205
16284,29,1,205.8,4,2,2,8,4-2-2,Promising Newcomers,1,0,0.0153
16285,282,1,176.9,1,2,2,5,1-2-2,Disengaged Low-Value,1,1,0.9814
16286,113,2,235.75,2,3,2,7,2-3-2,Fading Customers,1,1,0.8266
16287,12,4,381.9,5,4,3,12,5-4-3,Loyal Mid-Tier,0,0,0.0025
16288,106,1,39.5,2,2,1,5,2-2-1,Fading Customers,1,1,0.9002
16289,98,1,95.06,2,2,1,5,2-2-1,Fading Customers,1,1,0.5647
16290,100,4,1062.25,2,4,4,10,2-4-4,Dormant Spenders,0,1,0.9502
16292,16,4,428.0,4,4,3,11,4-4-3,Loyal Mid-Tier,0,0,0.0075
16293,3,6,1887.11,5,5,5,15,5-5-5,High-Value Regulars,0,0,0.0019
16294,112,1,126.05,2,2,1,5,2-2-1,Fading Customers,1,1,0.5112
16296,262,4,1117.97,1,4,4,9,1-4-4,Dormant Spenders,1,1,0.9804
16298,33,3,218.15,4,4,2,10,4-4-2,Occasional Browsers,1,1,0.7571
16299,113,1,193.65,2,2,2,6,2-2-2,Fading Customers,1,1,0.6242
16300,66,3,1250.72,3,4,5,12,3-4-5,Loyal Mid-Tier,0,0,0.008
16301,372,1,107.33,1,2,1,4,1-2-1,Disengaged Low-Value,1,1,0.9787
16303,28,4,2211.64,4,4,5,13,4-4-5,High-Value Regulars,0,0,0.0056
16304,330,1,357.79,1,2,3,6,1-2-3,Occasional Browsers,1,1,0.9059
16306,3,2,417.75,5,3,3,11,5-3-3,Loyal Mid-Tier,0,0,0.0078
16307,65,3,979.76,3,4,4,11,3-4-4,Loyal Mid-Tier,0,0,0.0066
16310,50,2,421.83,3,3,3,9,3-3-3,Loyal Mid-Tier,1,0,0.0423
16312,68,1,158.4,3,2,1,6,3-2-1,Fading Customers,1,0,0.3603
16314,25,3,786.8,4,4,4,12,4-4-4,High-Value Regulars,0,0,0.0063
16315,172,1,106.89,2,2,1,5,2-2-1,Fading Customers,1,1,0.5338
16316,16,5,1836.55,4,4,5,13,4-4-5,High-Value Regulars,0,0,0.008
16317,186,2,607.81,1,3,4,8,1-3-4,Dormant Spenders,1,1,0.9727
16320,89,4,2504.8,2,4,5,11,2-4-5,Dormant Spenders,0,1,0.6581
16321,262,2,230.9,1,3,2,6,1-3-2,Occasional Browsers,1,1,0.7239
16325,64,8,1532.85,3,5,5,13,3-5-5,Loyal Mid-Tier,0,0,0.002
16326,19,9,1210.38,4,5,4,13,4-5-4,High-Value Regulars,0,0,0.0027
16327,5,11,5859.81,5,5,5,15,5-5-5,High-Value Regulars,0,0,0.0027
16328,199,1,310.83,1,2,3,6,1-2-3,Occasional Browsers,1,1,0.824
16329,63,4,651.77,3,4,4,11,3-4-4,Loyal Mid-Tier,0,0,0.0019
16330,60,4,356.02,3,4,3,10,3-4-3,Loyal Mid-Tier,1,0,0.0587
16331,68,5,412.05,3,4,3,10,3-4-3,Loyal Mid-Tier,0,0,0.0054
16332,67,3,319.54,3,4,3,10,3-4-3,Loyal Mid-Tier,1,0,0.0595
16334,128,1,234.36,2,2,2,6,2-2-2,Fading Customers,1,1,0.719
16335,187,7,2065.32,1,5,5,11,1-5-5,Dormant Spenders,0,1,0.9625
16336,94,3,638.06,2,4,4,10,2-4-4,Dormant Spenders,1,1,0.8836
16340,75,2,896.68,2,3,4,9,2-3-4,Fading Customers,1,1,0.5269
16341,73,3,1094.34,2,4,4,10,2-4-4,Dormant Spenders,0,1,0.5343
16343,43,1,181.39,3,2,2,7,3-2-2,Fading Customers,1,0,0.4706
16344,145,3,725.42,2,4,4,10,2-4-4,Dormant Spenders,1,1,0.9618
16345,119,1,596.33,2,2,4,8,2-2-4,Fading Customers,1,1,0.6659
16346,21,1,207.0,4,2,2,8,4-2-2,Promising Newcomers,1,0,0.0215
16347,24,8,1802.65,4,5,5,14,4-5-5,High-Value Regulars,0,0,0.0059
16348,66,1,265.29,3,2,2,7,3-2-2,Fading Customers,1,0,0.4567
16350,10,4,841.81,5,4,4,13,5-4-4,High-Value Regulars,0,0,0.0061
16351,47,12,2798.03,3,5,5,13,3-5-5,Loyal Mid-Tier,0,0,0.002
16353,10,10,1091.75,5,5,4,14,5-5-4,High-Value Regulars,0,0,0.0022
16354,15,3,628.4,5,4,4,13,5-4-4,High-Value Regulars,0,0,0.0058
16355,11,1,299.4,5,2,2,9,5-2-2,Promising Newcomers,1,0,0.0243
16356,12,3,204.1,5,4,2,11,5-4-2,Occasional Browsers,1,1,0.5267
16357,17,1,169.89,4,2,2,8,4-2-2,Promising Newcomers,1,0,0.0162
16358,30,1,614.53,4,2,4,10,4-2-4,Promising Newcomers,1,0,0.0091
16359,12,6,496.05,5,5,3,13,5-5-3,Loyal Mid-Tier,0,0,0.0021
16362,73,1,192.27,2,2,2,6,2-2-2,Fading Customers,1,1,0.5583
16365,3,7,389.9,5,5,3,13,5-5-3,Loyal Mid-Tier,0,0,0.0037
16366,218,3,856.13,1,4,4,9,1-4-4,Dormant Spenders,1,1,0.9738
16367,19,1,542.25,4,2,3,9,4-2-3,Promising Newcomers,1,0,0.025
16368,71,1,133.03,3,2,1,6,3-2-1,Fading Customers,1,0,0.4137
16369,72,4,775.7,2,4,4,10,2-4-4,Dormant Spenders,0,1,0.6097
16371,84,1,120.0,2,2,1,5,2-2-1,Fading Customers,1,0,0.4157
16372,45,3,882.68,3,4,4,11,3-4-4,Loyal Mid-Tier,0,0,0.0105
16373,18,2,218.79,4,3,2,9,4-3-2,Occasional Browsers,1,0,0.4995
16374,38,3,935.82,3,4,4,11,3-4-4,Loyal Mid-Tier,0,0,0.0112
16375,106,2,104.0,2,3,1,6,2-3-1,Fading Customers,1,1,0.8012
16381,31,2,200.2,4,3,2,9,4-3-2,Occasional Browsers,1,1,0.5804
16382,44,2,215.75,3,3,2,8,3-3-2,Fading Customers,1,1,0.514
16383,32,5,1779.97,4,4,5,13,4-4-5,High-Value Regulars,0,0,0.0033
16384,65,2,698.41,3,3,4,10,3-3-4,Loyal Mid-Tier,1,0,0.0522
16385,2,3,437.34,5,4,3,12,5-4-3,Loyal Mid-Tier,0,0,0.0043
16386,23,1,447.57,4,2,3,9,4-2-3,Promising Newcomers,1,0,0.0315
16387,31,4,481.41,4,4,3,11,4-4-3,Loyal Mid-Tier,0,0,0.0054
16388,289,1,186.05,1,2,2,5,1-2-2,Disengaged Low-Value,1,1,0.9797
16390,173,2,275.8,2,3,2,7,2-3-2,Fading Customers,1,1,0.8168
16391,36,4,891.36,4,4,4,12,4-4-4,High-Value Regulars,0,0,0.0072
16392,49,2,494.91,3,3,3,9,3-3-3,Loyal Mid-Tier,1,0,0.052
16393,5,11,2336.96,5,5,5,15,5-5-5,High-Value Regulars,0,0,0.0021
16395,29,9,1848.71,4,5,5,14,4-5-5,High-Value Regulars,0,0,0.0023
16396,112,1,137.8,2,2,1,5,2-2-1,Fading Customers,1,1,0.5343
16397,264,1,20.38,1,2,1,4,1-2-1,Disengaged Low-Value,1,1,0.9886
16399,25,1,178.19,4,2,2,8,4-2-2,Promising Newcomers,1,0,0.0244
16400,31,8,1585.92,4,5,5,14,4-5-5,High-Value Regulars,0,0,0.0019
16401,15,9,1266.88,5,5,5,15,5-5-5,High-Value Regulars,0,0,0.0087
16402,5,1,173.0,5,2,2,9,5-2-2,Promising Newcomers,1,0,0.0211
16406,86,2,291.71,2,3,2,7,2-3-2,Fading Customers,1,0,0.4362
16407,25,3,490.21,4,4,3,11,4-4-3,Loyal Mid-Tier,0,0,0.0073
16408,227,1,231.93,1,2,2,5,1-2-2,Disengaged Low-Value,1,1,0.9733
16409,16,7,2966.82,4,5,5,14,4-5-5,High-Value Regulars,0,0,0.0021
16410,370,1,25.2,1,2,1,4,1-2-1,Disengaged Low-Value,1,1,0.9813
16411,5,3,655.34,5,4,4,13,5-4-4,High-Value Regulars,0,0,0.0078
16412,29,4,368.95,4,4,3,11,4-4-3,Loyal Mid-Tier,0,0,0.0026
16413,11,1,239.13,5,2,2,9,5-2-2,Promising Newcomers,1,0,0.0182
16414,67,3,330.61,3,4,3,10,3-4-3,Loyal Mid-Tier,1,0,0.0294
16415,219,2,468.94,1,3,3,7,1-3-3,Occasional Browsers,1,1,0.8674
16416,26,6,985.28,4,5,4,13,4-5-4,High-Value Regulars,0,0,0.0076
16417,128,1,35.7,2,2,1,5,2-2-1,Fading Customers,1,1,0.8588
16418,44,2,308.82,3,3,2,8,3-3-2,Fading Customers,1,0,0.4101
16419,213,2,263.21,1,3,2,6,1-3-2,Occasional Browsers,1,1,0.6513
16420,32,1,33.0,4,2,1,7,4-2-1,Promising Newcomers,1,0,0.0157
16421,12,3,315.82,5,4,3,12,5-4-3,Loyal Mid-Tier,0,0,0.0128
16422,5,33,2217.44,5,5,5,15,5-5-5,High-Value Regulars,0,0,0.0023
16424,18,1,63.5,4,2,1,7,4-2-1,Promising Newcomers,1,0,0.0171
16428,49,3,507.99,3,4,3,10,3-4-3,Loyal Mid-Tier,1,0,0.0444
16430,17,5,310.54,4,4,2,10,4-4-2,Occasional Browsers,0,0,0.0141
16433,44,1,150.76,3,2,1,6,3-2-1,Fading Customers,1,0,0.2989
16434,82,5,574.51,2,4,3,9,2-4-3,Occasional Browsers,0,0,0.1442
16435,148,3,580.47,2,4,3,9,2-4-3,Occasional Browsers,1,1,0.8888
16436,304,3,310.64,1,4,2,7,1-4-2,Occasional Browsers,1,1,0.7216
16437,17,2,222.05,4,3,2,9,4-3-2,Occasional Browsers,1,1,0.636
16439,358,1,122.7,1,2,1,4,1-2-1,Disengaged Low-Value,1,1,0.9828
16440,129,1,216.3,2,2,2,6,2-2-2,Fading Customers,1,1,0.6391
16441,53,3,568.13,3,4,3,10,3-4-3,Loyal Mid-Tier,1,0,0.0397
16442,240,2,240.68,1,3,2,6,1-3-2,Occasional Browsers,1,1,0.6528
16444,26,12,2337.95,4,5,5,14,4-5-5,High-Value Regulars,0,0,0.0065
16445,22,3,344.7,4,4,3,11,4-4-3,Loyal Mid-Tier,1,0,0.0576
16447,226,2,442.49,1,3,3,7,1-3-3,Occasional Browsers,1,1,0.9374
16448,107,1,178.13,2,2,2,6,2-2-2,Fading Customers,1,1,0.561
16450,220,2,404.18,1,3,3,7,1-3-3,Occasional Browsers,1,1,0.9003
16451,197,2,697.23,1,3,4,8,1-3-4,Dormant Spenders,1,1,0.9333
16452,266,2,147.67,1,3,1,5,1-3-1,Occasional Browsers,1,1,0.752
16453,166,2,144.06,2,3,1,6,2-3-1,Fading Customers,1,1,0.5538
16454,242,2,24.05,1,3,1,5,1-3-1,Occasional Browsers,1,1,0.8312
16455,7,6,1872.75,5,5,5,15,5-5-5,High-Value Regulars,0,0,0.0069
16456,9,9,2426.75,5,5,5,15,5-5-5,High-Value Regulars,0,0,0.007
16458,11,12,1893.95,5,5,5,15,5-5-5,High-Value Regulars,0,0,0.0083
16459,365,1,61.35,1,2,1,4,1-2-1,Disengaged Low-Value,1,1,0.9886
16461,226,2,1140.68,1,3,4,8,1-3-4,Dormant Spenders,1,1,0.9609
16465,56,2,542.54,3,3,3,9,3-3-3,Loyal Mid-Tier,1,0,0.0497
16466,19,8,1352.43,4,5,5,14,4-5-5,High-Value Regulars,0,0,0.0056
16468,106,2,497.22,2,3,3,8,2-3-3,Fading Customers,1,1,0.666
16469,150,1,97.84,2,2,1,5,2-2-1,Fading Customers,1,0,0.4557
16470,32,7,1391.03,4,5,5,14,4-5-5,High-Value Regulars,0,0,0.0021
16471,29,3,624.63,4,4,4,12,4-4-4,High-Value Regulars,0,0,0.0041
16472,70,2,390.0,3,3,3,9,3-3-3,Loyal Mid-Tier,1,0,0.0505
16473,10,1,154.72,5,2,1,8,5-2-1,Promising Newcomers,1,0,0.0144
16476,67,1,290.85,3,2,2,7,3-2-2,Fading Customers,1,0,0.4512
16477,7,5,1673.17,5,4,5,14,5-4-5,High-Value Regulars,0,0,0.0091
16481,318,1,193.1,1,2,2,5,1-2-2,Disengaged Low-Value,1,1,0.981
16485,68,4,1283.42,3,4,5,12,3-4-5,Loyal Mid-Tier,0,0,0.0025
16486,173,1,134.36,2,2,1,5,2-2-1,Fading Customers,1,1,0.744
16487,213,2,170.65,1,3,2,6,1-3-2,Occasional Browsers,1,1,0.7269
16489,16,2,45.7,4,3,1,8,4-3-1,Occasional Browsers,1,1,0.575
16490,72,1,205.41,2,2,2,6,2-2-2,Fading Customers,1,1,0.5469
16491,49,1,754.9,3,2,4,9,3-2-4,Fading Customers,1,0,0.3151
16492,176,1,321.96,2,2,3,7,2-2-3,Fading Customers,1,1,0.614
16493,80,3,400.92,2,4,3,9,2-4-3,Occasional Browsers,1,1,0.5632
16496,67,3,602.82,3,4,4,11,3-4-4,Loyal Mid-Tier,1,0,0.0667
16497,49,17,2839.99,3,5,5,13,3-5-5,Loyal Mid-Tier,0,0,0.0021
16499,10,6,1800.87,5,5,5,15,5-5-5,High-Value Regulars,0,0,0.0059
16500,10,3,318.75,5,4,3,12,5-4-3,Loyal Mid-Tier,0,0,0.0062
16501,19,1,898.23,4,2,4,10,4-2-4,Promising Newcomers,1,0,0.0252
16502,256,1,133.67,1,2,1,4,1-2-1,Disengaged Low-Value,1,1,0.9802
16503,31,7,1750.16,4,5,5,14,4-5-5,High-Value Regulars,0,0,0.0101
16507,208,1,132.76,1,2,1,4,1-2-1,Disengaged Low-Value,1,1,0.9745
16508,266,1,205.5,1,2,2,5,1-2-2,Disengaged Low-Value,1,1,0.9786
16510,8,6,1391.75,5,5,5,15,5-5-5,High-Value Regulars,0,0,0.0018
16511,33,3,660.92,4,4,4,12,4-4-4,High-Value Regulars,0,0,0.0055
16515,15,5,911.24,5,4,4,13,5-4-4,High-Value Regulars,0,0,0.0074
16518,57,2,365.8,3,3,3,9,3-3-3,Loyal Mid-Tier,1,0,0.0553
16519,1,3,259.68,5,4,2,11,5-4-2,Occasional Browsers,0,0,0.0081
16520,1,4,1253.97,5,4,5,14,5-4-5,High-Value Regulars,0,0,0.003
16521,51,3,915.66,3,4,4,11,3-4-4,Loyal Mid-Tier,0,0,0.0098
16522,71,2,254.5,3,3,2,8,3-3-2,Fading Customers,1,0,0.3931
16523,51,6,830.26,3,5,4,12,3-5-4,Loyal Mid-Tier,0,0,0.0051
16524,82,2,255.64,2,3,2,7,2-3-2,Fading Customers,1,1,0.5179
16525,2,21,1189.42,5,5,4,14,5-5-4,High-Value Regulars,0,0,0.0026
16526,220,1,142.55,1,2,1,4,1-2-1,Disengaged Low-Value,1,1,0.9804
16527,60,1,815.38,3,2,4,9,3-2-4,Fading Customers,1,0,0.4842
16529,113,3,1182.95,2,4,4,10,2-4-4,Dormant Spenders,1,1,0.9808
16530,304,1,38.4,1,2,1,4,1-2-1,Disengaged Low-Value,1,1,0.9755
16531,17,4,844.56,4,4,4,12,4-4-4,High-Value Regulars,0,0,0.0053
16534,278,1,300.85,1,2,2,5,1-2-2,Disengaged Low-Value,1,1,0.9812
16535,21,1,307.54,4,2,2,8,4-2-2,Promising Newcomers,1,0,0.016
16537,277,1,23.35,1,2,1,4,1-2-1,Disengaged Low-Value,1,1,0.9882
16538,177,3,206.35,2,4,2,8,2-4-2,Occasional Browsers,1,1,0.8105
16539,9,7,1276.0,5,5,5,15,5-5-5,High-Value Regulars,0,0,0.0108
16540,50,1,205.75,3,2,2,7,3-2-2,Fading Customers,1,1,0.5582
16541,371,1,260.18,1,2,2,5,1-2-2,Disengaged Low-Value,1,1,0.985
16542,37,1,137.7,3,2,1,6,3-2-1,Fading Customers,1,0,0.4745
16543,227,1,218.47,1,2,2,5,1-2-2,Disengaged Low-Value,1,1,0.9814
16544,155,2,140.3,2,3,1,6,2-3-1,Fading Customers,1,0,0.4919
16545,11,1,15.0,5,2,1,8,5-2-1,Promising Newcomers,1,0,0.0198
16546,8,3,370.7,5,4,3,12,5-4-3,Loyal Mid-Tier,0,0,0.0077
16547,182,1,73.4,1,2,1,4,1-2-1,Disengaged Low-Value,1,1,0.985
16548,235,1,17.4,1,2,1,4,1-2-1,Disengaged Low-Value,1,1,0.9894
16549,33,24,7953.9,4,5,5,14,4-5-5,High-Value Regulars,0,0,0.0069
16550,4,14,5535.64,5,5,5,15,5-5-5,High-Value Regulars,0,0,0.002
16551,59,4,573.07,3,4,3,10,3-4-3,Loyal Mid-Tier,0,0,0.0022
16552,9,1,69.79,5,2,1,8,5-2-1,Promising Newcomers,1,0,0.0164
16553,33,9,1270.23,4,5,5,14,4-5-5,High-Value Regulars,0,0,0.0058
16554,22,5,1626.07,4,4,5,13,4-4-5,High-Value Regulars,0,0,0.0019
16555,141,3,364.69,2,4,3,9,2-4-3,Occasional Browsers,1,1,0.9156
16556,11,10,3622.19,5,5,5,15,5-5-5,High-Value Regulars,0,0,0.0022
16558,2,19,3917.11,5,5,5,15,5-5-5,High-Value Regulars,0,0,0.0023
16559,33,1,151.15,4,2,1,7,4-2-1,Promising Newcomers,1,0,0.0113
16560,33,6,1655.17,4,5,5,14,4-5-5,High-Value Regulars,0,0,0.0016
16562,112,1,223.86,2,2,2,6,2-2-2,Fading Customers,1,1,0.5413
16563,36,5,517.39,4,4,3,11,4-4-3,Loyal Mid-Tier,0,0,0.002
16564,205,1,87.8,1,2,1,4,1-2-1,Disengaged Low-Value,1,1,0.9837
16565,122,2,80.1,2,3,1,6,2-3-1,Fading Customers,1,1,0.809
16569,267,4,255.97,1,4,2,7,1-4-2,Occasional Browsers,1,1,0.8552
16570,15,10,1407.6,5,5,5,15,5-5-5,High-Value Regulars,0,0,0.0081
16571,31,7,2464.1,4,5,5,14,4-5-5,High-Value Regulars,0,0,0.006
16574,59,2,834.44,3,3,4,10,3-3-4,Loyal Mid-Tier,1,0,0.0344
16576,56,2,515.37,3,3,3,9,3-3-3,Loyal Mid-Tier,1,0,0.0809
16577,302,1,329.0,1,2,3,6,1-2-3,Occasional Browsers,1,1,0.9204
16578,262,1,156.6,1,2,1,4,1-2-1,Disengaged Low-Value,1,1,0.9729
16579,61,1,224.7,3,2,2,7,3-2-2,Fading Customers,1,0,0.4497
16583,9,2,297.95,5,3,2,10,5-3-2,Occasional Browsers,1,0,0.0188
16584,68,3,493.86,3,4,3,10,3-4-3,Loyal Mid-Tier,1,0,0.0442
16585,229,2,294.19,1,3,2,6,1-3-2,Occasional Browsers,1,1,0.6985
16586,80,2,155.7,2,3,1,6,2-3-1,Fading Customers,1,0,0.3798
16588,22,4,1048.08,4,4,4,12,4-4-4,High-Value Regulars,0,0,0.0062
16589,86,1,153.12,2,2,1,5,2-2-1,Fading Customers,1,0,0.3558
16590,36,2,366.2,4,3,3,10,4-3-3,Loyal Mid-Tier,1,0,0.0583
16592,11,12,3188.68,5,5,5,15,5-5-5,High-Value Regulars,0,0,0.0019
16593,26,4,408.06,4,4,3,11,4-4-3,Loyal Mid-Tier,0,0,0.0018
16595,12,4,1245.11,5,4,5,14,5-4-5,High-Value Regulars,0,0,0.0032
16596,2,3,289.68,5,4,2,11,5-4-2,Occasional Browsers,0,0,0.0071
16599,21,1,141.0,4,2,1,7,4-2-1,Promising Newcomers,1,0,0.0138
16600,10,7,1156.79,5,5,4,14,5-5-4,High-Value Regulars,0,0,0.0019
16601,26,2,250.08,4,3,2,9,4-3-2,Occasional Browsers,1,0,0.3508
16602,24,1,120.45,4,2,1,7,4-2-1,Promising Newcomers,1,0,0.0116
16604,204,1,139.0,1,2,1,4,1-2-1,Disengaged Low-Value,1,1,0.9831
16606,40,2,293.91,3,3,2,8,3-3-2,Fading Customers,1,0,0.429
16607,35,11,1760.82,4,5,5,14,4-5-5,High-Value Regulars,0,0,0.0073
16608,89,2,954.3,2,3,4,9,2-3-4,Fading Customers,1,1,0.6919
16611,39,5,1326.84,3,4,5,12,3-4-5,Loyal Mid-Tier,0,0,0.0069
16612,15,5,1401.17,5,4,5,14,5-4-5,High-Value Regulars,0,0,0.0019
16614,38,2,163.25,3,3,2,8,3-3-2,Fading Customers,1,0,0.4648
16615,262,1,263.8,1,2,2,5,1-2-2,Disengaged Low-Value,1,1,0.983
16619,19,3,1302.44,4,4,5,13,4-4-5,High-Value Regulars,0,0,0.0044
16620,25,4,1227.28,4,4,4,12,4-4-4,High-Value Regulars,0,0,0.002
16622,179,1,147.35,1,2,1,4,1-2-1,Disengaged Low-Value,1,1,0.9749
16623,37,3,621.14,3,4,4,11,3-4-4,Loyal Mid-Tier,0,0,0.0043
16625,58,4,1214.33,3,4,4,11,3-4-4,Loyal Mid-Tier,0,0,0.0075
16628,43,2,117.3,3,3,1,7,3-3-1,Fading Customers,1,0,0.4478
16630,43,1,106.8,3,2,1,6,3-2-1,Fading Customers,1,1,0.5199
16631,117,7,1171.31,2,5,4,11,2-5-4,Dormant Spenders,0,1,0.9207
16632,121,2,406.4,2,3,3,8,2-3-3,Fading Customers,1,1,0.8147
16634,8,5,994.9,5,4,4,13,5-4-4,High-Value Regulars,0,0,0.0017
16635,42,1,473.0,3,2,3,8,3-2-3,Fading Customers,1,1,0.5512
16636,74,3,703.03,2,4,4,10,2-4-4,Dormant Spenders,1,0,0.3405
16638,4,6,733.91,5,5,4,14,5-5-4,High-Value Regulars,0,0,0.0096
16639,45,1,409.67,3,2,3,8,3-2-3,Fading Customers,1,1,0.5102
16640,33,1,179.4,4,2,2,8,4-2-2,Promising Newcomers,1,0,0.0184
16641,337,1,323.4,1,2,3,6,1-2-3,Occasional Browsers,1,1,0.8973
16642,51,1,275.04,3,2,2,7,3-2-2,Fading Customers,1,0,0.4884
16643,58,1,435.6,3,2,3,8,3-2-3,Fading Customers,1,1,0.5156
16645,371,1,160.39,1,2,1,4,1-2-1,Disengaged Low-Value,1,1,0.9757
16646,85,1,406.8,2,2,3,7,2-2-3,Fading Customers,1,0,0.4829
16647,78,2,235.58,2,3,2,7,2-3-2,Fading Customers,1,1,0.61
16648,91,2,308.54,2,3,2,7,2-3-2,Fading Customers,1,1,0.6986
16649,156,1,140.18,2,2,1,5,2-2-1,Fading Customers,1,1,0.5224
16650,56,6,1017.75,3,5,4,12,3-5-4,Loyal Mid-Tier,0,0,0.0081
16651,222,1,136.2,1,2,1,4,1-2-1,Disengaged Low-Value,1,1,0.9673
16652,67,4,703.06,3,4,4,11,3-4-4,Loyal Mid-Tier,0,0,0.0057
16654,4,5,716.25,5,4,4,13,5-4-4,High-Value Regulars,0,0,0.005
16655,47,7,1741.61,3,5,5,13,3-5-5,Loyal Mid-Tier,0,0,0.0066
16656,56,8,196.15,3,5,2,10,3-5-2,Occasional Browsers,0,0,0.0113
16658,4,5,380.56,5,4,3,12,5-4-3,Loyal Mid-Tier,0,0,0.0106
16660,58,2,88.7,3,3,1,7,3-3-1,Fading Customers,1,1,0.6974
16661,176,3,474.86,2,4,3,9,2-4-3,Occasional Browsers,1,1,0.928
16662,30,1,120.85,4,2,1,7,4-2-1,Promising Newcomers,1,0,0.0182
16664,205,1,83.7,1,2,1,4,1-2-1,Disengaged Low-Value,1,1,0.9861
16666,257,1,80.15,1,2,1,4,1-2-1,Disengaged Low-Value,1,1,0.9774
16668,23,7,422.32,4,5,3,12,4-5-3,Loyal Mid-Tier,0,0,0.0124
16670,29,9,3273.64,4,5,5,14,4-5-5,High-Value Regulars,0,0,0.0024
16673,315,1,151.23,1,2,1,4,1-2-1,Disengaged Low-Value,1,1,0.9818
16675,77,2,239.06,2,3,2,7,2-3-2,Fading Customers,1,1,0.5673
16676,38,2,410.6,3,3,3,9,3-3-3,Loyal Mid-Tier,1,0,0.059
16677,47,2,698.82,3,3,4,10,3-3-4,Loyal Mid-Tier,1,0,0.0398
16679,2,3,143.16,5,4,1,10,5-4-1,Occasional Browsers,0,0,0.1593
16680,170,1,240.35,2,2,2,6,2-2-2,Fading Customers,1,1,0.6337
16681,277,1,111.9,1,2,1,4,1-2-1,Disengaged Low-Value,1,1,0.9689
16683,169,1,278.85,2,2,2,6,2-2-2,Fading Customers,1,0,0.497
16684,23,4,2048.36,4,4,5,13,4-4-5,High-Value Regulars,0,0,0.0074
16686,25,9,1770.3,4,5,5,14,4-5-5,High-Value Regulars,0,0,0.0022
16687,26,1,111.13,4,2,1,7,4-2-1,Promising Newcomers,1,0,0.0128
16690,29,2,127.45,4,3,1,8,4-3-1,Occasional Browsers,1,1,0.7764
16691,54,2,118.98,3,3,1,7,3-3-1,Fading Customers,1,1,0.5755
16693,47,3,568.16,3,4,3,10,3-4-3,Loyal Mid-Tier,1,0,0.0364
16695,197,1,135.3,1,2,1,4,1-2-1,Disengaged Low-Value,1,1,0.9815
16699,16,6,567.89,4,5,3,12,4-5-3,Loyal Mid-Tier,0,0,0.0021
16700,2,13,3091.9,5,5,5,15,5-5-5,High-Value Regulars,0,0,0.0019
16701,59,13,1147.23,3,5,4,12,3-5-4,Loyal Mid-Tier,0,0,0.0024
16702,51,4,622.39,3,4,4,11,3-4-4,Loyal Mid-Tier,0,0,0.0021
16704,254,2,520.36,1,3,3,7,1-3-3,Occasional Browsers,1,1,0.8979
16705,38,15,2573.5,3,5,5,13,3-5-5,Loyal Mid-Tier,0,0,0.0023
16707,36,4,362.2,4,4,3,11,4-4-3,Loyal Mid-Tier,0,0,0.0065
16709,15,7,2414.74,5,5,5,15,5-5-5,High-Value Regulars,0,0,0.002
16710,4,13,3153.2,5,5,5,15,5-5-5,High-Value Regulars,0,0,0.0022
16711,15,2,51.5,5,3,1,9,5-3-1,Occasional Browsers,1,0,0.3468
16712,37,2,438.29,3,3,3,9,3-3-3,Loyal Mid-Tier,1,0,0.0745
16713,2,18,4003.64,5,5,5,15,5-5-5,High-Value Regulars,0,0,0.0022
16714,306,1,341.42,1,2,3,6,1-2-3,Occasional Browsers,1,1,0.8608
16715,198,1,49.18,1,2,1,4,1-2-1,Disengaged Low-Value,1,1,0.9902
16717,2,9,2612.1,5,5,5,15,5-5-5,High-Value Regulars,0,0,0.0027
16718,5,5,1961.42,5,4,5,14,5-4-5,High-Value Regulars,0,0,0.002
16719,4,8,1406.83,5,5,5,15,5-5-5,High-Value Regulars,0,0,0.0018
16720,12,2,333.09,5,3,3,11,5-3-3,Loyal Mid-Tier,1,0,0.0042
16722,2,10,2697.58,5,5,5,15,5-5-5,High-Value Regulars,0,0,0.0022
16723,79,2,506.85,2,3,3,8,2-3-3,Fading Customers,1,0,0.0392
16724,40,1,147.35,3,2,1,6,3-2-1,Fading Customers,1,0,0.3837
16725,7,8,829.35,5,5,4,14,5-5-4,High-Value Regulars,0,0,0.0023
16726,19,2,506.93,4,3,3,10,4-3-3,Loyal Mid-Tier,1,0,0.0619
16727,28,3,890.9,4,4,4,12,4-4-4,High-Value Regulars,0,0,0.0024
16731,284,1,170.3,1,2,2,5,1-2-2,Disengaged Low-Value,1,1,0.9787
16732,39,3,2535.33,3,4,5,12,3-4-5,Loyal Mid-Tier,0,0,0.0039
16733,165,1,188.28,2,2,2,6,2-2-2,Fading Customers,1,1,0.5372
16735,29,9,2995.92,4,5,5,14,4-5-5,High-Value Regulars,0,0,0.0017
16736,141,4,1985.98,2,4,5,11,2-4-5,Dormant Spenders,0,1,0.857
16739,172,1,421.63,2,2,3,7,2-2-3,Fading Customers,1,1,0.6405
16740,31,1,144.26,4,2,1,7,4-2-1,Promising Newcomers,1,0,0.0103
16741,261,1,157.16,1,2,1,4,1-2-1,Disengaged Low-Value,1,1,0.9724
16742,128,13,732.29,2,5,4,11,2-5-4,Dormant Spenders,0,1,0.929
16743,92,7,1556.75,2,5,5,12,2-5-5,Dormant Spenders,0,1,0.9399
16746,19,23,5048.51,4,5,5,14,4-5-5,High-Value Regulars,0,0,0.0022
16748,24,9,1341.43,4,5,5,14,4-5-5,High-Value Regulars,0,0,0.0021
16749,227,2,681.68,1,3,4,8,1-3-4,Dormant Spenders,1,1,0.9653
16752,8,1,77.7,5,2,1,8,5-2-1,Promising Newcomers,1,0,0.014
16755,103,4,1253.35,2,4,5,11,2-4-5,Dormant Spenders,0,1,0.8052
16756,40,6,961.42,3,5,4,12,3-5-4,Loyal Mid-Tier,0,0,0.0059
16757,45,1,157.35,3,2,1,6,3-2-1,Fading Customers,1,0,0.447
16760,66,1,228.0,3,2,2,7,3-2-2,Fading Customers,1,1,0.561
16763,374,1,283.85,1,2,2,5,1-2-2,Disengaged Low-Value,1,1,0.9808
16765,18,1,338.75,4,2,3,9,4-2-3,Promising Newcomers,1,0,0.031
16767,54,4,919.16,3,4,4,11,3-4-4,Loyal Mid-Tier,0,0,0.0064
16768,19,6,691.98,4,5,4,13,4-5-4,High-Value Regulars,0,0,0.0019
16769,114,3,559.76,2,4,3,9,2-4-3,Occasional Browsers,1,1,0.8154
16770,8,5,940.53,5,4,4,13,5-4-4,High-Value Regulars,0,0,0.0062
16771,180,4,1338.43,1,4,5,10,1-4-5,Dormant Spenders,0,1,0.9255
16772,59,3,725.6,3,4,4,11,3-4-4,Loyal Mid-Tier,1,0,0.0065
16773,72,2,204.25,2,3,2,7,2-3-2,Fading Customers,1,0,0.0562
16774,59,4,789.63,3,4,4,11,3-4-4,Loyal Mid-Tier,0,0,0.0052
16775,3,6,1006.18,5,5,4,14,5-5-4,High-Value Regulars,0,0,0.0112
16776,51,1,220.97,3,2,2,7,3-2-2,Fading Customers,1,0,0.3369
16777,49,3,821.91,3,4,4,11,3-4-4,Loyal Mid-Tier,0,0,0.0067
16779,2,31,6676.71,5,5,5,15,5-5-5,High-Value Regulars,0,0,0.0025
16780,43,1,135.01,3,2,1,6,3-2-1,Fading Customers,1,0,0.3447
16781,8,2,438.55,5,3,3,11,5-3-3,Loyal Mid-Tier,0,0,0.002
16782,1,26,5736.41,5,5,5,15,5-5-5,High-Value Regulars,0,0,0.0024
16783,72,1,376.05,2,2,3,7,2-2-3,Fading Customers,1,1,0.6186
16784,12,4,768.83,5,4,4,13,5-4-4,High-Value Regulars,0,0,0.0046
16785,45,1,460.83,3,2,3,8,3-2-3,Fading Customers,1,0,0.4952
16787,33,4,860.13,4,4,4,12,4-4-4,High-Value Regulars,0,0,0.0022
16788,40,3,1228.79,3,4,4,11,3-4-4,Loyal Mid-Tier,0,0,0.0091
16791,19,8,1905.71,4,5,5,14,4-5-5,High-Value Regulars,0,0,0.0021
16792,19,3,470.43,4,4,3,11,4-4-3,Loyal Mid-Tier,0,0,0.0019
16794,16,5,743.55,4,4,4,12,4-4-4,High-Value Regulars,0,0,0.0059
16795,1,3,1961.51,5,4,5,14,5-4-5,High-Value Regulars,0,0,0.0049
16797,29,5,1464.62,4,4,5,13,4-4-5,High-Value Regulars,0,0,0.0025
16798,190,3,540.56,1,4,3,8,1-4-3,Occasional Browsers,1,1,0.8776
16799,68,2,371.38,3,3,3,9,3-3-3,Loyal Mid-Tier,1,0,0.062
16802,315,2,488.86,1,3,3,7,1-3-3,Occasional Browsers,1,1,0.9153
16805,213,2,578.43,1,3,3,7,1-3-3,Occasional Browsers,1,1,0.8553
16807,106,3,909.89,2,4,4,10,2-4-4,Dormant Spenders,1,1,0.9787
16809,68,4,796.84,3,4,4,11,3-4-4,Loyal Mid-Tier,0,0,0.0064
16810,56,1,308.4,3,2,2,7,3-2-2,Fading Customers,1,0,0.4345
16812,14,3,1439.63,5,4,5,14,5-4-5,High-Value Regulars,0,0,0.0075
16814,5,16,4277.53,5,5,5,15,5-5-5,High-Value Regulars,0,0,0.0078
16815,89,2,330.72,2,3,3,8,2-3-3,Fading Customers,1,1,0.6919
16817,4,5,892.1,5,4,4,13,5-4-4,High-Value Regulars,0,0,0.0064
16819,101,2,112.45,2,3,1,6,2-3-1,Fading Customers,1,1,0.7477
16821,17,1,35.7,4,2,1,7,4-2-1,Promising Newcomers,1,0,0.0397
16822,322,1,138.25,1,2,1,4,1-2-1,Disengaged Low-Value,1,1,0.9831
16823,23,6,1398.25,4,5,5,14,4-5-5,High-Value Regulars,0,0,0.0024
16824,29,1,200.1,4,2,2,8,4-2-2,Promising Newcomers,1,0,0.0204
16825,14,2,353.95,5,3,3,11,5-3-3,Loyal Mid-Tier,1,0,0.0612
16827,29,3,44.15,4,4,1,9,4-4-1,Occasional Browsers,1,0,0.2609
16829,24,1,219.05,4,2,2,8,4-2-2,Promising Newcomers,1,0,0.0172
16830,78,3,736.35,2,4,4,10,2-4-4,Dormant Spenders,1,0,0.0905
16831,200,1,91.8,1,2,1,4,1-2-1,Disengaged Low-Value,1,1,0.9769
16832,64,2,90.6,3,3,1,7,3-3-1,Fading Customers,1,0,0.4268
16833,75,2,529.36,2,3,3,8,2-3-3,Fading Customers,1,1,0.6014
16834,310,1,365.8,1,2,3,6,1-2-3,Occasional Browsers,1,1,0.8803
16835,9,5,1098.46,5,4,4,13,5-4-4,High-Value Regulars,0,0,0.0069
16836,42,2,496.5,3,3,3,9,3-3-3,Loyal Mid-Tier,1,0,0.0392
16838,166,2,474.16,2,3,3,8,2-3-3,Fading Customers,1,1,0.7818
16839,16,9,817.3,4,5,4,13,4-5-4,High-Value Regulars,0,0,0.0024
16840,239,2,122.85,1,3,1,5,1-3-1,Occasional Browsers,1,1,0.8079
16841,64,6,1533.24,3,5,5,13,3-5-5,Loyal Mid-Tier,0,0,0.0055
16843,58,16,2086.56,3,5,5,13,3-5-5,Loyal Mid-Tier,0,0,0.0085
16844,198,2,454.84,1,3,3,7,1-3-3,Occasional Browsers,1,1,0.9087
16845,254,1,201.18,1,2,2,5,1-2-2,Disengaged Low-Value,1,1,0.9757
16846,213,2,587.41,1,3,4,8,1-3-4,Dormant Spenders,1,1,0.9789
16847,254,1,257.1,1,2,2,5,1-2-2,Disengaged Low-Value,1,1,0.9816
16848,12,3,1113.2,5,4,4,13,5-4-4,High-Value Regulars,0,0,0.0086
16854,53,2,1078.08,3,3,4,10,3-3-4,Loyal Mid-Tier,1,0,0.0353
16856,53,2,307.19,3,3,2,8,3-3-2,Fading Customers,1,0,0.2759
16857,78,1,220.2,2,2,2,6,2-2-2,Fading Customers,1,0,0.4064
16858,4,10,1653.66,5,5,5,15,5-5-5,High-Value Regulars,0,0,0.0021
16859,52,5,721.6,3,4,4,11,3-4-4,Loyal Mid-Tier,0,0,0.005
16860,88,3,565.08,2,4,3,9,2-4-3,Occasional Browsers,1,1,0.6792
16861,26,3,566.83,4,4,3,11,4-4-3,Loyal Mid-Tier,0,0,0.0087
16862,183,4,476.85,1,4,3,8,1-4-3,Occasional Browsers,1,1,0.897
16863,2,2,475.82,5,3,3,11,5-3-3,Loyal Mid-Tier,0,0,0.0072
16864,70,2,269.73,3,3,2,8,3-3-2,Fading Customers,1,1,0.6949
16865,37,1,73.35,3,2,1,6,3-2-1,Fading Customers,1,0,0.3826
16867,325,1,76.74,1,2,1,4,1-2-1,Disengaged Low-Value,1,1,0.9681
16868,30,3,213.36,4,4,2,10,4-4-2,Occasional Browsers,1,0,0.3432
16870,105,1,385.56,2,2,3,7,2-2-3,Fading Customers,1,1,0.6163
16872,99,1,29.7,2,2,1,5,2-2-1,Fading Customers,1,1,0.7034
16873,65,6,3449.9,3,5,5,13,3-5-5,Loyal Mid-Tier,0,0,0.0056
16874,15,1,191.44,5,2,2,9,5-2-2,Promising Newcomers,1,0,0.0215
16875,73,6,1530.29,2,5,5,12,2-5-5,Dormant Spenders,0,0,0.2757
16876,39,1,127.51,3,2,1,6,3-2-1,Fading Customers,1,0,0.3266
16880,129,1,116.85,2,2,1,5,2-2-1,Fading Customers,1,1,0.6054
16883,7,16,1233.11,5,5,4,14,5-5-4,High-Value Regulars,0,0,0.0023
16884,192,2,360.58,1,3,3,7,1-3-3,Occasional Browsers,1,1,0.9223
16885,21,1,150.29,4,2,1,7,4-2-1,Promising Newcomers,1,0,0.0113
16886,92,1,134.0,2,2,1,5,2-2-1,Fading Customers,1,1,0.6272
16887,36,2,363.49,4,3,3,10,4-3-3,Loyal Mid-Tier,1,0,0.0054
16888,36,3,280.35,4,4,2,10,4-4-2,Occasional Browsers,1,0,0.0296
16889,33,3,717.98,4,4,4,12,4-4-4,High-Value Regulars,0,0,0.0068
16890,218,1,108.29,1,2,1,4,1-2-1,Disengaged Low-Value,1,1,0.9811
16891,7,7,1022.92,5,5,4,14,5-5-4,High-Value Regulars,0,0,0.002
16892,190,2,165.25,1,3,2,6,1-3-2,Occasional Browsers,1,1,0.6124
16893,2,2,209.29,5,3,2,10,5-3-2,Occasional Browsers,0,0,0.1191
16894,171,1,918.29,2,2,4,8,2-2-4,Fading Customers,1,1,0.7275
16895,74,4,602.43,2,4,4,10,2-4-4,Dormant Spenders,1,1,0.8216
16896,191,1,56.95,1,2,1,4,1-2-1,Disengaged Low-Value,1,1,0.9871
16898,4,3,408.41,5,4,3,12,5-4-3,Loyal Mid-Tier,0,0,0.0054
16899,14,2,289.89,5,3,2,10,5-3-2,Occasional Browsers,1,1,0.5573
16901,365,1,118.21,1,2,1,4,1-2-1,Disengaged Low-Value,1,1,0.9896
16903,16,2,605.5,4,3,4,11,4-3-4,Loyal Mid-Tier,0,0,0.0087
16904,3,6,1138.79,5,5,4,14,5-5-4,High-Value Regulars,0,0,0.0074
16905,7,11,1035.56,5,5,4,14,5-5-4,High-Value Regulars,0,0,0.0026
16906,64,3,603.74,3,4,4,11,3-4-4,Loyal Mid-Tier,1,0,0.0601
16907,1,5,302.3,5,4,2,11,5-4-2,Occasional Browsers,0,0,0.2959
16908,358,1,143.69,1,2,1,4,1-2-1,Disengaged Low-Value,1,1,0.9841
16911,271,2,245.3,1,3,2,6,1-3-2,Occasional Browsers,1,1,0.6556
16912,57,4,904.36,3,4,4,11,3-4-4,Loyal Mid-Tier,0,0,0.0018
16913,287,1,25.99,1,2,1,4,1-2-1,Disengaged Low-Value,1,1,0.9874
16915,22,3,106.5,4,4,1,9,4-4-1,Occasional Browsers,1,1,0.5051
16916,8,3,432.34,5,4,3,12,5-4-3,Loyal Mid-Tier,0,0,0.0073
16917,268,1,501.21,1,2,3,6,1-2-3,Occasional Browsers,1,1,0.8956
16918,58,10,1865.82,3,5,5,13,3-5-5,Loyal Mid-Tier,0,0,0.0022
16919,4,12,1634.91,5,5,5,15,5-5-5,High-Value Regulars,0,0,0.0094
16920,47,1,209.7,3,2,2,7,3-2-2,Fading Customers,1,1,0.5979
16921,78,2,107.43,2,3,1,6,2-3-1,Fading Customers,1,1,0.5675
16922,208,1,507.73,1,2,3,6,1-2-3,Occasional Browsers,1,1,0.8547
16923,11,12,4444.79,5,5,5,15,5-5-5,High-Value Regulars,0,0,0.0021
16925,176,1,108.65,2,2,1,5,2-2-1,Fading Customers,1,1,0.6072
16926,7,5,393.86,5,4,3,12,5-4-3,Loyal Mid-Tier,0,0,0.0099
16928,9,10,575.02,5,5,3,13,5-5-3,Loyal Mid-Tier,0,0,0.0033
16931,5,3,619.45,5,4,4,13,5-4-4,High-Value Regulars,0,0,0.007
16932,59,2,223.67,3,3,2,8,3-3-2,Fading Customers,1,0,0.4749
16933,25,7,1753.37,4,5,5,14,4-5-5,High-Value Regulars,0,0,0.0023
16934,19,4,915.97,4,4,4,12,4-4-4,High-Value Regulars,0,0,0.0048
16935,17,3,530.86,4,4,3,11,4-4-3,Loyal Mid-Tier,0,0,0.005
16936,21,1,286.39,4,2,2,8,4-2-2,Promising Newcomers,1,0,0.018
16937,135,1,196.25,2,2,2,6,2-2-2,Fading Customers,1,1,0.7534
16938,17,5,3634.23,4,4,5,13,4-4-5,High-Value Regulars,0,0,0.0084
16939,124,3,316.59,2,4,3,9,2-4-3,Occasional Browsers,1,1,0.8793
16940,86,5,2857.44,2,4,5,11,2-4-5,Dormant Spenders,0,0,0.088
16941,247,1,33.0,1,2,1,4,1-2-1,Disengaged Low-Value,1,1,0.9877
16944,245,1,67.36,1,2,1,4,1-2-1,Disengaged Low-Value,1,1,0.9881
16945,29,14,2848.71,4,5,5,14,4-5-5,High-Value Regulars,0,0,0.0019
16946,19,5,984.29,4,4,4,12,4-4-4,High-Value Regulars,0,0,0.0052
16947,197,2,431.27,1,3,3,7,1-3-3,Occasional Browsers,1,1,0.9099
16948,65,4,294.0,3,4,2,9,3-4-2,Occasional Browsers,1,0,0.3183
16950,26,7,1486.03,4,5,5,14,4-5-5,High-Value Regulars,0,0,0.002
16952,77,3,523.62,2,4,3,9,2-4-3,Occasional Browsers,1,0,0.0737
16954,15,11,2014.34,5,5,5,15,5-5-5,High-Value Regulars,0,0,0.0022
16955,4,4,374.45,5,4,3,12,5-4-3,Loyal Mid-Tier,0,0,0.0021
16958,71,1,617.95,3,2,4,9,3-2-4,Fading Customers,1,1,0.5729
16960,26,5,1333.87,4,4,5,13,4-4-5,High-Value Regulars,0,0,0.0058
16961,24,2,445.84,4,3,3,10,4-3-3,Loyal Mid-Tier,1,0,0.0632
16962,45,1,241.09,3,2,2,7,3-2-2,Fading Customers,1,0,0.4705
16964,369,2,53.65,1,3,1,5,1-3-1,Occasional Browsers,1,1,0.8717
16970,262,1,71.4,1,2,1,4,1-2-1,Disengaged Low-Value,1,1,0.9903
16972,18,2,472.0,4,3,3,10,4-3-3,Loyal Mid-Tier,1,0,0.105
16973,22,1,127.0,4,2,1,7,4-2-1,Promising Newcomers,1,0,0.0133
16974,158,2,133.45,2,3,1,6,2-3-1,Fading Customers,1,1,0.8436
16975,59,3,640.88,3,4,4,11,3-4-4,Loyal Mid-Tier,1,0,0.072
16977,31,3,216.5,4,4,2,10,4-4-2,Occasional Browsers,1,0,0.3975
16978,302,2,225.05,1,3,2,6,1-3-2,Occasional Browsers,1,1,0.7074
16979,19,3,532.39,4,4,3,11,4-4-3,Loyal Mid-Tier,0,0,0.0079
16980,64,1,384.42,3,2,3,8,3-2-3,Fading Customers,1,1,0.5435
16983,5,5,898.99,5,4,4,13,5-4-4,High-Value Regulars,0,0,0.0108
16984,40,7,4253.45,3,5,5,13,3-5-5,Loyal Mid-Tier,0,0,0.0105
16985,108,9,875.77,2,5,4,11,2-5-4,Dormant Spenders,0,1,0.7991
16986,81,8,2215.9,2,5,5,12,2-5-5,Dormant Spenders,0,1,0.5014
16987,12,4,691.75,5,4,4,13,5-4-4,High-Value Regulars,0,0,0.0029
16988,15,1,170.7,5,2,2,9,5-2-2,Promising Newcomers,1,0,0.0198
16991,57,1,942.69,3,2,4,9,3-2-4,Fading Customers,1,0,0.3294
16992,23,8,2219.59,4,5,5,14,4-5-5,High-Value Regulars,0,0,0.0022
16993,99,2,181.6,2,3,2,7,2-3-2,Fading Customers,1,1,0.7957
16996,18,3,590.29,4,4,4,12,4-4-4,High-Value Regulars,0,0,0.0068
16998,80,1,17.0,2,2,1,5,2-2-1,Fading Customers,1,1,0.7659
17000,32,2,218.7,4,3,2,9,4-3-2,Occasional Browsers,1,0,0.4893
17001,12,8,1270.8,5,5,5,15,5-5-5,High-Value Regulars,0,0,0.0071
17002,79,4,384.0,2,4,3,9,2-4-3,Occasional Browsers,1,1,0.5705
17003,38,4,695.46,3,4,4,11,3-4-4,Loyal Mid-Tier,0,0,0.0063
17004,28,2,295.7,4,3,2,9,4-3-2,Occasional Browsers,1,1,0.5366
17005,106,2,209.35,2,3,2,7,2-3-2,Fading Customers,1,1,0.7405
17006,28,4,548.19,4,4,3,11,4-4-3,Loyal Mid-Tier,0,0,0.0065
17007,73,1,171.2,2,2,2,6,2-2-2,Fading Customers,1,0,0.493
17009,187,1,39.54,1,2,1,4,1-2-1,Disengaged Low-Value,1,1,0.9854
17011,287,1,137.4,1,2,1,4,1-2-1,Disengaged Low-Value,1,1,0.9774
17012,361,1,347.17,1,2,3,6,1-2-3,Occasional Browsers,1,1,0.8998
17016,212,1,297.85,1,2,2,5,1-2-2,Disengaged Low-Value,1,1,0.9705
17017,3,11,2222.61,5,5,5,15,5-5-5,High-Value Regulars,0,0,0.0021
17018,370,1,50.4,1,2,1,4,1-2-1,Disengaged Low-Value,1,1,0.9863
17019,4,8,2222.4,5,5,5,15,5-5-5,High-Value Regulars,0,0,0.0023
17020,178,2,895.22,1,3,4,8,1-3-4,Dormant Spenders,1,1,0.9552
17021,89,4,300.02,2,4,2,8,2-4-2,Occasional Browsers,1,1,0.5538
17022,68,1,129.3,3,2,1,6,3-2-1,Fading Customers,1,0,0.3856
17023,53,3,756.58,3,4,4,11,3-4-4,Loyal Mid-Tier,0,0,0.0017
17025,9,4,457.55,5,4,3,12,5-4-3,Loyal Mid-Tier,0,0,0.0043
17026,5,2,41.4,5,3,1,9,5-3-1,Occasional Browsers,1,0,0.4225
17027,82,2,161.96,2,3,1,6,2-3-1,Fading Customers,1,0,0.4365
17028,217,3,1251.82,1,4,5,10,1-4-5,Dormant Spenders,1,1,0.9805
17029,72,2,309.4,2,3,2,7,2-3-2,Fading Customers,1,1,0.6283
17031,217,1,168.0,1,2,2,5,1-2-2,Disengaged Low-Value,1,1,0.9675
17032,239,5,2501.95,1,4,5,10,1-4-5,Dormant Spenders,0,1,0.9499
17033,33,1,61.55,4,2,1,7,4-2-1,Promising Newcomers,1,0,0.0234
17034,45,2,472.5,3,3,3,9,3-3-3,Loyal Mid-Tier,1,0,0.0796
17035,372,1,15.0,1,2,1,4,1-2-1,Disengaged Low-Value,1,1,0.9859
17036,19,1,114.55,4,2,1,7,4-2-1,Promising Newcomers,1,0,0.0141
17038,51,1,443.97,3,2,3,8,3-2-3,Fading Customers,1,1,0.5305
17039,240,1,449.11,1,2,3,6,1-2-3,Occasional Browsers,1,1,0.8442
17040,186,1,13.52,1,2,1,4,1-2-1,Disengaged Low-Value,1,1,0.9819
17041,33,3,531.96,4,4,3,11,4-4-3,Loyal Mid-Tier,0,0,0.0037
17043,11,4,532.97,5,4,3,12,5-4-3,Loyal Mid-Tier,0,0,0.0021
17044,107,4,647.49,2,4,4,10,2-4-4,Dormant Spenders,1,1,0.9461
17045,12,2,289.05,5,3,2,10,5-3-2,Occasional Browsers,1,1,0.6196
17046,80,3,943.59,2,4,4,10,2-4-4,Dormant Spenders,1,1,0.7027
17047,67,3,962.23,3,4,4,11,3-4-4,Loyal Mid-Tier,0,0,0.0019
17048,73,4,821.31,2,4,4,10,2-4-4,Dormant Spenders,0,0,0.2096
17049,11,9,2977.88,5,5,5,15,5-5-5,High-Value Regulars,0,0,0.007
17050,11,4,415.88,5,4,3,12,5-4-3,Loyal Mid-Tier,0,0,0.0017
17051,82,3,451.68,2,4,3,9,2-4-3,Occasional Browsers,1,1,0.6777
17055,81,1,175.2,2,2,2,6,2-2-2,Fading Customers,1,1,0.527
17056,374,1,29.3,1,2,1,4,1-2-1,Disengaged Low-Value,1,1,0.9836
17057,232,1,253.34,1,2,2,5,1-2-2,Disengaged Low-Value,1,1,0.9765
17059,5,5,2083.18,5,4,5,14,5-4-5,High-Value Regulars,0,0,0.0022
17062,1,4,579.56,5,4,3,12,5-4-3,Loyal Mid-Tier,0,0,0.0072
17063,43,6,1782.64,3,5,5,13,3-5-5,Loyal Mid-Tier,0,0,0.0019
17065,273,2,75.3,1,3,1,5,1-3-1,Occasional Browsers,1,1,0.7745
17066,362,1,228.34,1,2,2,5,1-2-2,Disengaged Low-Value,1,1,0.983
17067,360,3,181.9,1,4,2,7,1-4-2,Occasional Browsers,1,1,0.8308
17068,4,27,4223.14,5,5,5,15,5-5-5,High-Value Regulars,0,0,0.0086
17069,9,6,2118.28,5,5,5,15,5-5-5,High-Value Regulars,0,0,0.0024
17070,46,1,125.23,3,2,1,6,3-2-1,Fading Customers,1,0,0.3587
17071,17,4,1033.99,4,4,4,12,4-4-4,High-Value Regulars,0,0,0.0017
17072,261,1,253.45,1,2,2,5,1-2-2,Disengaged Low-Value,1,1,0.9779
17074,198,1,11.8,1,2,1,4,1-2-1,Disengaged Low-Value,1,1,0.9862
17075,65,6,1036.26,3,5,4,12,3-5-4,Loyal Mid-Tier,0,0,0.0025
17076,28,3,367.87,4,4,3,11,4-4-3,Loyal Mid-Tier,1,0,0.0066
17080,15,5,289.2,5,4,2,11,5-4-2,Occasional Browsers,0,0,0.1882
17081,31,4,443.43,4,4,3,11,4-4-3,Loyal Mid-Tier,0,0,0.0046
17082,30,4,1093.88,4,4,4,12,4-4-4,High-Value Regulars,0,0,0.0016
17083,45,6,722.16,3,5,4,12,3-5-4,Loyal Mid-Tier,0,0,0.0061
17084,32,1,1496.41,4,2,5,11,4-2-5,Promising Newcomers,1,0,0.035
17085,12,22,5284.07,5,5,5,15,5-5-5,High-Value Regulars,0,0,0.0024
17087,373,1,221.53,1,2,2,5,1-2-2,Disengaged Low-Value,1,1,0.9745
17089,22,1,38.45,4,2,1,7,4-2-1,Promising Newcomers,1,0,0.0296
17090,11,2,319.62,5,3,3,11,5-3-3,Loyal Mid-Tier,1,0,0.0594
17091,3,11,3381.31,5,5,5,15,5-5-5,High-Value Regulars,0,0,0.0022
17092,73,6,2983.46,2,5,5,12,2-5-5,Dormant Spenders,0,0,0.4001
17093,228,1,171.18,1,2,2,5,1-2-2,Disengaged Low-Value,1,1,0.9769
17094,59,1,55.2,3,2,1,6,3-2-1,Fading Customers,1,0,0.4642
17095,66,4,792.5,3,4,4,11,3-4-4,Loyal Mid-Tier,0,0,0.0018
17096,19,7,2126.75,4,5,5,14,4-5-5,High-Value Regulars,0,0,0.0082
17097,1,2,303.86,5,3,2,10,5-3-2,Occasional Browsers,0,0,0.1157
17098,17,2,206.32,4,3,2,9,4-3-2,Occasional Browsers,1,1,0.5496
17099,169,1,528.97,2,2,3,7,2-2-3,Fading Customers,1,1,0.7052
17101,30,3,317.85,4,4,3,11,4-4-3,Loyal Mid-Tier,1,0,0.0835
17103,358,1,410.38,1,2,3,6,1-2-3,Occasional Browsers,1,1,0.8001
17104,59,1,302.68,3,2,2,7,3-2-2,Fading Customers,1,1,0.5281
17106,25,1,313.18,4,2,3,9,4-2-3,Promising Newcomers,1,0,0.0378
17107,33,4,1622.11,4,4,5,13,4-4-5,High-Value Regulars,0,0,0.0026
17108,299,1,136.85,1,2,1,4,1-2-1,Disengaged Low-Value,1,1,0.9874
17109,42,2,335.86,3,3,3,9,3-3-3,Loyal Mid-Tier,1,0,0.0646
17110,156,2,157.4,2,3,1,6,2-3-1,Fading Customers,1,1,0.6777
17111,61,1,177.27,3,2,2,7,3-2-2,Fading Customers,1,0,0.4046
17112,138,1,197.57,2,2,2,6,2-2-2,Fading Customers,1,1,0.6001
17113,210,6,1757.29,1,5,5,11,1-5-5,Dormant Spenders,0,1,0.973
17115,184,4,948.93,1,4,4,9,1-4-4,Dormant Spenders,1,1,0.9639
17116,284,1,348.74,1,2,3,6,1-2-3,Occasional Browsers,1,1,0.9049
17121,38,1,214.54,3,2,2,7,3-2-2,Fading Customers,1,1,0.5049
17122,24,3,384.98,4,4,3,11,4-4-3,Loyal Mid-Tier,1,0,0.0884
17123,75,2,338.55,2,3,3,8,2-3-3,Fading Customers,1,1,0.591
17126,17,4,769.18,4,4,4,12,4-4-4,High-Value Regulars,0,0,0.0067
17127,64,5,545.58,3,4,3,10,3-4-3,Loyal Mid-Tier,0,0,0.0025
17129,156,1,14.85,2,2,1,5,2-2-1,Fading Customers,1,1,0.8161
17132,88,2,712.33,2,3,4,9,2-3-4,Fading Customers,1,1,0.6281
17133,211,2,19.98,1,3,1,5,1-3-1,Occasional Browsers,1,1,0.7883
17134,78,1,128.6,2,2,1,5,2-2-1,Fading Customers,1,1,0.612
17135,7,4,610.33,5,4,4,13,5-4-4,High-Value Regulars,0,0,0.0043
17136,298,1,176.0,1,2,2,5,1-2-2,Disengaged Low-Value,1,1,0.9762
17137,52,6,1075.96,3,5,4,12,3-5-4,Loyal Mid-Tier,0,0,0.0051
17138,25,6,3252.1,4,5,5,14,4-5-5,High-Value Regulars,0,0,0.0026
17139,25,11,3630.41,4,5,5,14,4-5-5,High-Value Regulars,0,0,0.0037
17141,54,4,636.44,3,4,4,11,3-4-4,Loyal Mid-Tier,0,0,0.0044
17142,40,3,526.8,3,4,3,10,3-4-3,Loyal Mid-Tier,1,0,0.008
17143,53,2,543.52,3,3,3,9,3-3-3,Loyal Mid-Tier,1,0,0.0844
17145,148,4,2483.14,2,4,5,11,2-4-5,Dormant Spenders,0,1,0.762
17146,71,10,3425.31,3,5,5,13,3-5-5,Loyal Mid-Tier,0,0,0.0067
17147,88,5,608.11,2,4,4,10,2-4-4,Dormant Spenders,0,0,0.2148
17150,12,6,1095.6,5,5,4,14,5-5-4,High-Value Regulars,0,0,0.0019
17151,371,1,35.7,1,2,1,4,1-2-1,Disengaged Low-Value,1,1,0.9854
17155,163,5,462.65,2,4,3,9,2-4-3,Occasional Browsers,1,1,0.7396
17156,127,1,584.31,2,2,4,8,2-2-4,Fading Customers,1,1,0.6432
17157,116,16,1270.64,2,5,5,12,2-5-5,Dormant Spenders,0,1,0.8801
17158,183,2,612.13,1,3,4,8,1-3-4,Dormant Spenders,1,1,0.9698
17159,113,2,349.56,2,3,3,8,2-3-3,Fading Customers,1,1,0.6489
17160,10,11,6244.69,5,5,5,15,5-5-5,High-Value Regulars,0,0,0.0022
17161,80,1,751.21,2,2,4,8,2-2-4,Fading Customers,1,1,0.5026
17163,81,2,345.12,2,3,3,8,2-3-3,Fading Customers,1,0,0.4083
17165,17,5,1188.89,4,4,4,12,4-4-4,High-Value Regulars,0,0,0.0019
17167,15,3,758.46,5,4,4,13,5-4-4,High-Value Regulars,0,0,0.0049
17168,134,1,226.25,2,2,2,6,2-2-2,Fading Customers,1,1,0.5806
17169,214,1,258.3,1,2,2,5,1-2-2,Disengaged Low-Value,1,1,0.98
17170,10,2,178.68,5,3,2,10,5-3-2,Occasional Browsers,1,1,0.5956
17171,297,1,97.28,1,2,1,4,1-2-1,Disengaged Low-Value,1,1,0.9821
17172,66,2,274.13,3,3,2,8,3-3-2,Fading Customers,1,0,0.0353
17176,162,2,305.09,2,3,2,7,2-3-2,Fading Customers,1,1,0.5911
17177,141,1,86.65,2,2,1,5,2-2-1,Fading Customers,1,1,0.563
17178,367,1,276.76,1,2,2,5,1-2-2,Disengaged Low-Value,1,1,0.984
17179,18,3,623.47,4,4,4,12,4-4-4,High-Value Regulars,0,0,0.0054
17180,58,7,1093.24,3,5,4,12,3-5-4,Loyal Mid-Tier,0,0,0.0079
17181,231,1,16.03,1,2,1,4,1-2-1,Disengaged Low-Value,1,1,0.9892
17182,58,1,142.8,3,2,1,6,3-2-1,Fading Customers,1,1,0.645
17184,205,2,190.46,1,3,2,6,1-3-2,Occasional Browsers,1,1,0.7241
17185,227,3,229.46,1,4,2,7,1-4-2,Occasional Browsers,1,1,0.7389
17187,162,1,105.9,2,2,1,5,2-2-1,Fading Customers,1,0,0.4927
17188,82,6,1211.02,2,5,4,11,2-5-4,Dormant Spenders,0,0,0.183
17189,196,3,509.49,1,4,3,8,1-4-3,Occasional Browsers,1,1,0.8492
17190,39,4,594.24,3,4,4,11,3-4-4,Loyal Mid-Tier,0,0,0.0081
17191,4,11,2183.45,5,5,5,15,5-5-5,High-Value Regulars,0,0,0.0021
17192,172,1,62.53,2,2,1,5,2-2-1,Fading Customers,1,1,0.5443
17193,22,1,60.0,4,2,1,7,4-2-1,Promising Newcomers,1,0,0.0194
17194,166,1,282.39,2,2,2,6,2-2-2,Fading Customers,1,1,0.513
17195,291,1,366.9,1,2,3,6,1-2-3,Occasional Browsers,1,1,0.8996
17196,63,1,272.05,3,2,2,7,3-2-2,Fading Customers,1,1,0.5069
17198,1,2,256.61,5,3,2,10,5-3-2,Occasional Browsers,0,0,0.0892
17199,218,1,53.68,1,2,1,4,1-2-1,Disengaged Low-Value,1,1,0.9849
17200,23,3,176.71,4,4,2,10,4-4-2,Occasional Browsers,1,0,0.1625
17201,159,3,707.02,2,4,4,10,2-4-4,Dormant Spenders,1,1,0.964
17202,56,1,70.65,3,2,1,6,3-2-1,Fading Customers,1,1,0.697
17203,24,4,367.94,4,4,3,11,4-4-3,Loyal Mid-Tier,0,0,0.0104
17204,10,4,1336.47,5,4,5,14,5-4-5,High-Value Regulars,0,0,0.0055
17205,52,2,68.03,3,3,1,7,3-3-1,Fading Customers,1,0,0.4707
17207,288,1,257.64,1,2,2,5,1-2-2,Disengaged Low-Value,1,1,0.9718
17208,31,1,111.15,4,2,1,7,4-2-1,Promising Newcomers,1,0,0.0137
17209,285,2,252.95,1,3,2,6,1-3-2,Occasional Browsers,1,1,0.7378
17210,28,1,244.16,4,2,2,8,4-2-2,Promising Newcomers,1,0,0.0184
17211,5,6,1616.42,5,5,5,15,5-5-5,High-Value Regulars,0,0,0.0019
17212,94,2,418.34,2,3,3,8,2-3-3,Fading Customers,1,1,0.7148
17213,2,7,2037.42,5,5,5,15,5-5-5,High-Value Regulars,0,0,0.0021
17215,100,1,96.15,2,2,1,5,2-2-1,Fading Customers,1,1,0.7802
17216,190,1,55.1,1,2,1,4,1-2-1,Disengaged Low-Value,1,1,0.9885
17217,255,1,55.8,1,2,1,4,1-2-1,Disengaged Low-Value,1,1,0.9857
17218,4,9,1727.51,5,5,5,15,5-5-5,High-Value Regulars,0,0,0.0024
17219,52,1,144.9,3,2,1,6,3-2-1,Fading Customers,1,0,0.3199
17220,53,7,1170.01,3,5,4,12,3-5-4,Loyal Mid-Tier,0,0,0.005
17221,243,2,281.86,1,3,2,6,1-3-2,Occasional Browsers,1,1,0.6544
17222,113,5,844.7,2,4,4,10,2-4-4,Dormant Spenders,0,1,0.8603
17223,4,2,235.04,5,3,2,10,5-3-2,Occasional Browsers,0,0,0.1487
17224,137,1,22.36,2,2,1,5,2-2-1,Fading Customers,1,1,0.7915
17225,217,1,37.65,1,2,1,4,1-2-1,Disengaged Low-Value,1,1,0.9874
17226,80,2,249.23,2,3,2,7,2-3-2,Fading Customers,1,0,0.4796
17227,4,7,428.53,5,5,3,13,5-5-3,Loyal Mid-Tier,0,0,0.0025
17228,3,7,1163.14,5,5,4,14,5-5-4,High-Value Regulars,0,0,0.0052
17230,219,9,1851.87,1,5,5,11,1-5-5,Dormant Spenders,0,1,0.9441
17231,25,14,3185.78,4,5,5,14,4-5-5,High-Value Regulars,0,0,0.0026
17233,84,2,265.93,2,3,2,7,2-3-2,Fading Customers,1,0,0.0532
17235,8,7,672.62,5,5,4,14,5-5-4,High-Value Regulars,0,0,0.0065
17236,46,6,348.98,3,5,3,11,3-5-3,Loyal Mid-Tier,0,0,0.0099
17237,11,2,611.04,5,3,4,12,5-3-4,Loyal Mid-Tier,0,0,0.0078
17238,7,17,3421.6,5,5,5,15,5-5-5,High-Value Regulars,0,0,0.0022
17239,23,3,289.75,4,4,2,10,4-4-2,Occasional Browsers,1,1,0.5804
17240,232,1,100.0,1,2,1,4,1-2-1,Disengaged Low-Value,1,1,0.9832
17241,21,12,1536.14,4,5,5,14,4-5-5,High-Value Regulars,0,0,0.0045
17242,92,3,599.0,2,4,4,10,2-4-4,Dormant Spenders,1,1,0.7534
17243,5,44,6601.85,5,5,5,15,5-5-5,High-Value Regulars,0,0,0.0024
17244,19,4,573.74,4,4,3,11,4-4-3,Loyal Mid-Tier,0,0,0.0022
17245,325,1,121.34,1,2,1,4,1-2-1,Disengaged Low-Value,1,1,0.9807
17246,182,2,28.97,1,3,1,5,1-3-1,Occasional Browsers,1,1,0.6469
17248,117,1,181.89,2,2,2,6,2-2-2,Fading Customers,1,1,0.6386
17249,64,1,68.03,3,2,1,6,3-2-1,Fading Customers,1,0,0.3121
17251,18,2,468.7,4,3,3,10,4-3-3,Loyal Mid-Tier,1,0,0.006
17254,37,1,190.34,3,2,2,7,3-2-2,Fading Customers,1,1,0.5166
17255,26,2,408.41,4,3,3,10,4-3-3,Loyal Mid-Tier,1,0,0.0494
17256,236,2,56.13,1,3,1,5,1-3-1,Occasional Browsers,1,1,0.7616
17257,72,1,68.35,2,2,1,5,2-2-1,Fading Customers,1,0,0.3211
17258,32,2,417.3,4,3,3,10,4-3-3,Loyal Mid-Tier,1,0,0.0268
17259,4,5,1050.61,5,4,4,13,5-4-4,High-Value Regulars,0,0,0.0021
17260,47,1,81.0,3,2,1,6,3-2-1,Fading Customers,1,1,0.8068
17261,145,1,141.69,2,2,1,5,2-2-1,Fading Customers,1,0,0.3929
17264,60,1,214.38,3,2,2,7,3-2-2,Fading Customers,1,0,0.3461
17266,135,2,141.49,2,3,1,6,2-3-1,Fading Customers,1,1,0.575
17268,127,3,211.2,2,4,2,8,2-4-2,Occasional Browsers,1,1,0.5302
17269,21,1,433.91,4,2,3,9,4-2-3,Promising Newcomers,1,0,0.0306
17270,105,2,327.45,2,3,3,8,2-3-3,Fading Customers,1,1,0.5474
17271,372,1,165.95,1,2,2,5,1-2-2,Disengaged Low-Value,1,1,0.9682
17273,60,1,141.12,3,2,1,6,3-2-1,Fading Customers,1,0,0.396
17274,31,1,419.65,4,2,3,9,4-2-3,Promising Newcomers,1,0,0.0302
17275,19,1,73.45,4,2,1,7,4-2-1,Promising Newcomers,1,0,0.0132
17276,38,1,374.39,3,2,3,8,3-2-3,Fading Customers,1,1,0.5501
17278,201,1,25.2,1,2,1,4,1-2-1,Disengaged Low-Value,1,1,0.9873
17280,74,1,118.86,2,2,1,5,2-2-1,Fading Customers,1,1,0.5705
17282,92,2,447.71,2,3,3,8,2-3-3,Fading Customers,1,1,0.6968
17283,14,1,107.21,5,2,1,8,5-2-1,Promising Newcomers,1,0,0.015
17284,25,1,730.33,4,2,4,10,4-2-4,Promising Newcomers,1,0,0.0154
17285,264,2,240.29,1,3,2,6,1-3-2,Occasional Browsers,1,1,0.6626
17286,36,2,131.81,4,3,1,8,4-3-1,Occasional Browsers,1,1,0.7691
17287,3,16,2172.59,5,5,5,15,5-5-5,High-Value Regulars,0,0,0.0021
17288,26,4,607.65,4,4,4,12,4-4-4,High-Value Regulars,0,0,0.0066
17289,12,6,865.86,5,5,4,14,5-5-4,High-Value Regulars,0,0,0.0053
17290,17,5,429.36,4,4,3,11,4-4-3,Loyal Mid-Tier,0,0,0.0023
17292,108,2,111.88,2,3,1,6,2-3-1,Fading Customers,1,1,0.8164
17293,30,8,1014.55,4,5,4,13,4-5-4,High-Value Regulars,0,0,0.0024
17294,305,2,112.02,1,3,1,5,1-3-1,Occasional Browsers,1,1,0.8284
17296,366,1,190.83,1,2,2,5,1-2-2,Disengaged Low-Value,1,1,0.9756
17298,129,2,188.42,2,3,2,7,2-3-2,Fading Customers,1,1,0.6852
17299,75,2,336.62,2,3,3,8,2-3-3,Fading Customers,1,1,0.7186
17300,26,2,206.49,4,3,2,9,4-3-2,Occasional Browsers,1,1,0.6054
17301,260,1,131.15,1,2,1,4,1-2-1,Disengaged Low-Value,1,1,0.9755
17304,170,1,50.5,2,2,1,5,2-2-1,Fading Customers,1,1,0.8447
17307,31,5,167.55,4,4,2,10,4-4-2,Occasional Browsers,1,0,0.2183
17309,17,2,179.49,4,3,2,9,4-3-2,Occasional Browsers,1,0,0.0337
17311,28,4,495.01,4,4,3,11,4-4-3,Loyal Mid-Tier,0,0,0.0022
17314,29,9,1623.33,4,5,5,14,4-5-5,High-Value Regulars,0,0,0.0023
17315,11,5,2009.01,5,4,5,14,5-4-5,High-Value Regulars,0,0,0.0089
17316,56,1,124.45,3,2,1,6,3-2-1,Fading Customers,1,0,0.4535
17318,361,1,139.43,1,2,1,4,1-2-1,Disengaged Low-Value,1,1,0.9831
17319,305,1,29.1,1,2,1,4,1-2-1,Disengaged Low-Value,1,1,0.9869
17320,4,4,1191.78,5,4,4,13,5-4-4,High-Value Regulars,0,0,0.0022
17321,30,4,748.15,4,4,4,12,4-4-4,High-Value Regulars,0,0,0.0064
17322,12,5,854.78,5,4,4,13,5-4-4,High-Value Regulars,0,0,0.0019
17323,43,5,644.52,3,4,4,11,3-4-4,Loyal Mid-Tier,0,0,0.0021
17324,2,8,608.31,5,5,4,14,5-5-4,High-Value Regulars,0,0,0.0021
17325,46,2,350.66,3,3,3,9,3-3-3,Loyal Mid-Tier,1,0,0.0352
17326,44,2,242.61,3,3,2,8,3-3-2,Fading Customers,1,1,0.5296
17327,198,1,4.25,1,2,1,4,1-2-1,Disengaged Low-Value,1,1,0.9881
17328,309,1,29.7,1,2,1,4,1-2-1,Disengaged Low-Value,1,1,0.9836
17329,367,3,465.34,1,4,3,8,1-4-3,Occasional Browsers,1,1,0.9031
17332,164,5,617.16,2,4,4,10,2-4-4,Dormant Spenders,1,1,0.968
17334,42,1,238.08,3,2,2,7,3-2-2,Fading Customers,1,0,0.3665
17335,19,2,258.24,4,3,2,9,4-3-2,Occasional Browsers,1,0,0.0226
17338,11,9,4757.85,5,5,5,15,5-5-5,High-Value Regulars,0,0,0.0078
17339,1,1,60.0,5,2,1,8,5-2-1,Promising Newcomers,1,0,0.0272
17340,2,8,3812.64,5,5,5,15,5-5-5,High-Value Regulars,0,0,0.0023
17341,2,3,759.22,5,4,4,13,5-4-4,High-Value Regulars,0,0,0.0091
17342,15,4,392.55,5,4,3,12,5-4-3,Loyal Mid-Tier,0,0,0.0024
17343,12,5,759.8,5,4,4,13,5-4-4,High-Value Regulars,0,0,0.0023
17344,364,1,205.99,1,2,2,5,1-2-2,Disengaged Low-Value,1,1,0.9739
17345,11,6,684.81,5,5,4,14,5-5-4,High-Value Regulars,0,0,0.002
17346,9,12,2146.38,5,5,5,15,5-5-5,High-Value Regulars,0,0,0.0094
17348,73,4,971.48,2,4,4,10,2-4-4,Dormant Spenders,0,1,0.7577
17349,16,3,340.48,4,4,3,11,4-4-3,Loyal Mid-Tier,0,0,0.009
17350,30,3,458.03,4,4,3,11,4-4-3,Loyal Mid-Tier,1,0,0.0066
17351,105,7,205.33,2,5,2,9,2-5-2,Occasional Browsers,1,1,0.6147
17352,332,1,36.25,1,2,1,4,1-2-1,Disengaged Low-Value,1,1,0.9862
17354,64,2,358.67,3,3,3,9,3-3-3,Loyal Mid-Tier,1,0,0.0426
17355,22,1,153.09,4,2,1,7,4-2-1,Promising Newcomers,1,0,0.0104
17356,190,4,609.49,1,4,4,9,1-4-4,Dormant Spenders,1,1,0.9704
17358,12,3,407.85,5,4,3,12,5-4-3,Loyal Mid-Tier,0,0,0.0039
17359,284,1,133.9,1,2,1,4,1-2-1,Disengaged Low-Value,1,1,0.9823
17360,21,3,429.52,4,4,3,11,4-4-3,Loyal Mid-Tier,0,0,0.0063
17361,312,2,260.59,1,3,2,6,1-3-2,Occasional Browsers,1,1,0.6487
17362,36,5,598.06,4,4,4,12,4-4-4,High-Value Regulars,0,0,0.0025
17363,31,3,329.76,4,4,3,11,4-4-3,Loyal Mid-Tier,1,0,0.063
17364,12,16,5274.67,5,5,5,15,5-5-5,High-Value Regulars,0,0,0.0024
17365,23,6,2771.26,4,5,5,14,4-5-5,High-Value Regulars,0,0,0.002
17366,68,2,685.22,3,3,4,10,3-3-4,Loyal Mid-Tier,1,0,0.0435
17368,11,5,424.65,5,4,3,12,5-4-3,Loyal Mid-Tier,0,0,0.0028
17371,259,3,219.97,1,4,2,7,1-4-2,Occasional Browsers,1,1,0.7177
17372,17,19,2129.74,4,5,5,14,4-5-5,High-Value Regulars,0,0,0.0023
17373,54,3,422.48,3,4,3,10,3-4-3,Loyal Mid-Tier,1,0,0.0457
17374,31,1,104.14,4,2,1,7,4-2-1,Promising Newcomers,1,0,0.0169
17375,67,1,244.55,3,2,2,7,3-2-2,Fading Customers,1,1,0.5879
17376,40,2,210.64,3,3,2,8,3-3-2,Fading Customers,1,1,0.7003
17377,1,59,9191.31,5,5,5,15,5-5-5,High-Value Regulars,0,0,0.0025
17380,70,3,72.6,3,4,1,8,3-4-1,Occasional Browsers,1,1,0.5044
17382,86,3,103.2,2,4,1,7,2-4-1,Occasional Browsers,1,1,0.5838
17383,89,1,1.25,2,2,1,5,2-2-1,Fading Customers,1,1,0.6247
17384,103,1,28.35,2,2,1,5,2-2-1,Fading Customers,1,1,0.8862
17386,21,1,88.0,4,2,1,7,4-2-1,Promising Newcomers,1,0,0.0155
17388,56,4,196.6,3,4,2,9,3-4-2,Occasional Browsers,1,1,0.8039
17389,10,17,935.24,5,5,4,14,5-5-4,High-Value Regulars,0,0,0.0095
17390,56,1,32.3,3,2,1,6,3-2-1,Fading Customers,1,1,0.6683
17392,86,1,89.2,2,2,1,5,2-2-1,Fading Customers,1,1,0.5149
17393,46,2,209.73,3,3,2,8,3-3-2,Fading Customers,1,1,0.6808
17395,144,1,52.5,2,2,1,5,2-2-1,Fading Customers,1,1,0.8561
17396,53,2,143.4,3,3,1,7,3-3-1,Fading Customers,1,0,0.4043
17397,52,1,320.27,3,2,3,8,3-2-3,Fading Customers,1,0,0.3801
17400,217,3,2125.26,1,4,5,10,1-4-5,Dormant Spenders,1,1,0.9761
17401,177,1,90.45,2,2,1,5,2-2-1,Fading Customers,1,1,0.8206
17402,5,10,670.18,5,5,4,14,5-5-4,High-Value Regulars,0,0,0.0032
17403,86,1,76.25,2,2,1,5,2-2-1,Fading Customers,1,0,0.3691
17404,63,4,118.6,3,4,1,8,3-4-1,Occasional Browsers,1,0,0.0876
17406,2,8,1693.71,5,5,5,15,5-5-5,High-Value Regulars,0,0,0.0021
17407,47,1,419.4,3,2,3,8,3-2-3,Fading Customers,1,0,0.3687
17408,150,1,47.7,2,2,1,5,2-2-1,Fading Customers,1,1,0.8056
17409,57,7,714.45,3,5,4,12,3-5-4,Loyal Mid-Tier,0,0,0.0027
17411,22,2,499.8,4,3,3,10,4-3-3,Loyal Mid-Tier,1,0,0.0058
17412,8,10,2173.18,5,5,5,15,5-5-5,High-Value Regulars,0,0,0.002
17413,40,1,131.1,3,2,1,6,3-2-1,Fading Customers,1,0,0.4744
17414,59,2,56.0,3,3,1,7,3-3-1,Fading Customers,1,0,0.0222
17416,29,15,5385.15,4,5,5,14,4-5-5,High-Value Regulars,0,0,0.0019
17417,184,1,156.23,1,2,1,4,1-2-1,Disengaged Low-Value,1,1,0.9781
17418,23,1,166.28,4,2,2,8,4-2-2,Promising Newcomers,1,0,0.0172
17419,3,8,1449.54,5,5,5,15,5-5-5,High-Value Regulars,0,0,0.0026
17420,9,4,432.75,5,4,3,12,5-4-3,Loyal Mid-Tier,0,0,0.0065
17421,22,3,844.35,4,4,4,12,4-4-4,High-Value Regulars,0,0,0.0015
17422,17,5,1251.67,4,4,5,13,4-4-5,High-Value Regulars,0,0,0.008
17423,29,1,204.3,4,2,2,8,4-2-2,Promising Newcomers,1,0,0.0188
17426,88,7,2375.15,2,5,5,12,2-5-5,Dormant Spenders,0,1,0.769
17428,4,16,4896.72,5,5,5,15,5-5-5,High-Value Regulars,0,0,0.0022
17429,32,2,788.69,4,3,4,11,4-3-4,Loyal Mid-Tier,1,0,0.0313
17430,1,3,412.9,5,4,3,12,5-4-3,Loyal Mid-Tier,0,0,0.0074
17432,21,7,1205.93,4,5,4,13,4-5-4,High-Value Regulars,0,0,0.0021
17433,21,1,221.95,4,2,2,8,4-2-2,Promising Newcomers,1,0,0.0191
17435,47,1,215.85,3,2,2,7,3-2-2,Fading Customers,1,0,0.4947
17436,229,2,122.4,1,3,1,5,1-3-1,Occasional Browsers,1,1,0.7026
17437,165,1,310.44,2,2,2,6,2-2-2,Fading Customers,1,0,0.3784
17438,80,3,626.86,2,4,4,10,2-4-4,Dormant Spenders,1,0,0.4807
17439,291,1,70.2,1,2,1,4,1-2-1,Disengaged Low-Value,1,1,0.9775
17441,368,1,280.75,1,2,2,5,1-2-2,Disengaged Low-Value,1,1,0.9801
17442,17,8,2030.67,4,5,5,14,4-5-5,High-Value Regulars,0,0,0.0023
17448,165,41,13810.1,2,5,5,12,2-5-5,Dormant Spenders,0,1,0.9111
17449,23,6,2006.75,4,5,5,14,4-5-5,High-Value Regulars,0,0,0.0018
17450,46,2,854.74,3,3,4,10,3-3-4,Loyal Mid-Tier,1,0,0.0771
17454,98,6,876.76,2,5,4,11,2-5-4,Dormant Spenders,0,1,0.812
17456,1,2,832.87,5,3,4,12,5-3-4,Loyal Mid-Tier,0,0,0.0079
17457,51,6,216.3,3,5,2,10,3-5-2,Occasional Browsers,1,0,0.2884
17458,17,1,204.58,4,2,2,8,4-2-2,Promising Newcomers,1,0,0.0176
17460,22,10,1108.34,4,5,4,13,4-5-4,High-Value Regulars,0,0,0.0025
17463,196,2,588.15,1,3,4,8,1-3-4,Dormant Spenders,1,1,0.9379
17464,158,2,183.88,2,3,2,7,2-3-2,Fading Customers,1,1,0.7664
17465,61,7,2182.48,3,5,5,13,3-5-5,Loyal Mid-Tier,0,0,0.0017
17467,31,1,42.9,4,2,1,7,4-2-1,Promising Newcomers,1,0,0.0257
17468,11,1,57.8,5,2,1,8,5-2-1,Promising Newcomers,1,0,0.0246
17469,36,12,2682.65,4,5,5,14,4-5-5,High-Value Regulars,0,0,0.0019
17470,3,7,1188.22,5,5,4,14,5-5-4,High-Value Regulars,0,0,0.0091
17471,110,1,321.65,2,2,3,7,2-2-3,Fading Customers,1,1,0.627
17472,264,1,207.81,1,2,2,5,1-2-2,Disengaged Low-Value,1,1,0.9771
17473,44,2,476.2,3,3,3,9,3-3-3,Loyal Mid-Tier,1,0,0.081
17476,31,2,274.81,4,3,2,9,4-3-2,Occasional Browsers,1,0,0.0216
17477,248,2,441.55,1,3,3,7,1-3-3,Occasional Browsers,1,1,0.9295
17478,44,2,652.82,3,3,4,10,3-3-4,Loyal Mid-Tier,1,0,0.0411
17479,268,1,329.86,1,2,3,6,1-2-3,Occasional Browsers,1,1,0.9047
17480,80,1,325.41,2,2,3,7,2-2-3,Fading Customers,1,1,0.5039
17482,123,2,588.99,2,3,4,9,2-3-4,Fading Customers,1,1,0.9018
17483,50,1,67.44,3,2,1,6,3-2-1,Fading Customers,1,0,0.4869
17484,212,2,123.47,1,3,1,5,1-3-1,Occasional Browsers,1,1,0.8493
17487,364,1,140.6,1,2,1,4,1-2-1,Disengaged Low-Value,1,1,0.9788
17488,277,1,336.5,1,2,3,6,1-2-3,Occasional Browsers,1,1,0.9177
17490,24,2,587.28,4,3,4,11,4-3-4,Loyal Mid-Tier,1,0,0.0413
17491,3,7,1064.9,5,5,4,14,5-5-4,High-Value Regulars,0,0,0.0065
17492,114,2,327.6,2,3,3,8,2-3-3,Fading Customers,1,1,0.8094
17493,21,1,100.91,4,2,1,7,4-2-1,Promising Newcomers,1,0,0.0159
17494,137,1,34.8,2,2,1,5,2-2-1,Fading Customers,1,1,0.7425
17495,26,1,206.46,4,2,2,8,4-2-2,Promising Newcomers,1,0,0.0204
17496,199,3,960.49,1,4,4,9,1-4-4,Dormant Spenders,1,1,0.9717
17497,26,2,60.0,4,3,1,8,4-3-1,Occasional Browsers,1,0,0.345
17499,197,1,353.46,1,2,3,6,1-2-3,Occasional Browsers,1,1,0.854
17504,16,9,2565.36,4,5,5,14,4-5-5,High-Value Regulars,0,0,0.0018
17505,186,3,626.33,1,4,4,9,1-4-4,Dormant Spenders,1,1,0.9751
17508,17,7,2620.91,4,5,5,14,4-5-5,High-Value Regulars,0,0,0.0018
17510,56,1,178.36,3,2,2,7,3-2-2,Fading Customers,1,0,0.4916
17511,3,25,3624.74,5,5,5,15,5-5-5,High-Value Regulars,0,0,0.0023
17512,88,6,1407.15,2,5,5,12,2-5-5,Dormant Spenders,0,0,0.1054
17513,115,1,50.4,2,2,1,5,2-2-1,Fading Customers,1,1,0.7149
17514,305,1,304.85,1,2,2,5,1-2-2,Disengaged Low-Value,1,1,0.9659
17515,30,5,451.86,4,4,3,11,4-4-3,Loyal Mid-Tier,0,0,0.0091
17516,14,1,157.72,5,2,1,8,5-2-1,Promising Newcomers,1,0,0.0138
17518,61,2,269.1,3,3,2,8,3-3-2,Fading Customers,1,0,0.3309
17519,4,10,1702.25,5,5,5,15,5-5-5,High-Value Regulars,0,0,0.0021
17521,30,2,470.4,4,3,3,10,4-3-3,Loyal Mid-Tier,1,0,0.0852
17524,74,2,324.1,2,3,3,8,2-3-3,Fading Customers,1,0,0.4702
17525,33,2,154.2,4,3,1,8,4-3-1,Occasional Browsers,1,0,0.4858
17526,1,7,695.62,5,5,4,14,5-5-4,High-Value Regulars,0,0,0.0025
17529,246,2,1025.95,1,3,4,8,1-3-4,Dormant Spenders,1,1,0.9769
17530,1,3,582.7,5,4,4,13,5-4-4,High-Value Regulars,0,0,0.0025
17531,163,2,738.14,2,3,4,9,2-3-4,Fading Customers,1,1,0.887
17532,21,1,65.34,4,2,1,7,4-2-1,Promising Newcomers,1,0,0.0167
17533,70,1,34.8,3,2,1,6,3-2-1,Fading Customers,1,1,0.6643
17534,87,4,1300.57,2,4,5,11,2-4-5,Dormant Spenders,0,1,0.553
17536,56,2,158.38,3,3,1,7,3-3-1,Fading Customers,1,0,0.2919
17539,264,3,899.19,1,4,4,9,1-4-4,Dormant Spenders,1,1,0.9572
17540,19,4,708.1,4,4,4,12,4-4-4,High-Value Regulars,0,0,0.0049
17541,145,1,80.06,2,2,1,5,2-2-1,Fading Customers,1,1,0.6219
17542,277,2,170.1,1,3,2,6,1-3-2,Occasional Browsers,1,1,0.7479
17543,185,1,111.55,1,2,1,4,1-2-1,Disengaged Low-Value,1,1,0.9735
17544,26,3,679.07,4,4,4,12,4-4-4,High-Value Regulars,0,0,0.007
17545,26,3,446.84,4,4,3,11,4-4-3,Loyal Mid-Tier,0,0,0.0071
17547,11,2,497.25,5,3,3,11,5-3-3,Loyal Mid-Tier,0,0,0.002
17548,14,3,362.16,5,4,3,12,5-4-3,Loyal Mid-Tier,0,0,0.0083
17550,33,6,1334.3,4,5,5,14,4-5-5,High-Value Regulars,0,0,0.0041
17552,8,9,1712.74,5,5,5,15,5-5-5,High-Value Regulars,0,0,0.0063
17555,61,3,557.48,3,4,3,10,3-4-3,Loyal Mid-Tier,1,0,0.0381
17556,15,1,142.77,5,2,1,8,5-2-1,Promising Newcomers,1,0,0.0134
17558,29,1,44.52,4,2,1,7,4-2-1,Promising Newcomers,1,0,0.0219
17559,148,1,117.22,2,2,1,5,2-2-1,Fading Customers,1,1,0.5162
17560,31,4,163.3,4,4,2,10,4-4-2,Occasional Browsers,1,0,0.126
17561,26,3,474.15,4,4,3,11,4-4-3,Loyal Mid-Tier,0,0,0.0023
17563,214,2,379.63,1,3,3,7,1-3-3,Occasional Browsers,1,1,0.8866
17565,222,1,115.38,1,2,1,4,1-2-1,Disengaged Low-Value,1,1,0.9764
17567,8,2,820.3,5,3,4,12,5-3-4,Loyal Mid-Tier,0,0,0.0052
17568,269,1,335.45,1,2,3,6,1-2-3,Occasional Browsers,1,1,0.8851
17571,178,1,155.59,1,2,1,4,1-2-1,Disengaged Low-Value,1,1,0.961
17572,9,5,365.76,5,4,3,12,5-4-3,Loyal Mid-Tier,0,0,0.0023
17575,303,1,20.4,1,2,1,4,1-2-1,Disengaged Low-Value,1,1,0.9866
17576,1,22,3787.67,5,5,5,15,5-5-5,High-Value Regulars,0,0,0.0023
17577,281,2,348.75,1,3,3,7,1-3-3,Occasional Browsers,1,1,0.8825
17578,110,6,676.82,2,5,4,11,2-5-4,Dormant Spenders,0,1,0.9435
17579,214,1,201.48,1,2,2,5,1-2-2,Disengaged Low-Value,1,1,0.9761
17580,12,2,312.55,5,3,3,11,5-3-3,Loyal Mid-Tier,1,0,0.0882
17581,8,20,5621.79,5,5,5,15,5-5-5,High-Value Regulars,0,0,0.0023
17582,82,4,524.63,2,4,3,9,2-4-3,Occasional Browsers,1,1,0.6804
17583,196,1,135.95,1,2,1,4,1-2-1,Disengaged Low-Value,1,1,0.9751
17584,103,4,836.25,2,4,4,10,2-4-4,Dormant Spenders,0,0,0.3076
17585,81,3,668.77,2,4,4,10,2-4-4,Dormant Spenders,1,1,0.8422
17586,255,1,84.9,1,2,1,4,1-2-1,Disengaged Low-Value,1,1,0.9834
17587,264,1,135.31,1,2,1,4,1-2-1,Disengaged Low-Value,1,1,0.9725
17588,32,4,476.25,4,4,3,11,4-4-3,Loyal Mid-Tier,0,0,0.0071
17589,21,14,8728.53,4,5,5,14,4-5-5,High-Value Regulars,0,0,0.0083
17591,3,2,276.25,5,3,2,10,5-3-2,Occasional Browsers,0,0,0.0091
17592,374,1,148.3,1,2,1,4,1-2-1,Disengaged Low-Value,1,1,0.9804
17593,45,6,3049.11,3,5,5,13,3-5-5,Loyal Mid-Tier,0,0,0.0021
17594,85,2,796.5,2,3,4,9,2-3-4,Fading Customers,1,1,0.5158
17596,4,7,1166.78,5,5,4,14,5-5-4,High-Value Regulars,0,0,0.002
17597,54,4,990.13,3,4,4,11,3-4-4,Loyal Mid-Tier,0,0,0.0052
17598,17,1,95.58,4,2,1,7,4-2-1,Promising Newcomers,1,0,0.0153
17599,113,1,52.05,2,2,1,5,2-2-1,Fading Customers,1,1,0.9229
17601,16,1,193.77,4,2,2,8,4-2-2,Promising Newcomers,1,0,0.0257
17602,108,8,1730.3,2,5,5,12,2-5-5,Dormant Spenders,0,1,0.9411
17603,253,3,982.18,1,4,4,9,1-4-4,Dormant Spenders,1,1,0.9843
17604,58,4,586.88,3,4,4,11,3-4-4,Loyal Mid-Tier,0,0,0.0054
17605,226,1,92.75,1,2,1,4,1-2-1,Disengaged Low-Value,1,1,0.9823
17606,373,1,87.3,1,2,1,4,1-2-1,Disengaged Low-Value,1,1,0.9857
17607,12,1,308.31,5,2,2,9,5-2-2,Promising Newcomers,1,0,0.0186
17608,85,2,296.07,2,3,2,7,2-3-2,Fading Customers,1,0,0.3792
17609,38,6,569.92,3,5,3,11,3-5-3,Loyal Mid-Tier,0,0,0.0091
17610,176,5,1325.14,2,4,5,11,2-4-5,Dormant Spenders,0,1,0.9213
17611,57,13,3805.58,3,5,5,13,3-5-5,Loyal Mid-Tier,0,0,0.0021
17612,15,12,2682.99,5,5,5,15,5-5-5,High-Value Regulars,0,0,0.0022
17615,23,3,270.2,4,4,2,10,4-4-2,Occasional Browsers,1,1,0.7326
17617,194,1,338.69,1,2,3,6,1-2-3,Occasional Browsers,1,1,0.8876
17618,19,8,2322.54,4,5,5,14,4-5-5,High-Value Regulars,0,0,0.0023
17621,53,2,377.04,3,3,3,9,3-3-3,Loyal Mid-Tier,1,0,0.0679
17622,233,2,608.67,1,3,4,8,1-3-4,Dormant Spenders,1,1,0.9607
17623,45,6,1014.52,3,5,4,12,3-5-4,Loyal Mid-Tier,0,0,0.0024
17624,73,2,647.05,2,3,4,9,2-3-4,Fading Customers,1,0,0.0443
17625,82,4,3266.24,2,4,5,11,2-4-5,Dormant Spenders,0,0,0.1705
17626,238,1,234.1,1,2,2,5,1-2-2,Disengaged Low-Value,1,1,0.9806
17627,114,1,67.3,2,2,1,5,2-2-1,Fading Customers,1,1,0.8785
17629,24,2,427.95,4,3,3,10,4-3-3,Loyal Mid-Tier,1,0,0.0724
17631,10,4,438.96,5,4,3,12,5-4-3,Loyal Mid-Tier,0,0,0.0019
17633,16,2,364.6,4,3,3,10,4-3-3,Loyal Mid-Tier,1,0,0.0606
17635,60,3,1023.6,3,4,4,11,3-4-4,Loyal Mid-Tier,0,0,0.0054
17639,23,5,399.72,4,4,3,11,4-4-3,Loyal Mid-Tier,0,0,0.0097
17640,15,5,703.98,5,4,4,13,5-4-4,High-Value Regulars,0,0,0.0069
17642,65,3,869.96,3,4,4,11,3-4-4,Loyal Mid-Tier,1,0,0.0038
17643,9,2,348.15,5,3,3,11,5-3-3,Loyal Mid-Tier,0,0,0.0069
17644,30,9,2426.07,4,5,5,14,4-5-5,High-Value Regulars,0,0,0.0041
17646,1,10,1767.98,5,5,5,15,5-5-5,High-Value Regulars,0,0,0.0022
17647,305,2,47.7,1,3,1,5,1-3-1,Occasional Browsers,1,1,0.6739
17648,21,1,344.37,4,2,3,9,4-2-3,Promising Newcomers,1,0,0.0179
17649,105,2,605.0,2,3,4,9,2-3-4,Fading Customers,1,1,0.7831
17651,134,6,1324.72,2,5,5,12,2-5-5,Dormant Spenders,0,1,0.9306
17655,2,3,329.74,5,4,3,12,5-4-3,Loyal Mid-Tier,0,0,0.0076
17657,66,1,126.0,3,2,1,6,3-2-1,Fading Customers,1,0,0.4616
17659,8,3,670.68,5,4,4,13,5-4-4,High-Value Regulars,0,0,0.0069
17660,373,1,145.02,1,2,1,4,1-2-1,Disengaged Low-Value,1,1,0.976
17662,297,2,199.92,1,3,2,6,1-3-2,Occasional Browsers,1,1,0.7915
17663,53,9,1978.61,3,5,5,13,3-5-5,Loyal Mid-Tier,0,0,0.0085
17664,110,2,522.44,2,3,3,8,2-3-3,Fading Customers,1,1,0.7587
17665,129,1,260.7,2,2,2,6,2-2-2,Fading Customers,1,1,0.5201
17666,113,3,123.3,2,4,1,7,2-4-1,Occasional Browsers,1,1,0.8127
17667,71,4,1417.45,3,4,5,12,3-4-5,Loyal Mid-Tier,0,0,0.005
17669,98,3,825.69,2,4,4,10,2-4-4,Dormant Spenders,1,1,0.9791
17671,1,2,645.4,5,3,4,12,5-3-4,Loyal Mid-Tier,0,0,0.0081
17672,53,4,1299.39,3,4,5,12,3-4-5,Loyal Mid-Tier,0,0,0.0058
17673,11,6,1817.84,5,5,5,15,5-5-5,High-Value Regulars,0,0,0.0071
17674,4,1,45.78,5,2,1,8,5-2-1,Promising Newcomers,1,0,0.0187
17675,3,34,4598.82,5,5,5,15,5-5-5,High-Value Regulars,0,0,0.0022
17676,2,5,1268.8,5,4,5,14,5-4-5,High-Value Regulars,0,0,0.0063
17677,4,22,3836.34,5,5,5,15,5-5-5,High-Value Regulars,0,0,0.0023
17678,239,1,183.9,1,2,2,5,1-2-2,Disengaged Low-Value,1,1,0.9682
17679,157,5,789.36,2,4,4,10,2-4-4,Dormant Spenders,0,1,0.7231
17680,19,2,153.3,4,3,1,8,4-3-1,Occasional Browsers,1,1,0.5156
17681,318,1,105.0,1,2,1,4,1-2-1,Disengaged Low-Value,1,1,0.9797
17682,4,6,1784.8,5,5,5,15,5-5-5,High-Value Regulars,0,0,0.0031
17683,21,3,552.39,4,4,3,11,4-4-3,Loyal Mid-Tier,0,0,0.0059
17685,8,6,871.9,5,5,4,14,5-5-4,High-Value Regulars,0,0,0.002
17686,59,2,2050.65,3,3,5,11,3-3-5,Loyal Mid-Tier,0,0,0.0213
17687,56,1,381.68,3,2,3,8,3-2-3,Fading Customers,1,1,0.5485
17688,29,1,256.5,4,2,2,8,4-2-2,Promising Newcomers,1,0,0.0237
17689,24,2,310.78,4,3,2,9,4-3-2,Occasional Browsers,1,1,0.6595
17690,2,8,1523.9,5,5,5,15,5-5-5,High-Value Regulars,0,0,0.0023
17691,4,3,389.85,5,4,3,12,5-4-3,Loyal Mid-Tier,0,0,0.0046
17692,32,8,1858.69,4,5,5,14,4-5-5,High-Value Regulars,0,0,0.0081
17694,147,2,718.47,2,3,4,9,2-3-4,Fading Customers,1,1,0.7757
17695,30,3,188.1,4,4,2,10,4-4-2,Occasional Browsers,1,0,0.0433
17696,18,19,3191.24,4,5,5,14,4-5-5,High-Value Regulars,0,0,0.0026
17699,112,2,266.05,2,3,2,7,2-3-2,Fading Customers,1,1,0.7646
17700,17,10,2850.62,4,5,5,14,4-5-5,High-Value Regulars,0,0,0.0019
17702,19,2,1088.12,4,3,4,11,4-3-4,Loyal Mid-Tier,0,0,0.0052
17703,54,1,272.7,3,2,2,7,3-2-2,Fading Customers,1,0,0.4157
17705,91,2,187.7,2,3,2,7,2-3-2,Fading Customers,1,1,0.8518
17706,2,17,5504.6,5,5,5,15,5-5-5,High-Value Regulars,0,0,0.0022
17707,12,6,194.7,5,5,2,12,5-5-2,Occasional Browsers,0,0,0.0159
17708,38,2,569.85,3,3,3,9,3-3-3,Loyal Mid-Tier,1,0,0.0795
17709,106,4,367.36,2,4,3,9,2-4-3,Occasional Browsers,1,1,0.9264
17710,59,1,200.36,3,2,2,7,3-2-2,Fading Customers,1,1,0.5266
17713,18,4,1049.04,4,4,4,12,4-4-4,High-Value Regulars,0,0,0.005
17714,60,4,904.17,3,4,4,11,3-4-4,Loyal Mid-Tier,0,0,0.0073
17716,32,11,4980.77,4,5,5,14,4-5-5,High-Value Regulars,0,0,0.0018
17717,57,1,261.62,3,2,2,7,3-2-2,Fading Customers,1,0,0.437
17718,280,1,247.63,1,2,2,5,1-2-2,Disengaged Low-Value,1,1,0.9795
17720,15,6,905.15,5,5,4,14,5-5-4,High-Value Regulars,0,0,0.0068
17721,295,1,189.61,1,2,2,5,1-2-2,Disengaged Low-Value,1,1,0.9733
17722,2,2,1467.77,5,3,5,13,5-3-5,Loyal Mid-Tier,0,0,0.0131
17726,31,7,993.91,4,5,4,13,4-5-4,High-Value Regulars,0,0,0.0022
17728,40,2,1132.25,3,3,4,10,3-3-4,Loyal Mid-Tier,0,0,0.0078
17729,232,1,421.7,1,2,3,6,1-2-3,Occasional Browsers,1,1,0.8844
17730,18,6,895.06,4,5,4,13,4-5-4,High-Value Regulars,0,0,0.0082
17731,257,2,421.18,1,3,3,7,1-3-3,Occasional Browsers,1,1,0.9144
17732,8,8,1661.97,5,5,5,15,5-5-5,High-Value Regulars,0,0,0.0095
17734,161,3,574.59,2,4,3,9,2-4-3,Occasional Browsers,1,1,0.9243
17735,3,8,3093.02,5,5,5,15,5-5-5,High-Value Regulars,0,0,0.0079
17738,31,9,1997.41,4,5,5,14,4-5-5,High-Value Regulars,0,0,0.006
17739,10,11,984.9,5,5,4,14,5-5-4,High-Value Regulars,0,0,0.0027
17740,277,2,110.7,1,3,1,5,1-3-1,Occasional Browsers,1,1,0.8434
17741,42,2,69.9,3,3,1,7,3-3-1,Fading Customers,1,0,0.3387
17742,64,9,711.7,3,5,4,12,3-5-4,Loyal Mid-Tier,0,0,0.0023
17744,16,1,164.94,4,2,2,8,4-2-2,Promising Newcomers,1,0,0.0205
17745,113,2,267.09,2,3,2,7,2-3-2,Fading Customers,1,1,0.7524
17746,107,3,361.52,2,4,3,9,2-4-3,Occasional Browsers,1,1,0.8866
17748,163,1,204.65,2,2,2,6,2-2-2,Fading Customers,1,1,0.5861
17749,182,1,263.76,1,2,2,5,1-2-2,Disengaged Low-Value,1,1,0.9835
17751,57,1,122.69,3,2,1,6,3-2-1,Fading Customers,1,0,0.3218
17753,100,4,220.56,2,4,2,8,2-4-2,Occasional Browsers,1,1,0.6849
17754,122,6,917.73,2,5,4,11,2-5-4,Dormant Spenders,0,1,0.6582
17756,11,3,627.24,5,4,4,13,5-4-4,High-Value Regulars,0,0,0.0061
17757,4,28,2808.73,5,5,5,15,5-5-5,High-Value Regulars,0,0,0.0024
17758,63,4,1200.96,3,4,4,11,3-4-4,Loyal Mid-Tier,0,0,0.0069
17759,29,2,344.36,4,3,3,10,4-3-3,Loyal Mid-Tier,1,0,0.0467
17760,9,5,379.38,5,4,3,12,5-4-3,Loyal Mid-Tier,0,0,0.0034
17762,92,1,117.15,2,2,1,5,2-2-1,Fading Customers,1,1,0.5942
17763,289,3,61.2,1,4,1,6,1-4-1,Occasional Browsers,1,1,0.8434
17764,38,3,511.11,3,4,3,10,3-4-3,Loyal Mid-Tier,1,0,0.0072
17765,84,1,99.47,2,2,1,5,2-2-1,Fading Customers,1,0,0.4531
17766,17,2,265.81,4,3,2,9,4-3-2,Occasional Browsers,1,1,0.597
17767,46,1,141.85,3,2,1,6,3-2-1,Fading Customers,1,0,0.2844
17768,23,3,725.88,4,4,4,12,4-4-4,High-Value Regulars,0,0,0.0016
17769,19,7,2119.85,4,5,5,14,4-5-5,High-Value Regulars,0,0,0.0022
17771,72,2,87.8,2,3,1,6,2-3-1,Fading Customers,1,0,0.4837
17772,28,1,142.15,4,2,1,7,4-2-1,Promising Newcomers,1,0,0.0117
17773,150,2,469.57,2,3,3,8,2-3-3,Fading Customers,1,1,0.7134
17774,33,5,1572.63,4,4,5,13,4-4-5,High-Value Regulars,0,0,0.0047
17776,22,2,266.66,4,3,2,9,4-3-2,Occasional Browsers,1,0,0.0245
17778,297,1,72.9,1,2,1,4,1-2-1,Disengaged Low-Value,1,1,0.9886
17780,303,3,294.96,1,4,2,7,1-4-2,Occasional Browsers,1,1,0.7819
17782,18,2,483.34,4,3,3,10,4-3-3,Loyal Mid-Tier,1,0,0.0727
17783,148,1,82.99,2,2,1,5,2-2-1,Fading Customers,1,1,0.6341
17784,186,1,84.99,1,2,1,4,1-2-1,Disengaged Low-Value,1,1,0.9867
17785,81,2,178.49,2,3,2,7,2-3-2,Fading Customers,1,1,0.6586
17787,7,1,490.23,5,2,3,10,5-2-3,Promising Newcomers,1,0,0.0259
17789,297,1,154.25,1,2,1,4,1-2-1,Disengaged Low-Value,1,1,0.9737
17790,14,6,567.11,5,5,3,13,5-5-3,Loyal Mid-Tier,0,0,0.0094
17792,103,2,300.8,2,3,2,7,2-3-2,Fading Customers,1,0,0.4154
17794,322,2,102.3,1,3,1,5,1-3-1,Occasional Browsers,1,1,0.8137
17796,5,4,527.39,5,4,3,12,5-4-3,Loyal Mid-Tier,0,0,0.0076
17797,31,5,958.89,4,4,4,12,4-4-4,High-Value Regulars,0,0,0.002
17798,217,1,178.07,1,2,2,5,1-2-2,Disengaged Low-Value,1,1,0.9632
17799,25,9,2736.57,4,5,5,14,4-5-5,High-Value Regulars,0,0,0.0023
17801,87,3,726.35,2,4,4,10,2-4-4,Dormant Spenders,1,0,0.434
17802,8,8,2736.86,5,5,5,15,5-5-5,High-Value Regulars,0,0,0.0018
17803,28,1,171.91,4,2,2,8,4-2-2,Promising Newcomers,1,0,0.0152
17804,12,3,333.89,5,4,3,12,5-4-3,Loyal Mid-Tier,0,0,0.0018
17807,31,3,379.37,4,4,3,11,4-4-3,Loyal Mid-Tier,1,0,0.0063
17808,184,3,159.95,1,4,1,6,1-4-1,Occasional Browsers,1,1,0.8764
17809,7,6,296.55,5,5,2,12,5-5-2,Occasional Browsers,0,0,0.0122
17810,304,2,283.66,1,3,2,6,1-3-2,Occasional Browsers,1,1,0.6612
17811,10,8,1435.68,5,5,5,15,5-5-5,High-Value Regulars,0,0,0.0085
17812,4,4,343.08,5,4,3,12,5-4-3,Loyal Mid-Tier,0,0,0.0067
17814,11,2,1252.15,5,3,5,13,5-3-5,Loyal Mid-Tier,0,0,0.0154
17815,29,1,159.6,4,2,1,7,4-2-1,Promising Newcomers,1,0,0.0144
17816,1,3,75.76,5,4,1,10,5-4-1,Occasional Browsers,0,0,0.0127
17817,14,3,384.02,5,4,3,12,5-4-3,Loyal Mid-Tier,0,0,0.0077
17818,373,1,124.78,1,2,1,4,1-2-1,Disengaged Low-Value,1,1,0.965
17819,7,5,315.19,5,4,3,12,5-4-3,Loyal Mid-Tier,0,0,0.0021
17820,10,1,106.24,5,2,1,8,5-2-1,Promising Newcomers,1,0,0.0132
17822,56,5,969.39,3,4,4,11,3-4-4,Loyal Mid-Tier,0,0,0.0086
17823,57,2,380.45,3,3,3,9,3-3-3,Loyal Mid-Tier,1,0,0.0583
17825,234,4,404.36,1,4,3,8,1-4-3,Occasional Browsers,1,1,0.8814
17826,10,1,125.39,5,2,1,8,5-2-1,Promising Newcomers,1,0,0.0122
17827,257,1,382.54,1,2,3,6,1-2-3,Occasional Browsers,1,1,0.8808
17829,60,3,2204.08,3,4,5,12,3-4-5,Loyal Mid-Tier,0,0,0.0115
17833,359,1,320.56,1,2,3,6,1-2-3,Occasional Browsers,1,1,0.9088
17834,50,2,329.17,3,3,3,9,3-3-3,Loyal Mid-Tier,1,0,0.0533
17838,1,8,1886.21,5,5,5,15,5-5-5,High-Value Regulars,0,0,0.005
17840,79,1,165.95,2,2,2,6,2-2-2,Fading Customers,1,0,0.3909
17841,1,89,19551.04,5,5,5,15,5-5-5,High-Value Regulars,0,0,0.0022
17842,238,1,228.15,1,2,2,5,1-2-2,Disengaged Low-Value,1,1,0.977
17843,47,1,114.92,3,2,1,6,3-2-1,Fading Customers,1,0,0.4307
17845,191,4,461.35,1,4,3,8,1-4-3,Occasional Browsers,1,1,0.9332
17847,151,2,36.37,2,3,1,6,2-3-1,Fading Customers,1,1,0.8254
17848,53,15,577.28,3,5,3,11,3-5-3,Loyal Mid-Tier,0,0,0.0047
17849,116,3,154.16,2,4,1,7,2-4-1,Occasional Browsers,1,1,0.8337
17850,8,155,41257.56,5,5,5,15,5-5-5,High-Value Regulars,0,0,0.0025
17851,58,6,1268.35,3,5,5,13,3-5-5,Loyal Mid-Tier,0,0,0.0024
17852,24,3,456.92,4,4,3,11,4-4-3,Loyal Mid-Tier,0,0,0.0022
17853,43,3,1124.73,3,4,4,11,3-4-4,Loyal Mid-Tier,0,0,0.0019
17854,98,4,583.67,2,4,4,10,2-4-4,Dormant Spenders,1,1,0.8134
17855,8,1,199.02,5,2,2,9,5-2-2,Promising Newcomers,1,0,0.0223
17858,5,12,1255.27,5,5,5,15,5-5-5,High-Value Regulars,0,0,0.0023
17860,4,4,571.7,5,4,3,12,5-4-3,Loyal Mid-Tier,0,0,0.0021
17861,21,10,1928.57,4,5,5,14,4-5-5,High-Value Regulars,0,0,0.002
17862,21,3,418.09,4,4,3,11,4-4-3,Loyal Mid-Tier,0,0,0.0067
17863,5,7,1517.82,5,5,5,15,5-5-5,High-Value Regulars,0,0,0.0021
17864,21,2,258.24,4,3,2,9,4-3-2,Occasional Browsers,1,1,0.6214
17865,11,25,8191.14,5,5,5,15,5-5-5,High-Value Regulars,0,0,0.0021
17866,120,2,144.0,2,3,1,6,2-3-1,Fading Customers,1,1,0.6078
17867,46,6,168.45,3,5,2,10,3-5-2,Occasional Browsers,1,0,0.0547
17868,22,1,207.25,4,2,2,8,4-2-2,Promising Newcomers,1,0,0.0177
17869,4,3,271.05,5,4,2,11,5-4-2,Occasional Browsers,0,0,0.0862
17871,33,4,522.09,4,4,3,11,4-4-3,Loyal Mid-Tier,0,0,0.0022
17872,17,1,160.27,4,2,1,7,4-2-1,Promising Newcomers,1,0,0.011
17873,9,11,1393.9,5,5,5,15,5-5-5,High-Value Regulars,0,0,0.0023
17875,324,1,167.1,1,2,2,5,1-2-2,Disengaged Low-Value,1,1,0.9841
17878,31,2,608.16,4,3,4,11,4-3-4,Loyal Mid-Tier,1,0,0.0491
17880,275,2,321.0,1,3,3,7,1-3-3,Occasional Browsers,1,1,0.907
17882,15,2,230.26,5,3,2,10,5-3-2,Occasional Browsers,1,1,0.6223
17883,175,3,175.78,2,4,2,8,2-4-2,Occasional Browsers,1,1,0.876
17884,4,17,1854.37,5,5,5,15,5-5-5,High-Value Regulars,0,0,0.0022
17886,73,3,212.68,2,4,2,8,2-4-2,Occasional Browsers,1,1,0.7227
17888,10,14,645.22,5,5,4,14,5-5-4,High-Value Regulars,0,0,0.0039
17889,10,5,495.95,5,4,3,12,5-4-3,Loyal Mid-Tier,0,0,0.0064
17894,2,10,1204.74,5,5,4,14,5-5-4,High-Value Regulars,0,0,0.0092
17897,3,8,1022.73,5,5,4,14,5-5-4,High-Value Regulars,0,0,0.0084
17898,88,2,68.77,2,3,1,6,2-3-1,Fading Customers,1,0,0.4921
17901,157,1,30.0,2,2,1,5,2-2-1,Fading Customers,1,1,0.8596
17902,182,1,108.04,1,2,1,4,1-2-1,Disengaged Low-Value,1,1,0.9835
17903,30,1,331.74,4,2,3,9,4-2-3,Promising Newcomers,1,0,0.0438
17905,9,10,583.45,5,5,4,14,5-5-4,High-Value Regulars,0,0,0.0024
17907,276,1,80.08,1,2,1,4,1-2-1,Disengaged Low-Value,1,1,0.9839
17908,9,5,902.03,5,4,4,13,5-4-4,High-Value Regulars,0,0,0.0019
17909,373,1,77.4,1,2,1,4,1-2-1,Disengaged Low-Value,1,1,0.9843
17910,362,1,245.8,1,2,2,5,1-2-2,Disengaged Low-Value,1,1,0.98
17912,11,1,64.49,5,2,1,8,5-2-1,Promising Newcomers,1,0,0.0193
17913,36,12,2631.55,4,5,5,14,4-5-5,High-Value Regulars,0,0,0.0022
17915,187,1,163.85,1,2,2,5,1-2-2,Disengaged Low-Value,1,1,0.9807
17916,264,2,22.99,1,3,1,5,1-3-1,Occasional Browsers,1,1,0.7575
17918,136,3,172.23,2,4,2,8,2-4-2,Occasional Browsers,1,1,0.8416
17919,74,1,162.72,2,2,2,6,2-2-2,Fading Customers,1,0,0.3067
17920,4,38,7546.59,5,5,5,15,5-5-5,High-Value Regulars,0,0,0.0021
17921,15,6,1280.23,5,5,5,15,5-5-5,High-Value Regulars,0,0,0.0138
17922,179,1,92.9,1,2,1,4,1-2-1,Disengaged Low-Value,1,1,0.9836
17926,80,3,372.6,2,4,3,9,2-4-3,Occasional Browsers,1,1,0.8262
17927,357,1,147.6,1,2,1,4,1-2-1,Disengaged Low-Value,1,1,0.9694
17928,207,1,46.2,1,2,1,4,1-2-1,Disengaged Low-Value,1,1,0.9879
17930,29,7,340.58,4,5,3,12,4-5-3,Loyal Mid-Tier,0,0,0.0096
17931,33,12,1521.24,4,5,5,14,4-5-5,High-Value Regulars,0,0,0.0075
17933,268,1,114.69,1,2,1,4,1-2-1,Disengaged Low-Value,1,1,0.9834
17934,42,1,327.9,3,2,3,8,3-2-3,Fading Customers,1,1,0.5899
17935,36,4,273.95,4,4,2,10,4-4-2,Occasional Browsers,1,0,0.0356
17938,56,1,128.39,3,2,1,6,3-2-1,Fading Customers,1,0,0.3819
17944,59,1,67.04,3,2,1,6,3-2-1,Fading Customers,1,0,0.4005
17945,332,3,279.1,1,4,2,7,1-4-2,Occasional Browsers,1,1,0.6367
17950,1,6,678.66,5,5,4,14,5-5-4,High-Value Regulars,0,0,0.0023
17951,9,2,53.1,5,3,1,9,5-3-1,Occasional Browsers,1,0,0.4597
17952,14,4,476.31,5,4,3,12,5-4-3,Loyal Mid-Tier,0,0,0.0063
17953,176,1,133.67,2,2,1,5,2-2-1,Fading Customers,1,1,0.6003
17954,7,8,1379.68,5,5,5,15,5-5-5,High-Value Regulars,0,0,0.002
17955,301,1,25.0,1,2,1,4,1-2-1,Disengaged Low-Value,1,1,0.981
17958,364,1,156.32,1,2,1,4,1-2-1,Disengaged Low-Value,1,1,0.9789
17960,158,2,53.35,2,3,1,6,2-3-1,Fading Customers,1,1,0.9088
17961,8,58,1436.2,5,5,5,15,5-5-5,High-Value Regulars,0,0,0.0039
17962,185,3,519.94,1,4,3,8,1-4-3,Occasional Browsers,1,1,0.8746
17963,107,4,451.51,2,4,3,9,2-4-3,Occasional Browsers,1,1,0.7594
17964,8,1,163.0,5,2,2,9,5-2-2,Promising Newcomers,1,0,0.0187
17965,1,17,3555.48,5,5,5,15,5-5-5,High-Value Regulars,0,0,0.0022
17966,227,4,318.47,1,4,3,8,1-4-3,Occasional Browsers,1,1,0.9078
17967,7,2,185.62,5,3,2,10,5-3-2,Occasional Browsers,1,1,0.5842
17968,9,4,442.09,5,4,3,12,5-4-3,Loyal Mid-Tier,0,0,0.0065
17969,138,18,1305.98,2,5,5,12,2-5-5,Dormant Spenders,0,1,0.9229
17971,184,1,146.04,1,2,1,4,1-2-1,Disengaged Low-Value,1,1,0.9794
17974,17,3,811.43,4,4,4,12,4-4-4,High-Value Regulars,0,0,0.008
17975,2,12,1393.77,5,5,5,15,5-5-5,High-Value Regulars,0,0,0.0116
17976,8,1,282.64,5,2,2,9,5-2-2,Promising Newcomers,1,0,0.0239
17977,36,1,744.03,4,2,4,10,4-2-4,Promising Newcomers,1,0,0.0193
17978,1,4,451.06,5,4,3,12,5-4-3,Loyal Mid-Tier,0,0,0.0022
17980,29,1,175.77,4,2,2,8,4-2-2,Promising Newcomers,1,0,0.0181
17981,46,1,160.02,3,2,1,6,3-2-1,Fading Customers,1,0,0.327
17982,316,1,127.74,1,2,1,4,1-2-1,Disengaged Low-Value,1,1,0.9622
17983,31,1,116.76,4,2,1,7,4-2-1,Promising Newcomers,1,0,0.0131
17984,28,4,837.01,4,4,4,12,4-4-4,High-Value Regulars,0,0,0.002
17987,12,4,565.51,5,4,3,12,5-4-3,Loyal Mid-Tier,0,0,0.0054
17988,123,7,241.87,2,5,2,9,2-5-2,Occasional Browsers,1,1,0.7317
17989,15,1,185.85,5,2,2,9,5-2-2,Promising Newcomers,1,0,0.0181
17990,16,3,405.52,4,4,3,11,4-4-3,Loyal Mid-Tier,0,0,0.0024
17991,227,1,164.3,1,2,2,5,1-2-2,Disengaged Low-Value,1,1,0.9823
17992,25,1,225.33,4,2,2,8,4-2-2,Promising Newcomers,1,0,0.0209
17993,253,1,162.84,1,2,2,5,1-2-2,Disengaged Low-Value,1,1,0.9731
17994,24,7,1177.92,4,5,4,13,4-5-4,High-Value Regulars,0,0,0.0059
17995,18,2,196.63,4,3,2,9,4-3-2,Occasional Browsers,1,1,0.6407
17996,15,3,278.71,5,4,2,11,5-4-2,Occasional Browsers,0,0,0.1081
17998,16,3,313.3,4,4,3,11,4-4-3,Loyal Mid-Tier,0,0,0.0021
17999,2,2,275.81,5,3,2,10,5-3-2,Occasional Browsers,0,0,0.0825
18000,200,1,29.3,1,2,1,4,1-2-1,Disengaged Low-Value,1,1,0.9875
18001,85,3,362.49,2,4,3,9,2-4-3,Occasional Browsers,1,0,0.0799
18002,11,4,159.57,5,4,1,10,5-4-1,Occasional Browsers,0,0,0.0141
18003,12,1,221.15,5,2,2,9,5-2-2,Promising Newcomers,1,0,0.018
18006,17,3,324.96,4,4,3,11,4-4-3,Loyal Mid-Tier,0,0,0.0024
18007,28,1,189.77,4,2,2,8,4-2-2,Promising Newcomers,1,0,0.0172
18008,77,6,331.8,2,5,3,10,2-5-3,Occasional Browsers,0,0,0.2726
18009,178,6,941.39,1,5,4,10,1-5-4,Dormant Spenders,0,1,0.9633
18011,9,2,275.64,5,3,2,10,5-3-2,Occasional Browsers,1,0,0.3631
18012,359,1,53.65,1,2,1,4,1-2-1,Disengaged Low-Value,1,1,0.987
18016,46,2,441.2,3,3,3,9,3-3-3,Loyal Mid-Tier,1,0,0.0259
18018,35,2,39.35,4,3,1,8,4-3-1,Occasional Browsers,1,1,0.7516
18020,179,1,77.73,1,2,1,4,1-2-1,Disengaged Low-Value,1,1,0.9843
18021,145,2,175.76,2,3,2,7,2-3-2,Fading Customers,1,1,0.5352
18022,21,4,786.02,4,4,4,12,4-4-4,High-Value Regulars,0,0,0.0058
18025,15,6,939.89,5,5,4,14,5-5-4,High-Value Regulars,0,0,0.007
18026,136,2,32.85,2,3,1,6,2-3-1,Fading Customers,1,1,0.861
18028,219,1,39.65,1,2,1,4,1-2-1,Disengaged Low-Value,1,1,0.9796
18029,278,1,240.45,1,2,2,5,1-2-2,Disengaged Low-Value,1,1,0.9828
18031,14,1,334.59,5,2,3,10,5-2-3,Promising Newcomers,1,0,0.0164
18034,11,1,289.44,5,2,2,9,5-2-2,Promising Newcomers,1,0,0.016
18036,21,8,779.62,4,5,4,13,4-5-4,High-Value Regulars,0,0,0.0022
18037,57,7,49.05,3,5,1,9,3-5-1,Occasional Browsers,1,0,0.0429
18038,192,1,113.58,1,2,1,4,1-2-1,Disengaged Low-Value,1,1,0.9818
18039,10,4,404.37,5,4,3,12,5-4-3,Loyal Mid-Tier,0,0,0.004
18041,1,19,2750.43,5,5,5,15,5-5-5,High-Value Regulars,0,0,0.0022
18042,177,1,86.25,2,2,1,5,2-2-1,Fading Customers,1,1,0.7765
18043,2,1,234.56,5,2,2,9,5-2-2,Promising Newcomers,1,0,0.0225
18044,23,8,733.36,4,5,4,13,4-5-4,High-Value Regulars,0,0,0.007
18046,285,1,104.48,1,2,1,4,1-2-1,Disengaged Low-Value,1,1,0.9843
18047,17,2,215.79,4,3,2,9,4-3-2,Occasional Browsers,1,1,0.6145
18048,129,1,199.94,2,2,2,6,2-2-2,Fading Customers,1,1,0.5908
18049,73,2,383.97,2,3,3,8,2-3-3,Fading Customers,1,0,0.3599
18050,29,1,289.8,4,2,2,8,4-2-2,Promising Newcomers,1,0,0.0199
18051,270,6,398.84,1,5,3,9,1-5-3,Occasional Browsers,1,1,0.9395
18053,163,1,149.4,2,2,1,5,2-2-1,Fading Customers,1,0,0.4682
18054,28,1,176.5,4,2,2,8,4-2-2,Promising Newcomers,1,0,0.0205
18055,3,5,2634.36,5,4,5,14,5-4-5,High-Value Regulars,0,0,0.0106
18056,254,1,190.95,1,2,2,5,1-2-2,Disengaged Low-Value,1,1,0.9813
18057,29,3,715.22,4,4,4,12,4-4-4,High-Value Regulars,0,0,0.0018
18058,177,2,103.5,2,3,1,6,2-3-1,Fading Customers,1,1,0.7417
18060,44,2,935.96,3,3,4,10,3-3-4,Loyal Mid-Tier,1,0,0.0381
18061,2,11,631.32,5,5,4,14,5-5-4,High-Value Regulars,0,0,0.0024
18062,22,3,389.45,4,4,3,11,4-4-3,Loyal Mid-Tier,0,0,0.0066
18063,26,1,25.2,4,2,1,7,4-2-1,Promising Newcomers,1,0,0.0183
18064,82,7,680.59,2,5,4,11,2-5-4,Dormant Spenders,0,0,0.4787
18065,24,13,2381.32,4,5,5,14,4-5-5,High-Value Regulars,0,0,0.0021
18066,22,2,648.9,4,3,4,11,4-3-4,Loyal Mid-Tier,1,0,0.069
18069,19,5,2107.04,4,4,5,13,4-4-5,High-Value Regulars,0,0,0.011
18070,305,1,143.6,1,2,1,4,1-2-1,Disengaged Low-Value,1,1,0.9781
18071,1,5,950.13,5,4,4,13,5-4-4,High-Value Regulars,0,0,0.0018
18074,9,2,535.09,5,3,3,11,5-3-3,Loyal Mid-Tier,0,0,0.0077
18075,10,10,2576.4,5,5,5,15,5-5-5,High-Value Regulars,0,0,0.0087
18076,16,1,23.45,4,2,1,7,4-2-1,Promising Newcomers,1,0,0.023
18077,2,8,1594.91,5,5,5,15,5-5-5,High-Value Regulars,0,0,0.0019
18078,61,2,198.7,3,3,2,8,3-3-2,Fading Customers,1,1,0.5148
18079,127,1,33.83,2,2,1,5,2-2-1,Fading Customers,1,1,0.5456
18083,33,1,193.19,4,2,2,8,4-2-2,Promising Newcomers,1,0,0.0208
18084,19,1,50.25,4,2,1,7,4-2-1,Promising Newcomers,1,0,0.0425
18085,9,3,755.25,5,4,4,13,5-4-4,High-Value Regulars,0,0,0.0065
18087,15,11,771.5,5,5,4,14,5-5-4,High-Value Regulars,0,0,0.0024
18089,82,1,163.0,2,2,2,6,2-2-2,Fading Customers,1,0,0.4894
18090,57,1,220.65,3,2,2,7,3-2-2,Fading Customers,1,0,0.4951
18091,229,1,230.0,1,2,2,5,1-2-2,Disengaged Low-Value,1,1,0.9793
18094,82,5,312.2,2,4,3,9,2-4-3,Occasional Browsers,1,0,0.4454
18095,63,2,147.6,3,3,1,7,3-3-1,Fading Customers,1,0,0.379
18096,78,3,646.85,2,4,4,10,2-4-4,Dormant Spenders,1,1,0.8481
18097,109,3,429.98,2,4,3,9,2-4-3,Occasional Browsers,1,1,0.7763
18098,32,1,414.69,4,2,3,9,4-2-3,Promising Newcomers,1,0,0.0375
18100,186,1,332.89,1,2,3,6,1-2-3,Occasional Browsers,1,1,0.8656
18101,10,3,326.21,5,4,3,12,5-4-3,Loyal Mid-Tier,0,0,0.0021
18102,227,4,105.2,1,4,1,6,1-4-1,Occasional Browsers,1,1,0.7415
18103,185,1,27.75,1,2,1,4,1-2-1,Disengaged Low-Value,1,1,0.9866
18106,112,5,795.21,2,4,4,10,2-4-4,Dormant Spenders,0,1,0.9371
18107,78,1,116.04,2,2,1,5,2-2-1,Fading Customers,1,0,0.4153
18108,232,2,460.51,1,3,3,7,1-3-3,Occasional Browsers,1,1,0.907
18109,5,13,1074.74,5,5,4,14,5-5-4,High-Value Regulars,0,0,0.009
18110,47,1,177.58,3,2,2,7,3-2-2,Fading Customers,1,0,0.473
18111,225,1,315.8,1,2,3,6,1-2-3,Occasional Browsers,1,1,0.8855
18112,54,2,284.87,3,3,2,8,3-3-2,Fading Customers,1,1,0.5635
18115,333,1,9.7,1,2,1,4,1-2-1,Disengaged Low-Value,1,1,0.9894
18116,12,5,578.11,5,4,3,12,5-4-3,Loyal Mid-Tier,0,0,0.0095
18118,5,4,871.0,5,4,4,13,5-4-4,High-Value Regulars,0,0,0.007
18119,3,1,83.99,5,2,1,8,5-2-1,Promising Newcomers,1,0,0.0116
18123,149,1,66.35,2,2,1,5,2-2-1,Fading Customers,1,1,0.6711
18124,108,1,102.65,2,2,1,5,2-2-1,Fading Customers,1,1,0.681
18127,39,1,141.75,3,2,1,6,3-2-1,Fading Customers,1,0,0.4312
18128,173,1,367.88,2,2,3,7,2-2-3,Fading Customers,1,1,0.6896
18132,140,1,211.63,2,2,2,6,2-2-2,Fading Customers,1,1,0.6007
18134,234,2,341.85,1,3,3,7,1-3-3,Occasional Browsers,1,1,0.9194
18135,60,4,152.27,3,4,1,8,3-4-1,Occasional Browsers,1,0,0.4753
18136,45,2,623.73,3,3,4,10,3-3-4,Loyal Mid-Tier,1,0,0.0593
18137,187,2,104.84,1,3,1,5,1-3-1,Occasional Browsers,1,1,0.7657
18140,109,1,434.35,2,2,3,7,2-2-3,Fading Customers,1,1,0.6633
18141,37,2,622.36,3,3,4,10,3-3-4,Loyal Mid-Tier,1,0,0.0477
18144,9,6,287.76,5,5,2,12,5-5-2,Occasional Browsers,0,0,0.0166
18145,18,7,2096.62,4,5,5,14,4-5-5,High-Value Regulars,0,0,0.0018
18148,282,1,112.85,1,2,1,4,1-2-1,Disengaged Low-Value,1,1,0.98
18149,40,4,793.38,3,4,4,11,3-4-4,Loyal Mid-Tier,0,0,0.0052
18151,56,3,1076.54,3,4,4,11,3-4-4,Loyal Mid-Tier,0,0,0.0064
18152,282,1,68.89,1,2,1,4,1-2-1,Disengaged Low-Value,1,1,0.9877
18153,295,1,246.22,1,2,2,5,1-2-2,Disengaged Low-Value,1,1,0.9825
18154,24,3,335.05,4,4,3,11,4-4-3,Loyal Mid-Tier,1,0,0.1108
18156,5,1,186.88,5,2,2,9,5-2-2,Promising Newcomers,1,0,0.026
18157,207,1,125.79,1,2,1,4,1-2-1,Disengaged Low-Value,1,1,0.984
18160,22,1,324.07,4,2,3,9,4-2-3,Promising Newcomers,1,0,0.0282
18161,15,1,171.66,5,2,2,9,5-2-2,Promising Newcomers,1,0,0.0202
18162,368,1,348.83,1,2,3,6,1-2-3,Occasional Browsers,1,1,0.9027
18163,220,1,483.85,1,2,3,6,1-2-3,Occasional Browsers,1,1,0.8652
18166,259,1,175.5,1,2,2,5,1-2-2,Disengaged Low-Value,1,1,0.9751
18168,8,11,1898.82,5,5,5,15,5-5-5,High-Value Regulars,0,0,0.0024
18170,10,6,1061.94,5,5,4,14,5-5-4,High-Value Regulars,0,0,0.0024
18171,106,4,506.1,2,4,3,9,2-4-3,Occasional Browsers,1,1,0.7954
18172,23,30,4308.69,4,5,5,14,4-5-5,High-Value Regulars,0,0,0.0025
18173,248,1,103.4,1,2,1,4,1-2-1,Disengaged Low-Value,1,1,0.9766
18175,311,1,91.2,1,2,1,4,1-2-1,Disengaged Low-Value,1,1,0.9806
18177,196,2,226.25,1,3,2,6,1-3-2,Occasional Browsers,1,1,0.7522
18178,38,7,3815.0,3,5,5,13,3-5-5,Loyal Mid-Tier,0,0,0.006
18179,299,1,287.38,1,2,2,5,1-2-2,Disengaged Low-Value,1,1,0.9788
18181,36,4,697.79,4,4,4,12,4-4-4,High-Value Regulars,0,0,0.0022
18182,99,1,131.95,2,2,1,5,2-2-1,Fading Customers,1,1,0.6024
18186,358,1,102.9,1,2,1,4,1-2-1,Disengaged Low-Value,1,1,0.9761
18187,267,1,630.44,1,2,4,7,1-2-4,Dormant Spenders,1,1,0.9299
18188,66,3,1056.95,3,4,4,11,3-4-4,Loyal Mid-Tier,0,0,0.0039
18189,261,1,299.57,1,2,2,5,1-2-2,Disengaged Low-Value,1,1,0.9673
18190,239,3,395.16,1,4,3,8,1-4-3,Occasional Browsers,1,1,0.9189
18191,113,1,60.0,2,2,1,5,2-2-1,Fading Customers,1,1,0.6307
18193,16,2,726.75,4,3,4,11,4-3-4,Loyal Mid-Tier,0,0,0.0053
18194,316,1,27.0,1,2,1,4,1-2-1,Disengaged Low-Value,1,1,0.9849
18195,23,1,101.16,4,2,1,7,4-2-1,Promising Newcomers,1,0,0.0151
18196,107,2,675.96,2,3,4,9,2-3-4,Fading Customers,1,1,0.7284
18197,211,1,163.5,1,2,2,5,1-2-2,Disengaged Low-Value,1,1,0.9733
18199,319,1,249.25,1,2,2,5,1-2-2,Disengaged Low-Value,1,1,0.9812
18201,358,1,332.88,1,2,3,6,1-2-3,Occasional Browsers,1,1,0.91
18203,17,3,144.1,4,4,1,9,4-4-1,Occasional Browsers,1,0,0.0556
18206,189,1,314.66,1,2,3,6,1-2-3,Occasional Browsers,1,1,0.8429
18207,135,1,431.32,2,2,3,7,2-2-3,Fading Customers,1,1,0.5952
18208,201,1,137.28,1,2,1,4,1-2-1,Disengaged Low-Value,1,1,0.9723
18210,18,1,131.55,4,2,1,7,4-2-1,Promising Newcomers,1,0,0.0155
18212,313,1,181.8,1,2,2,5,1-2-2,Disengaged Low-Value,1,1,0.9772
18214,171,3,283.78,2,4,2,8,2-4-2,Occasional Browsers,1,1,0.8373
18215,73,4,1323.31,2,4,5,11,2-4-5,Dormant Spenders,0,1,0.7932
18217,149,2,131.05,2,3,1,6,2-3-1,Fading Customers,1,1,0.6328
18218,232,2,236.46,1,3,2,6,1-3-2,Occasional Browsers,1,1,0.7424
18219,4,8,1115.47,5,5,4,14,5-5-4,High-Value Regulars,0,0,0.0024
18220,218,2,93.35,1,3,1,5,1-3-1,Occasional Browsers,1,1,0.8228
18221,26,1,324.08,4,2,3,9,4-2-3,Promising Newcomers,1,0,0.0291
18223,23,12,4611.15,4,5,5,14,4-5-5,High-Value Regulars,0,0,0.0024
18225,1,14,2943.99,5,5,5,15,5-5-5,High-Value Regulars,0,0,0.0024
18226,14,15,3721.63,5,5,5,15,5-5-5,High-Value Regulars,0,0,0.0063
18229,2,4,259.65,5,4,2,11,5-4-2,Occasional Browsers,0,0,0.1323
18230,14,2,951.96,5,3,4,12,5-3-4,Loyal Mid-Tier,0,0,0.006
18231,42,22,2825.16,3,5,5,13,3-5-5,Loyal Mid-Tier,0,0,0.0025
18234,187,1,137.1,1,2,1,4,1-2-1,Disengaged Low-Value,1,1,0.9768
18236,24,6,697.81,4,5,4,13,4-5-4,High-Value Regulars,0,0,0.006
18238,151,1,180.02,2,2,2,6,2-2-2,Fading Customers,1,1,0.5394
18239,8,2,538.9,5,3,3,11,5-3-3,Loyal Mid-Tier,0,0,0.0098
18241,51,4,814.3,3,4,4,11,3-4-4,Loyal Mid-Tier,0,0,0.0038
18242,81,4,1057.32,2,4,4,10,2-4-4,Dormant Spenders,0,0,0.1336
18243,50,1,452.18,3,2,3,8,3-2-3,Fading Customers,1,1,0.6233
18244,66,1,226.24,3,2,2,7,3-2-2,Fading Customers,1,0,0.4697
18245,15,13,3383.86,5,5,5,15,5-5-5,High-Value Regulars,0,0,0.0062
18247,50,3,557.53,3,4,3,10,3-4-3,Loyal Mid-Tier,1,0,0.0575
18252,184,5,562.85,1,4,3,8,1-4-3,Occasional Browsers,1,1,0.8724
18253,278,1,9.9,1,2,1,4,1-2-1,Disengaged Low-Value,1,1,0.9885
18254,217,1,267.9,1,2,2,5,1-2-2,Disengaged Low-Value,1,1,0.9827
18255,92,1,199.85,2,2,2,6,2-2-2,Fading Customers,1,1,0.6055
18256,23,1,96.84,4,2,1,7,4-2-1,Promising Newcomers,1,0,0.0167
18257,82,4,1642.84,2,4,5,11,2-4-5,Dormant Spenders,0,1,0.5623
18258,100,4,357.95,2,4,3,9,2-4-3,Occasional Browsers,1,1,0.9109
18259,2,4,555.8,5,4,3,12,5-4-3,Loyal Mid-Tier,0,0,0.0028
18260,10,15,3965.03,5,5,5,15,5-5-5,High-Value Regulars,0,0,0.0021
18262,29,2,400.22,4,3,3,10,4-3-3,Loyal Mid-Tier,1,0,0.0411
18264,134,1,457.2,2,2,3,7,2-2-3,Fading Customers,1,1,0.652
18266,70,1,251.1,3,2,2,7,3-2-2,Fading Customers,1,0,0.4327
18267,308,1,269.37,1,2,2,5,1-2-2,Disengaged Low-Value,1,1,0.9807
18268,227,5,758.79,1,4,4,9,1-4-4,Dormant Spenders,1,1,0.9762
18269,2,1,129.0,5,2,1,8,5-2-1,Promising Newcomers,1,0,0.013
18270,68,1,161.4,3,2,1,6,3-2-1,Fading Customers,1,0,0.3869
18271,245,2,296.8,1,3,2,6,1-3-2,Occasional Browsers,1,1,0.7686
18272,184,3,966.1,1,4,4,9,1-4-4,Dormant Spenders,1,1,0.9788
18275,214,2,108.25,1,3,1,5,1-3-1,Occasional Browsers,1,1,0.7727
18276,28,5,1054.13,4,5,4,13,4-5-4,High-Value Regulars,0,0,0.0017
18277,33,4,864.17,4,4,4,12,4-4-4,High-Value Regulars,0,0,0.0097
18278,40,1,210.45,3,2,2,7,3-2-2,Fading Customers,1,1,0.5182
18279,155,1,64.6,2,2,1,5,2-2-1,Fading Customers,1,1,0.6083
18280,30,1,264.15,4,2,2,8,4-2-2,Promising Newcomers,1,0,0.0202
18281,213,1,120.32,1,2,1,4,1-2-1,Disengaged Low-Value,1,1,0.9838
18283,18,6,508.62,4,5,3,12,4-5-3,Loyal Mid-Tier,0,0,0.0039
18284,67,1,286.88,3,2,2,7,3-2-2,Fading Customers,1,1,0.5352
18285,296,1,93.2,1,2,1,4,1-2-1,Disengaged Low-Value,1,1,0.9798
18286,112,2,943.57,2,3,4,9,2-3-4,Fading Customers,1,1,0.648
18287,18,4,1167.04,4,4,4,12,4-4-4,High-Value Regulars,0,0,0.0053
