CustomerID,Recency,Frequency,Monetary,R_Score,F_Score,M_Score,RFM_Combined_Score,RFM_Score_Label,Customer_Segment
12346,165,10,327.86,2,5,3,10,2-5-3,Occasional Browsers
12347,3,2,1058.57,5,2,4,11,5-2-4,Promising Newcomers
12348,74,1,222.16,2,1,2,5,2-1-2,Disengaged Low-Value
12349,43,2,1330.29,3,2,5,10,3-2-5,Fading Customers
12351,11,1,288.18,5,1,2,8,5-1-2,Promising Newcomers
12352,11,2,331.05,5,2,3,10,5-2-3,Promising Newcomers
12353,44,1,278.16,3,1,2,6,3-1-2,Occasional Browsers
12355,203,1,318.31,1,1,3,5,1-1-3,Occasional Browsers
12356,16,3,622.17,4,3,4,11,4-3-4,Loyal Mid-Tier
12357,24,1,1576.28,4,1,5,10,4-1-5,Promising Newcomers
12358,11,3,465.76,5,3,3,11,5-3-3,Loyal Mid-Tier
12359,61,6,1661.06,3,5,5,13,3-5-5,Loyal Mid-Tier
12360,28,3,1179.19,4,3,4,11,4-3-4,Loyal Mid-Tier
12361,98,3,276.35,2,3,2,7,2-3-2,Fading Customers
12368,264,1,127.8,1,1,1,3,1-1-1,Disengaged Low-Value
12369,49,3,1239.33,3,3,5,11,3-3-5,Loyal Mid-Tier
12370,260,3,474.92,1,3,3,7,1-3-3,Occasional Browsers
12371,45,3,1578.07,3,3,5,11,3-3-5,Loyal Mid-Tier
12373,260,2,456.05,1,2,3,6,1-2-3,Occasional Browsers
12374,57,2,398.7,3,2,3,8,3-2-3,Fading Customers
12376,53,1,112.55,3,1,1,5,3-1-1,Occasional Browsers
12377,17,2,1262.92,4,2,5,11,4-2-5,Promising Newcomers
12378,198,1,997.37,1,1,4,6,1-1-4,Dormant Spenders
12379,58,2,595.98,3,2,4,9,3-2-4,Fading Customers
12380,101,4,2347.07,2,4,5,11,2-4-5,Dormant Spenders
12385,15,1,921.7,5,1,4,10,5-1-4,Promising Newcomers
12386,2,1,144.3,5,1,1,7,5-1-1,Promising Newcomers
12387,51,1,110.04,3,1,1,5,3-1-1,Occasional Browsers
12388,81,2,632.7,2,2,4,8,2-2-4,Fading Customers
12389,38,3,625.93,3,3,4,10,3-3-4,Loyal Mid-Tier
12391,100,4,1446.28,2,4,5,11,2-4-5,Dormant Spenders
12392,227,1,55.35,1,1,1,3,1-1-1,Disengaged Low-Value
12393,18,2,684.2,4,2,4,10,4-2-4,Promising Newcomers
12395,7,4,1405.14,5,4,5,14,5-4-5,High-Value Regulars
12396,310,1,883.58,1,1,4,6,1-1-4,Dormant Spenders
12399,21,3,564.69,4,3,3,10,4-3-3,Loyal Mid-Tier
12400,50,1,205.25,3,1,2,6,3-1-2,Occasional Browsers
12402,28,5,928.55,4,4,4,12,4-4-4,High-Value Regulars
12406,35,3,609.92,4,3,4,11,4-3-4,Loyal Mid-Tier
12408,21,3,724.64,4,3,4,11,4-3-4,Loyal Mid-Tier
12409,56,2,439.5,3,2,3,8,3-2-3,Fading Customers
12410,138,1,183.78,2,1,2,5,2-1-2,Disengaged Low-Value
12411,45,1,255.4,3,1,2,6,3-1-2,Occasional Browsers
12412,38,3,624.29,3,3,4,10,3-3-4,Loyal Mid-Tier
12413,38,1,106.95,3,1,1,5,3-1-1,Occasional Browsers
12414,99,1,74.88,2,1,1,4,2-1-1,Disengaged Low-Value
12415,56,3,1177.49,3,3,4,10,3-3-4,Loyal Mid-Tier
12416,292,1,202.56,1,1,2,4,1-1-2,Disengaged Low-Value
12417,46,11,1783.54,3,5,5,13,3-5-5,Loyal Mid-Tier
12418,49,3,749.25,3,3,4,10,3-3-4,Loyal Mid-Tier
12419,21,2,274.31,4,2,2,8,4-2-2,Promising Newcomers
12421,51,2,202.71,3,2,2,7,3-2-2,Fading Customers
12422,30,9,1749.34,4,5,5,14,4-5-5,High-Value Regulars
12423,23,2,604.08,4,2,4,10,4-2-4,Promising Newcomers
12424,58,2,946.33,3,2,4,9,3-2-4,Fading Customers
12425,84,1,815.29,2,1,4,7,2-1-4,Dormant Spenders
12426,298,1,658.68,1,1,4,6,1-1-4,Dormant Spenders
12427,7,1,120.3,5,1,1,7,5-1-1,Promising Newcomers
12429,1,5,813.13,5,4,4,13,5-4-4,High-Value Regulars
12431,9,9,2335.81,5,5,5,15,5-5-5,High-Value Regulars
12433,2,5,3480.13,5,4,5,14,5-4-5,High-Value Regulars
12434,17,1,239.64,4,1,2,7,4-1-2,Promising Newcomers
12435,32,3,322.18,4,3,3,10,4-3-3,Loyal Mid-Tier
12437,31,19,4959.46,4,5,5,14,4-5-5,High-Value Regulars
12439,318,2,1048.28,1,2,4,7,1-2-4,Dormant Spenders
12440,98,2,395.35,2,2,3,7,2-2-3,Fading Customers
12441,2,1,155.55,5,1,1,7,5-1-1,Promising Newcomers
12443,368,1,192.63,1,1,2,4,1-1-2,Disengaged Low-Value
12445,56,1,301.58,3,1,2,6,3-1-2,Occasional Browsers
12450,35,3,447.82,4,3,3,10,4-3-3,Loyal Mid-Tier
12451,99,3,2169.99,2,3,5,10,2-3-5,Fading Customers
12455,81,4,1928.59,2,4,5,11,2-4-5,Dormant Spenders
12457,71,1,257.0,3,1,2,6,3-1-2,Occasional Browsers
12458,63,2,669.34,3,2,4,9,3-2-4,Fading Customers
12459,241,1,343.35,1,1,3,5,1-1-3,Occasional Browsers
12460,92,1,236.95,2,1,2,5,2-1-2,Disengaged Low-Value
12467,59,1,132.8,3,1,1,5,3-1-1,Occasional Browsers
12468,162,3,1348.56,2,3,5,10,2-3-5,Fading Customers
12469,158,1,1005.4,2,1,4,7,2-1-4,Dormant Spenders
12470,325,1,183.25,1,1,2,4,1-1-2,Disengaged Low-Value
12471,10,42,9266.5,5,5,5,15,5-5-5,High-Value Regulars
12472,5,13,7878.76,5,5,5,15,5-5-5,High-Value Regulars
12474,14,11,3675.19,5,5,5,15,5-5-5,High-Value Regulars
12475,45,1,359.36,3,1,3,7,3-1-3,Occasional Browsers
12476,33,6,3911.39,4,5,5,14,4-5-5,High-Value Regulars
12477,35,3,3394.24,4,3,5,12,4-3-5,Loyal Mid-Tier
12480,35,3,1203.57,4,3,4,11,4-3-4,Loyal Mid-Tier
12481,1,5,1982.54,5,4,5,14,5-4-5,High-Value Regulars
12482,289,4,120.0,1,4,1,6,1-4-1,Occasional Browsers
12483,14,8,742.4,5,5,4,14,5-5-4,High-Value Regulars
12484,119,5,1210.56,2,4,4,10,2-4-4,Dormant Spenders
12485,165,1,483.0,2,1,3,6,2-1-3,Occasional Browsers
12486,67,1,765.0,3,1,4,8,3-1-4,Big Spender Infrequent
12490,14,10,3082.43,5,5,5,15,5-5-5,High-Value Regulars
12492,39,1,316.15,3,1,3,7,3-1-3,Occasional Browsers
12494,1,3,450.1,5,3,3,11,5-3-3,Loyal Mid-Tier
12495,276,1,243.4,1,1,2,4,1-1-2,Disengaged Low-Value
12496,256,2,45.34,1,2,1,4,1-2-1,Disengaged Low-Value
12499,196,1,297.16,1,1,2,4,1-1-2,Disengaged Low-Value
12500,71,7,687.74,3,5,4,12,3-5-4,Loyal Mid-Tier
12504,53,2,129.0,3,2,1,6,3-2-1,Fading Customers
12505,44,1,583.8,3,1,4,8,3-1-4,Big Spender Infrequent
12507,220,1,362.25,1,1,3,5,1-1-3,Occasional Browsers
12510,95,5,1382.8,2,4,5,11,2-4-5,Dormant Spenders
12511,64,1,2457.11,3,1,5,9,3-1-5,Big Spender Infrequent
12514,277,1,478.2,1,1,3,5,1-1-3,Occasional Browsers
12516,66,2,450.9,3,2,3,8,3-2-3,Fading Customers
12519,112,1,319.88,2,1,3,6,2-1-3,Occasional Browsers
12523,10,12,1851.04,5,5,5,15,5-5-5,High-Value Regulars
12524,45,3,614.05,3,3,4,10,3-3-4,Loyal Mid-Tier
12525,134,3,798.18,2,3,4,9,2-3-4,Fading Customers
12527,165,1,164.8,2,1,2,5,2-1-2,Disengaged Low-Value
12529,164,1,280.68,2,1,2,5,2-1-2,Disengaged Low-Value
12530,51,5,1059.97,3,4,4,11,3-4-4,Loyal Mid-Tier
12531,322,1,1515.53,1,1,5,7,1-1-5,Dormant Spenders
12533,263,2,1016.74,1,2,4,7,1-2-4,Dormant Spenders
12537,44,1,602.99,3,1,4,8,3-1-4,Big Spender Infrequent
12538,14,1,150.3,5,1,1,7,5-1-1,Promising Newcomers
12539,86,3,3532.0,2,3,5,10,2-3-5,Fading Customers
12540,14,14,4023.73,5,5,5,15,5-5-5,High-Value Regulars
12542,120,2,359.61,2,2,3,7,2-2-3,Fading Customers
12543,84,1,656.8,2,1,4,7,2-1-4,Dormant Spenders
12547,136,1,147.78,2,1,1,4,2-1-1,Disengaged Low-Value
12549,211,5,894.32,1,4,4,9,1-4-4,Dormant Spenders
12553,21,2,585.37,4,2,4,10,4-2-4,Promising Newcomers
12554,84,1,347.6,2,1,3,6,2-1-3,Occasional Browsers
12562,21,2,600.9,4,2,4,10,4-2-4,Promising Newcomers
12563,44,1,131.24,3,1,1,5,3-1-1,Occasional Browsers
12567,3,7,2706.69,5,5,5,15,5-5-5,High-Value Regulars
12568,280,1,30.7,1,1,1,3,1-1-1,Disengaged Low-Value
12573,17,4,472.96,4,4,3,11,4-4-3,Loyal Mid-Tier
12575,93,2,508.47,2,2,3,7,2-2-3,Fading Customers
12576,28,3,721.82,4,3,4,11,4-3-4,Loyal Mid-Tier
12577,17,5,884.76,4,4,4,12,4-4-4,High-Value Regulars
12578,21,2,861.34,4,2,4,10,4-2-4,Promising Newcomers
12580,212,1,576.9,1,1,3,5,1-1-3,Occasional Browsers
12582,58,2,994.37,3,2,4,9,3-2-4,Fading Customers
12583,9,12,2298.84,5,5,5,15,5-5-5,High-Value Regulars
12586,10,3,1161.88,5,3,4,12,5-3-4,Loyal Mid-Tier
12588,35,2,400.08,4,2,3,9,4-2-3,Promising Newcomers
12589,57,4,1969.33,3,4,5,12,3-4-5,Loyal Mid-Tier
12591,26,2,503.6,4,2,3,9,4-2-3,Promising Newcomers
12592,155,2,510.84,2,2,3,7,2-2-3,Fading Customers
12594,14,5,1299.09,5,4,5,14,5-4-5,High-Value Regulars
12595,140,1,197.4,2,1,2,5,2-1-2,Disengaged Low-Value
12598,99,3,1024.26,2,3,4,9,2-3-4,Fading Customers
12599,17,6,819.18,4,5,4,13,4-5-4,High-Value Regulars
12600,28,10,478.58,4,5,3,12,4-5-3,Loyal Mid-Tier
12601,40,1,60.3,3,1,1,5,3-1-1,Occasional Browsers
12605,12,3,1077.4,5,3,4,12,5-3-4,Loyal Mid-Tier
12608,40,1,95.05,3,1,1,5,3-1-1,Occasional Browsers
12609,10,6,1610.76,5,5,5,15,5-5-5,High-Value Regulars
12613,24,5,2374.14,4,4,5,13,4-4-5,High-Value Regulars
12615,49,4,2458.02,3,4,5,12,3-4-5,Loyal Mid-Tier
12616,24,1,326.1,4,1,3,8,4-1-3,Promising Newcomers
12619,196,1,127.39,1,1,1,3,1-1-1,Disengaged Low-Value
12621,1,16,3619.88,5,5,5,15,5-5-5,High-Value Regulars
12623,52,6,2247.72,3,5,5,13,3-5-5,Loyal Mid-Tier
12625,145,2,1577.77,2,2,5,9,2-2-5,Fading Customers
12629,21,2,492.92,4,2,3,9,4-2-3,Promising Newcomers
12631,92,5,2337.07,2,4,5,11,2-4-5,Dormant Spenders
12632,156,2,321.76,2,2,3,7,2-2-3,Fading Customers
12633,18,3,2779.93,4,3,5,12,4-3-5,Loyal Mid-Tier
12634,184,1,360.0,1,1,3,5,1-1-3,Occasional Browsers
12635,28,2,1003.23,4,2,4,10,4-2-4,Promising Newcomers
12637,14,4,1938.45,5,4,5,14,5-4-5,High-Value Regulars
12638,275,1,93.3,1,1,1,3,1-1-1,Disengaged Low-Value
12639,70,2,599.17,3,2,4,9,3-2-4,Fading Customers
12644,66,3,1064.03,3,3,4,10,3-3-4,Loyal Mid-Tier
12645,45,4,1207.77,3,4,4,11,3-4-4,Loyal Mid-Tier
12647,3,21,5239.9,5,5,5,15,5-5-5,High-Value Regulars
12648,73,3,579.85,2,3,3,8,2-3-3,Fading Customers
12649,18,4,965.54,4,4,4,12,4-4-4,High-Value Regulars
12651,14,3,263.75,5,3,2,10,5-3-2,Occasional Browsers
12652,70,1,14.85,3,1,1,5,3-1-1,Occasional Browsers
12653,162,1,490.32,2,1,3,6,2-1-3,Occasional Browsers
12655,59,1,181.7,3,1,2,6,3-1-2,Occasional Browsers
12656,61,3,1662.31,3,3,5,11,3-3-5,Loyal Mid-Tier
12661,72,1,162.0,2,1,2,5,2-1-2,Disengaged Low-Value
12662,9,10,2458.49,5,5,5,15,5-5-5,High-Value Regulars
12663,260,2,106.2,1,2,1,4,1-2-1,Disengaged Low-Value
12665,53,2,214.6,3,2,2,7,3-2-2,Fading Customers
12666,30,1,441.68,4,1,3,8,4-1-3,Promising Newcomers
12668,14,5,5408.12,5,4,5,14,5-4-5,High-Value Regulars
12670,21,2,347.04,4,2,3,9,4-2-3,Promising Newcomers
12671,242,1,243.0,1,1,2,4,1-1-2,Disengaged Low-Value
12672,231,1,171.2,1,1,2,4,1-1-2,Disengaged Low-Value
12673,37,1,466.3,3,1,3,7,3-1-3,Occasional Browsers
12675,214,1,613.95,1,1,4,6,1-1-4,Dormant Spenders
12676,44,4,937.83,3,4,4,11,3-4-4,Loyal Mid-Tier
12677,191,2,279.6,1,2,2,5,1-2-2,Disengaged Low-Value
12678,11,6,527.32,5,5,3,13,5-5-3,Loyal Mid-Tier
12681,3,23,10361.67,5,5,5,15,5-5-5,High-Value Regulars
12682,1,22,7280.16,5,5,5,15,5-5-5,High-Value Regulars
12683,1,8,2745.81,5,5,5,15,5-5-5,High-Value Regulars
12686,7,1,71.14,5,1,1,7,5-1-1,Promising Newcomers
12687,116,1,1681.97,2,1,5,8,2-1-5,Dormant Spenders
12691,56,1,99.6,3,1,1,5,3-1-1,Occasional Browsers
12692,273,1,103.0,1,1,1,3,1-1-1,Disengaged Low-Value
12693,88,2,447.91,2,2,3,7,2-2-3,Fading Customers
12694,57,1,506.43,3,1,3,7,3-1-3,Occasional Browsers
12695,164,3,551.93,2,3,3,8,2-3-3,Fading Customers
12696,70,2,716.01,3,2,4,9,3-2-4,Fading Customers
12698,226,1,173.45,1,1,2,4,1-1-2,Disengaged Low-Value
12699,53,1,517.26,3,1,3,7,3-1-3,Occasional Browsers
12701,165,4,1385.48,2,4,5,11,2-4-5,Dormant Spenders
12703,269,3,605.78,1,3,4,8,1-3-4,Dormant Spenders
12705,19,5,3843.06,4,4,5,13,4-4-5,High-Value Regulars
12708,4,9,2035.32,5,5,5,15,5-5-5,High-Value Regulars
12709,2,12,1064.71,5,5,4,14,5-5-4,High-Value Regulars
12711,247,2,949.05,1,2,4,7,1-2-4,Dormant Spenders
12712,1,10,1842.2,5,5,5,15,5-5-5,High-Value Regulars
12714,24,7,6073.34,4,5,5,14,4-5-5,High-Value Regulars
12717,226,1,227.93,1,1,2,4,1-1-2,Disengaged Low-Value
12720,5,5,1899.3,5,4,5,14,5-4-5,High-Value Regulars
12721,21,2,1025.65,4,2,4,10,4-2-4,Promising Newcomers
12724,19,3,946.8,4,3,4,11,4-3-4,Loyal Mid-Tier
12725,7,3,1349.62,5,3,5,13,5-3-5,Loyal Mid-Tier
12726,23,4,660.36,4,4,4,12,4-4-4,High-Value Regulars
12727,78,3,1031.43,2,3,4,9,2-3-4,Fading Customers
12728,19,1,171.59,4,1,2,7,4-1-2,Promising Newcomers
12730,157,1,583.4,2,1,4,7,2-1-4,Dormant Spenders
12731,78,4,791.1,2,4,4,10,2-4-4,Dormant Spenders
12733,25,3,1223.97,4,3,4,11,4-3-4,Loyal Mid-Tier
12734,10,2,191.55,5,2,2,9,5-2-2,Promising Newcomers
12738,8,1,110.4,5,1,1,7,5-1-1,Promising Newcomers
12739,30,1,593.79,4,1,4,9,4-1-4,Promising Newcomers
12741,169,1,236.07,2,1,2,5,2-1-2,Disengaged Low-Value
12742,261,1,995.0,1,1,4,6,1-1-4,Dormant Spenders
12744,95,4,1573.83,2,4,5,11,2-4-5,Dormant Spenders
12745,122,2,256.53,2,2,2,6,2-2-2,Fading Customers
12746,176,1,238.65,2,1,2,5,2-1-2,Disengaged Low-Value
12747,5,16,1983.42,5,5,5,15,5-5-5,High-Value Regulars
12748,1,121,11721.8,5,5,5,15,5-5-5,High-Value Regulars
12749,35,4,1404.52,4,4,5,13,4-4-5,High-Value Regulars
12751,80,1,268.27,2,1,2,5,2-1-2,Disengaged Low-Value
12755,21,9,287.31,4,5,2,11,4-5-2,Occasional Browsers
12758,95,5,2465.27,2,4,5,11,2-4-5,Dormant Spenders
12759,22,5,2878.34,4,4,5,13,4-4-5,High-Value Regulars
12760,91,1,317.8,2,1,3,6,2-1-3,Occasional Browsers
12761,100,1,475.8,2,1,3,6,2-1-3,Occasional Browsers
12763,5,1,260.08,5,1,2,8,5-1-2,Promising Newcomers
12765,108,5,865.98,2,4,4,10,2-4-4,Dormant Spenders
12766,2,3,1857.25,5,3,5,13,5-3-5,Loyal Mid-Tier
12767,11,1,657.86,5,1,4,10,5-1-4,Promising Newcomers
12768,86,1,150.45,2,1,1,4,2-1-1,Disengaged Low-Value
12771,121,1,169.5,2,1,2,5,2-1-2,Disengaged Low-Value
12773,200,1,29.3,1,1,1,3,1-1-1,Disengaged Low-Value
12774,171,1,83.7,2,1,1,4,2-1-1,Disengaged Low-Value
12775,24,2,184.72,4,2,2,8,4-2-2,Promising Newcomers
12776,303,1,27.5,1,1,1,3,1-1-1,Disengaged Low-Value
12777,93,1,370.2,2,1,3,6,2-1-3,Occasional Browsers
12778,32,3,716.92,4,3,4,11,4-3-4,Loyal Mid-Tier
12779,7,7,1871.71,5,5,5,15,5-5-5,High-Value Regulars
12780,234,1,202.68,1,1,2,4,1-1-2,Disengaged Low-Value
12782,10,6,1691.82,5,5,5,15,5-5-5,High-Value Regulars
12784,165,1,845.58,2,1,4,7,2-1-4,Dormant Spenders
12785,171,2,461.65,2,2,3,7,2-2-3,Fading Customers
12786,245,1,132.7,1,1,1,3,1-1-1,Disengaged Low-Value
12787,49,1,380.52,3,1,3,7,3-1-3,Occasional Browsers
12788,99,4,384.9,2,4,3,9,2-4-3,Occasional Browsers
12790,46,1,158.33,3,1,1,5,3-1-1,Occasional Browsers
12791,236,3,302.23,1,3,2,6,1-3-2,Occasional Browsers
12792,170,1,321.92,2,1,3,6,2-1-3,Occasional Browsers
12793,7,2,356.05,5,2,3,10,5-2-3,Promising Newcomers
12797,1,2,435.43,5,2,3,10,5-2-3,Promising Newcomers
12798,57,1,43.49,3,1,1,5,3-1-1,Occasional Browsers
12799,165,1,202.4,2,1,2,5,2-1-2,Disengaged Low-Value
12800,106,2,500.25,2,2,3,7,2-2-3,Fading Customers
12801,136,1,699.35,2,1,4,7,2-1-4,Dormant Spenders
12802,80,4,1549.62,2,4,5,11,2-4-5,Dormant Spenders
12803,29,1,874.41,4,1,4,9,4-1-4,Promising Newcomers
12804,101,2,287.57,2,2,2,6,2-2-2,Fading Customers
12805,17,4,752.35,4,4,4,12,4-4-4,High-Value Regulars
12806,208,2,636.96,1,2,4,7,1-2-4,Dormant Spenders
12807,19,1,176.6,4,1,2,7,4-1-2,Promising Newcomers
12808,4,3,377.45,5,3,3,11,5-3-3,Loyal Mid-Tier
12809,201,2,688.43,1,2,4,7,1-2-4,Dormant Spenders
12810,170,2,474.99,2,2,3,7,2-2-3,Fading Customers
12811,14,2,435.05,5,2,3,10,5-2-3,Promising Newcomers
12813,137,3,547.8,2,3,3,8,2-3-3,Fading Customers
12817,35,2,373.54,4,2,3,9,4-2-3,Promising Newcomers
12819,94,1,275.88,2,1,2,5,2-1-2,Disengaged Low-Value
12820,33,7,1284.19,4,5,5,14,4-5-5,High-Value Regulars
12821,247,1,128.08,1,1,1,3,1-1-1,Disengaged Low-Value
12825,157,2,260.28,2,2,2,6,2-2-2,Fading Customers
12826,1,5,996.98,5,4,4,13,5-4-4,High-Value Regulars
12829,186,1,19.02,1,1,1,3,1-1-1,Disengaged Low-Value
12831,99,2,190.4,2,2,2,6,2-2-2,Fading Customers
12835,63,39,4265.83,3,5,5,13,3-5-5,Loyal Mid-Tier
12836,25,11,1932.67,4,5,5,14,4-5-5,High-Value Regulars
12837,205,1,362.66,1,1,3,5,1-1-3,Occasional Browsers
12838,9,9,1902.91,5,5,5,15,5-5-5,High-Value Regulars
12839,3,12,3510.7,5,5,5,15,5-5-5,High-Value Regulars
12840,73,3,957.14,2,3,4,9,2-3-4,Fading Customers
12841,5,17,2430.2,5,5,5,15,5-5-5,High-Value Regulars
12842,40,2,172.6,3,2,2,7,3-2-2,Fading Customers
12843,18,14,788.76,4,5,4,13,4-5-4,High-Value Regulars
12844,78,2,232.06,2,2,2,6,2-2-2,Fading Customers
12847,23,1,331.34,4,1,3,8,4-1-3,Promising Newcomers
12848,311,1,154.3,1,1,1,3,1-1-1,Disengaged Low-Value
12849,17,4,859.84,4,4,4,12,4-4-4,High-Value Regulars
12851,113,1,110.7,2,1,1,4,2-1-1,Disengaged Low-Value
12853,63,5,1217.8,3,4,4,11,3-4-4,Loyal Mid-Tier
12854,197,4,1392.52,1,4,5,10,1-4-5,Dormant Spenders
12855,8,3,369.59,5,3,3,11,5-3-3,Loyal Mid-Tier
12857,72,4,1172.9,2,4,4,10,2-4-4,Dormant Spenders
12858,19,1,87.57,4,1,1,6,4-1-1,Promising Newcomers
12859,94,1,221.7,2,1,2,5,2-1-2,Disengaged Low-Value
12860,329,1,32.97,1,1,1,3,1-1-1,Disengaged Low-Value
12861,255,1,39.6,1,1,1,3,1-1-1,Disengaged Low-Value
12862,61,2,759.92,3,2,4,9,3-2-4,Fading Customers
12863,15,5,477.05,5,4,3,12,5-4-3,Loyal Mid-Tier
12864,144,1,0.95,2,1,1,4,2-1-1,Disengaged Low-Value
12865,14,2,1430.48,5,2,5,12,5-2-5,Promising Newcomers
12866,110,2,496.33,2,2,3,7,2-2-3,Fading Customers
12867,33,6,3596.06,4,5,5,14,4-5-5,High-Value Regulars
12868,9,3,624.1,5,3,4,12,5-3-4,Loyal Mid-Tier
12869,317,1,230.57,1,1,2,4,1-1-2,Disengaged Low-Value
12870,11,3,1210.14,5,3,4,12,5-3-4,Loyal Mid-Tier
12872,1,11,2392.47,5,5,5,15,5-5-5,High-Value Regulars
12873,33,2,373.9,4,2,3,9,4-2-3,Promising Newcomers
12874,21,2,573.5,4,2,3,9,4-2-3,Promising Newcomers
12876,30,2,1039.46,4,2,4,10,4-2-4,Promising Newcomers
12877,37,8,1223.19,3,5,4,12,3-5-4,Loyal Mid-Tier
12880,17,2,502.43,4,2,3,9,4-2-3,Promising Newcomers
12887,19,1,194.7,4,1,2,7,4-1-2,Promising Newcomers
12889,17,4,276.06,4,4,2,10,4-4-2,Occasional Browsers
12890,23,1,281.75,4,1,2,7,4-1-2,Promising Newcomers
12892,32,1,237.53,4,1,2,7,4-1-2,Promising Newcomers
12894,211,1,103.95,1,1,1,3,1-1-1,Disengaged Low-Value
12897,17,2,90.15,4,2,1,7,4-2-1,Promising Newcomers
12898,295,1,109.57,1,1,1,3,1-1-1,Disengaged Low-Value
12899,49,1,209.85,3,1,2,6,3-1-2,Occasional Browsers
12900,58,1,208.68,3,1,2,6,3-1-2,Occasional Browsers
12903,64,1,739.05,3,1,4,8,3-1-4,Big Spender Infrequent
12905,212,2,738.14,1,2,4,7,1-2-4,Dormant Spenders
12907,31,2,337.71,4,2,3,9,4-2-3,Promising Newcomers
12909,60,3,783.26,3,3,4,10,3-3-4,Loyal Mid-Tier
12910,15,5,337.6,5,4,3,12,5-4-3,Loyal Mid-Tier
12911,187,1,1131.69,1,1,4,6,1-1-4,Dormant Spenders
12913,4,6,424.44,5,5,3,13,5-5-3,Loyal Mid-Tier
12914,36,1,81.06,4,1,1,6,4-1-1,Promising Newcomers
12915,8,3,536.65,5,3,3,11,5-3-3,Loyal Mid-Tier
12916,78,3,763.55,2,3,4,9,2-3-4,Fading Customers
12917,36,4,405.6,4,4,3,11,4-4-3,Loyal Mid-Tier
12920,207,2,258.66,1,2,2,5,1-2-2,Disengaged Low-Value
12921,2,38,11415.75,5,5,5,15,5-5-5,High-Value Regulars
12923,26,2,181.05,4,2,2,8,4-2-2,Promising Newcomers
12924,29,8,427.02,4,5,3,12,4-5-3,Loyal Mid-Tier
12925,228,1,25.2,1,1,1,3,1-1-1,Disengaged Low-Value
12926,47,4,1439.72,3,4,5,12,3-4-5,Loyal Mid-Tier
12927,30,1,180.36,4,1,2,7,4-1-2,Promising Newcomers
12928,14,7,1465.61,5,5,5,15,5-5-5,High-Value Regulars
12931,185,2,42.68,1,2,1,4,1-2-1,Disengaged Low-Value
12932,175,8,1192.78,2,5,4,11,2-5-4,Dormant Spenders
12933,16,5,818.4,4,4,4,12,4-4-4,High-Value Regulars
12935,11,8,1760.71,5,5,5,15,5-5-5,High-Value Regulars
12937,99,5,1087.02,2,4,4,10,2-4-4,Dormant Spenders
12941,360,1,257.97,1,1,2,4,1-1-2,Disengaged Low-Value
12942,1,1,174.85,5,1,2,8,5-1-2,Promising Newcomers
12943,194,2,224.5,1,2,2,5,1-2-2,Disengaged Low-Value
12945,292,1,420.16,1,1,3,5,1-1-3,Occasional Browsers
12946,72,1,293.8,2,1,2,5,2-1-2,Disengaged Low-Value
12947,9,1,264.24,5,1,2,8,5-1-2,Promising Newcomers
12948,366,2,117.0,1,2,1,4,1-2-1,Disengaged Low-Value
12949,18,14,7748.65,4,5,5,14,4-5-5,High-Value Regulars
12951,22,9,1987.95,4,5,5,14,4-5-5,High-Value Regulars
12953,158,1,383.76,2,1,3,6,2-1-3,Occasional Browsers
12954,274,1,136.95,1,1,1,3,1-1-1,Disengaged Low-Value
12956,320,3,399.9,1,3,3,7,1-3-3,Occasional Browsers
12957,177,5,3754.55,2,4,5,11,2-4-5,Dormant Spenders
12958,36,2,299.24,4,2,2,8,4-2-2,Promising Newcomers
12959,120,1,63.6,2,1,1,4,2-1-1,Disengaged Low-Value
12960,49,4,1000.27,3,4,4,11,3-4-4,Loyal Mid-Tier
12961,15,1,198.07,5,1,2,8,5-1-2,Promising Newcomers
12963,1,5,1499.47,5,4,5,14,5-4-5,High-Value Regulars
12964,73,1,92.49,2,1,1,4,2-1-1,Disengaged Low-Value
12967,7,2,649.02,5,2,4,11,5-2-4,Promising Newcomers
12969,238,1,46.2,1,1,1,3,1-1-1,Disengaged Low-Value
12970,16,6,826.73,4,5,4,13,4-5-4,High-Value Regulars
12971,2,27,1562.61,5,5,5,15,5-5-5,High-Value Regulars
12972,49,4,761.82,3,4,4,11,3-4-4,Loyal Mid-Tier
12973,49,1,70.05,3,1,1,5,3-1-1,Occasional Browsers
12974,201,1,238.65,1,1,2,4,1-1-2,Disengaged Low-Value
12975,72,6,1496.07,2,5,5,12,2-5-5,Dormant Spenders
12976,14,7,1796.54,5,5,5,15,5-5-5,High-Value Regulars
12977,137,2,192.54,2,2,2,6,2-2-2,Fading Customers
12978,21,5,1813.22,4,4,5,13,4-4-5,High-Value Regulars
12979,365,1,320.91,1,1,3,5,1-1-3,Occasional Browsers
12982,30,6,1919.49,4,5,5,14,4-5-5,High-Value Regulars
12983,234,1,314.88,1,1,3,5,1-1-3,Occasional Browsers
12986,64,9,1399.17,3,5,5,13,3-5-5,Loyal Mid-Tier
12987,56,3,530.46,3,3,3,9,3-3-3,Loyal Mid-Tier
12989,246,1,30.0,1,1,1,3,1-1-1,Disengaged Low-Value
12990,86,3,97.5,2,3,1,6,2-3-1,Fading Customers
12991,25,1,133.96,4,1,1,6,4-1-1,Promising Newcomers
12992,361,1,93.35,1,1,1,3,1-1-1,Disengaged Low-Value
12993,81,4,768.75,2,4,4,10,2-4-4,Dormant Spenders
12996,11,1,198.15,5,1,2,8,5-1-2,Promising Newcomers
12997,30,4,780.88,4,4,4,12,4-4-4,High-Value Regulars
12998,128,3,667.52,2,3,4,9,2-3-4,Fading Customers
13000,361,1,465.8,1,1,3,5,1-1-3,Occasional Browsers
13001,40,20,8798.33,3,5,5,13,3-5-5,Loyal Mid-Tier
13002,52,2,276.18,3,2,2,7,3-2-2,Fading Customers
13004,22,18,5291.54,4,5,5,14,4-5-5,High-Value Regulars
13005,67,2,322.03,3,2,3,8,3-2-3,Fading Customers
13007,215,1,116.1,1,1,1,3,1-1-1,Disengaged Low-Value
13008,33,2,331.66,4,2,3,9,4-2-3,Promising Newcomers
13010,10,2,96.06,5,2,1,8,5-2-1,Promising Newcomers
13011,8,1,50.55,5,1,1,7,5-1-1,Promising Newcomers
13012,65,3,961.88,3,3,4,10,3-3-4,Loyal Mid-Tier
13013,7,16,5087.48,5,5,5,15,5-5-5,High-Value Regulars
13014,68,1,1591.04,3,1,5,9,3-1-5,Big Spender Infrequent
13015,74,6,2104.07,2,5,5,12,2-5-5,Dormant Spenders
13018,49,7,1892.06,3,5,5,13,3-5-5,Loyal Mid-Tier
13019,15,6,1090.45,5,5,4,14,5-5-4,High-Value Regulars
13020,198,2,584.96,1,2,4,7,1-2-4,Dormant Spenders
13021,10,8,1735.64,5,5,5,15,5-5-5,High-Value Regulars
13022,65,1,50.3,3,1,1,5,3-1-1,Occasional Browsers
13023,164,1,352.81,2,1,3,6,2-1-3,Occasional Browsers
13024,106,2,451.02,2,2,3,7,2-2-3,Fading Customers
13025,367,1,203.15,1,1,2,4,1-1-2,Disengaged Low-Value
13026,227,3,533.44,1,3,3,7,1-3-3,Occasional Browsers
13029,10,2,81.0,5,2,1,8,5-2-1,Promising Newcomers
13030,4,1,295.11,5,1,2,8,5-1-2,Promising Newcomers
13031,43,5,2811.76,3,4,5,12,3-4-5,Loyal Mid-Tier
13032,28,7,1121.27,4,5,4,13,4-5-4,High-Value Regulars
13033,65,1,30.0,3,1,1,5,3-1-1,Occasional Browsers
13034,5,2,247.01,5,2,2,9,5-2-2,Promising Newcomers
13035,67,1,204.0,3,1,2,6,3-1-2,Occasional Browsers
13036,320,1,15.0,1,1,1,3,1-1-1,Disengaged Low-Value
13037,35,9,2463.34,4,5,5,14,4-5-5,High-Value Regulars
13039,220,4,634.03,1,4,4,9,1-4-4,Dormant Spenders
13041,86,4,531.53,2,4,3,9,2-4-3,Occasional Browsers
13042,234,3,1350.59,1,3,5,9,1-3-5,Dormant Spenders
13044,128,10,2634.61,2,5,5,12,2-5-5,Dormant Spenders
13045,37,2,405.89,3,2,3,8,3-2-3,Fading Customers
13046,92,1,271.14,2,1,2,5,2-1-2,Disengaged Low-Value
13047,9,16,2661.07,5,5,5,15,5-5-5,High-Value Regulars
13048,72,5,1840.64,2,4,5,11,2-4-5,Dormant Spenders
13049,37,1,99.36,3,1,1,5,3-1-1,Occasional Browsers
13050,2,18,5302.72,5,5,5,15,5-5-5,High-Value Regulars
13051,214,1,46.8,1,1,1,3,1-1-1,Disengaged Low-Value
13052,56,6,2137.69,3,5,5,13,3-5-5,Loyal Mid-Tier
13053,257,1,93.65,1,1,1,3,1-1-1,Disengaged Low-Value
13055,65,1,995.23,3,1,4,8,3-1-4,Big Spender Infrequent
13056,187,1,148.83,1,1,1,3,1-1-1,Disengaged Low-Value
13057,166,3,300.8,2,3,2,7,2-3-2,Fading Customers
13059,49,9,1571.42,3,5,5,13,3-5-5,Loyal Mid-Tier
13063,116,1,188.4,2,1,2,5,2-1-2,Disengaged Low-Value
13064,186,2,347.6,1,2,3,6,1-2-3,Occasional Browsers
13065,9,5,900.55,5,4,4,13,5-4-4,High-Value Regulars
13067,45,2,101.5,3,2,1,6,3-2-1,Fading Customers
13069,5,15,2786.66,5,5,5,15,5-5-5,High-Value Regulars
13070,95,3,425.4,2,3,3,8,2-3-3,Fading Customers
13071,248,1,78.22,1,1,1,3,1-1-1,Disengaged Low-Value
13073,47,2,331.43,3,2,3,8,3-2-3,Fading Customers
13074,147,3,316.2,2,3,3,8,2-3-3,Fading Customers
13076,93,1,135.4,2,1,1,4,2-1-1,Disengaged Low-Value
13077,2,8,1866.76,5,5,5,15,5-5-5,High-Value Regulars
13078,2,31,4091.27,5,5,5,15,5-5-5,High-Value Regulars
13079,53,1,199.08,3,1,2,6,3-1-2,Occasional Browsers
13080,37,3,202.75,3,3,2,8,3-3-2,Fading Customers
13081,7,16,17197.21,5,5,5,15,5-5-5,High-Value Regulars
13082,60,7,444.96,3,5,3,11,3-5-3,Loyal Mid-Tier
13083,61,1,10.08,3,1,1,5,3-1-1,Occasional Browsers
13085,315,6,884.2,1,5,4,10,1-5-4,Dormant Spenders
13086,18,1,397.03,4,1,3,8,4-1-3,Promising Newcomers
13087,362,1,142.44,1,1,1,3,1-1-1,Disengaged Low-Value
13088,53,1,134.26,3,1,1,5,3-1-1,Occasional Browsers
13089,4,78,19809.62,5,5,5,15,5-5-5,High-Value Regulars
13090,8,7,774.21,5,5,4,14,5-5-4,High-Value Regulars
13091,365,1,196.7,1,1,2,4,1-1-2,Disengaged Low-Value
13092,50,7,1000.5,3,5,4,12,3-5-4,Loyal Mid-Tier
13093,9,36,7475.07,5,5,5,15,5-5-5,High-Value Regulars
13094,25,1,35.4,4,1,1,6,4-1-1,Promising Newcomers
13097,24,17,4589.57,4,5,5,14,4-5-5,High-Value Regulars
13101,134,3,396.75,2,3,3,8,2-3-3,Fading Customers
13102,1,14,2654.94,5,5,5,15,5-5-5,High-Value Regulars
13103,73,2,425.14,2,2,3,7,2-2-3,Fading Customers
13104,169,2,45.9,2,2,1,5,2-2-1,Fading Customers
13106,49,1,172.4,3,1,2,6,3-1-2,Occasional Browsers
13107,49,5,1362.01,3,4,5,12,3-4-5,Loyal Mid-Tier
13108,8,2,398.3,5,2,3,10,5-2-3,Promising Newcomers
13109,187,1,311.91,1,1,3,5,1-1-3,Occasional Browsers
13110,73,5,943.7,2,4,4,10,2-4-4,Dormant Spenders
13111,354,1,141.4,1,1,1,3,1-1-1,Disengaged Low-Value
13112,177,1,20.6,2,1,1,4,2-1-1,Disengaged Low-Value
13113,2,13,1396.49,5,5,5,15,5-5-5,High-Value Regulars
13114,366,1,163.93,1,1,2,4,1-1-2,Disengaged Low-Value
13115,15,6,2659.93,5,5,5,15,5-5-5,High-Value Regulars
13117,1,12,1327.04,5,5,5,15,5-5-5,High-Value Regulars
13118,12,4,333.33,5,4,3,12,5-4-3,Loyal Mid-Tier
13119,304,1,134.9,1,1,1,3,1-1-1,Disengaged Low-Value
13123,108,2,457.0,2,2,3,7,2-2-3,Fading Customers
13124,21,1,584.36,4,1,4,9,4-1-4,Promising Newcomers
13125,159,1,96.18,2,1,1,4,2-1-1,Disengaged Low-Value
13126,2,7,1733.94,5,5,5,15,5-5-5,High-Value Regulars
13129,88,2,138.45,2,2,1,5,2-2-1,Fading Customers
13131,54,4,1344.57,3,4,5,12,3-4-5,Loyal Mid-Tier
13133,95,1,65.15,2,1,1,4,2-1-1,Disengaged Low-Value
13134,38,2,341.45,3,2,3,8,3-2-3,Fading Customers
13135,127,1,231.0,2,1,2,5,2-1-2,Disengaged Low-Value
13136,11,8,3193.65,5,5,5,15,5-5-5,High-Value Regulars
13137,22,8,3386.8,4,5,5,14,4-5-5,High-Value Regulars
13138,8,2,460.3,5,2,3,10,5-2-3,Promising Newcomers
13139,73,1,1445.16,2,1,5,8,2-1-5,Dormant Spenders
13140,2,3,558.91,5,3,3,11,5-3-3,Loyal Mid-Tier
13141,21,12,3734.98,4,5,5,14,4-5-5,High-Value Regulars
13143,220,1,371.1,1,1,3,5,1-1-3,Occasional Browsers
13144,67,1,24.4,3,1,1,5,3-1-1,Occasional Browsers
13148,25,14,3787.34,4,5,5,14,4-5-5,High-Value Regulars
13150,120,3,49.55,2,3,1,6,2-3-1,Fading Customers
13151,261,2,783.25,1,2,4,7,1-2-4,Dormant Spenders
13152,53,7,1776.48,3,5,5,13,3-5-5,Loyal Mid-Tier
13154,35,3,1231.69,4,3,4,11,4-3-4,Loyal Mid-Tier
13155,4,3,699.52,5,3,4,12,5-3-4,Loyal Mid-Tier
13156,21,3,1375.9,4,3,5,12,4-3-5,Loyal Mid-Tier
13157,45,5,2442.46,3,4,5,12,3-4-5,Loyal Mid-Tier
13158,24,1,307.12,4,1,2,7,4-1-2,Promising Newcomers
13161,136,1,191.68,2,1,2,5,2-1-2,Disengaged Low-Value
13162,16,11,1292.85,4,5,5,14,4-5-5,High-Value Regulars
13163,246,1,17.65,1,1,1,3,1-1-1,Disengaged Low-Value
13164,205,2,87.4,1,2,1,4,1-2-1,Disengaged Low-Value
13165,49,1,51.36,3,1,1,5,3-1-1,Occasional Browsers
13166,50,1,257.21,3,1,2,6,3-1-2,Occasional Browsers
13167,26,1,263.8,4,1,2,7,4-1-2,Promising Newcomers
13168,178,1,399.84,1,1,3,5,1-1-3,Occasional Browsers
13169,198,1,67.7,1,1,1,3,1-1-1,Disengaged Low-Value
13173,3,10,1595.33,5,5,5,15,5-5-5,High-Value Regulars
13174,5,9,5275.22,5,5,5,15,5-5-5,High-Value Regulars
13175,218,2,618.15,1,2,4,7,1-2-4,Dormant Spenders
13177,66,1,229.75,3,1,2,6,3-1-2,Occasional Browsers
13178,33,10,6983.24,4,5,5,14,4-5-5,High-Value Regulars
13179,254,1,572.31,1,1,3,5,1-1-3,Occasional Browsers
13180,243,1,70.2,1,1,1,3,1-1-1,Disengaged Low-Value
13181,17,1,309.29,4,1,2,7,4-1-2,Promising Newcomers
13183,80,5,418.54,2,4,3,9,2-4-3,Occasional Browsers
13187,260,3,105.34,1,3,1,5,1-3-1,Occasional Browsers
13190,180,3,168.0,1,3,2,6,1-3-2,Occasional Browsers
13191,294,1,156.19,1,1,1,3,1-1-1,Disengaged Low-Value
13192,171,4,1430.79,2,4,5,11,2-4-5,Dormant Spenders
13195,50,1,126.78,3,1,1,5,3-1-1,Occasional Browsers
13196,79,3,912.51,2,3,4,9,2-3-4,Fading Customers
13197,245,1,293.11,1,1,2,4,1-1-2,Disengaged Low-Value
13198,23,2,1296.94,4,2,5,11,4-2-5,Promising Newcomers
13199,10,16,630.96,5,5,4,14,5-5-4,High-Value Regulars
13201,138,4,850.09,2,4,4,10,2-4-4,Dormant Spenders
13202,30,7,909.55,4,5,4,13,4-5-4,High-Value Regulars
13203,22,6,1512.33,4,5,5,14,4-5-5,High-Value Regulars
13204,367,1,711.56,1,1,4,6,1-1-4,Dormant Spenders
13206,36,13,5582.74,4,5,5,14,4-5-5,High-Value Regulars
13207,248,1,71.4,1,1,1,3,1-1-1,Disengaged Low-Value
13208,85,3,557.75,2,3,3,8,2-3-3,Fading Customers
13209,254,3,304.2,1,3,2,6,1-3-2,Occasional Browsers
13211,33,6,725.89,4,5,4,13,4-5-4,High-Value Regulars
13213,19,6,1480.05,4,5,5,14,4-5-5,High-Value Regulars
13214,53,7,2984.02,3,5,5,13,3-5-5,Loyal Mid-Tier
13219,254,1,76.23,1,1,1,3,1-1-1,Disengaged Low-Value
13220,211,1,435.35,1,1,3,5,1-1-3,Occasional Browsers
13223,301,1,15.0,1,1,1,3,1-1-1,Disengaged Low-Value
13225,242,4,266.4,1,4,2,7,1-4-2,Occasional Browsers
13226,29,1,204.25,4,1,2,7,4-1-2,Promising Newcomers
13230,1,17,2522.9,5,5,5,15,5-5-5,High-Value Regulars
13233,56,2,399.85,3,2,3,8,3-2-3,Fading Customers
13234,308,2,290.35,1,2,2,5,1-2-2,Disengaged Low-Value
13237,23,1,346.1,4,1,3,8,4-1-3,Promising Newcomers
13238,66,2,273.0,3,2,2,7,3-2-2,Fading Customers
13239,73,4,958.6,2,4,4,10,2-4-4,Dormant Spenders
13240,1,5,922.84,5,4,4,13,5-4-4,High-Value Regulars
13241,47,1,104.03,3,1,1,5,3-1-1,Occasional Browsers
13242,87,4,429.0,2,4,3,9,2-4-3,Occasional Browsers
13243,85,4,470.86,2,4,3,9,2-4-3,Occasional Browsers
13245,68,1,507.02,3,1,3,7,3-1-3,Occasional Browsers
13246,29,5,1078.03,4,4,4,12,4-4-4,High-Value Regulars
13249,320,1,30.0,1,1,1,3,1-1-1,Disengaged Low-Value
13250,138,1,133.09,2,1,1,4,2-1-1,Disengaged Low-Value
13251,38,1,252.68,3,1,2,6,3-1-2,Occasional Browsers
13252,30,2,235.75,4,2,2,8,4-2-2,Promising Newcomers
13253,339,1,166.25,1,1,2,4,1-1-2,Disengaged Low-Value
13254,12,1,51.41,5,1,1,7,5-1-1,Promising Newcomers
13255,9,2,151.8,5,2,1,8,5-2-1,Promising Newcomers
13257,72,1,81.95,2,1,1,4,2-1-1,Disengaged Low-Value
13258,36,1,54.6,4,1,1,6,4-1-1,Promising Newcomers
13259,33,8,813.41,4,5,4,13,4-5-4,High-Value Regulars
13262,25,2,289.51,4,2,2,8,4-2-2,Promising Newcomers
13263,29,4,925.02,4,4,4,12,4-4-4,High-Value Regulars
13264,78,1,657.06,2,1,4,7,2-1-4,Dormant Spenders
13266,58,6,1650.64,3,5,5,13,3-5-5,Loyal Mid-Tier
13267,2,16,3085.3,5,5,5,15,5-5-5,High-Value Regulars
13269,5,13,2060.99,5,5,5,15,5-5-5,High-Value Regulars
13274,45,1,273.85,3,1,2,6,3-1-2,Occasional Browsers
13275,19,2,181.41,4,2,2,8,4-2-2,Promising Newcomers
13276,33,3,1070.48,4,3,4,11,4-3-4,Loyal Mid-Tier
13277,16,3,184.8,4,3,2,9,4-3-2,Occasional Browsers
13278,35,3,707.36,4,3,4,11,4-3-4,Loyal Mid-Tier
13280,15,4,1016.89,5,4,4,13,5-4-4,High-Value Regulars
13281,75,1,344.55,2,1,3,6,2-1-3,Occasional Browsers
13282,42,1,181.05,3,1,2,6,3-1-2,Occasional Browsers
13283,203,2,187.0,1,2,2,5,1-2-2,Disengaged Low-Value
13285,236,2,561.73,1,2,3,6,1-2-3,Occasional Browsers
13286,236,1,365.81,1,1,3,5,1-1-3,Occasional Browsers
13287,239,3,653.29,1,3,4,8,1-3-4,Dormant Spenders
13289,359,1,220.35,1,1,2,4,1-1-2,Disengaged Low-Value
13291,50,10,2193.85,3,5,5,13,3-5-5,Loyal Mid-Tier
13292,51,3,326.27,3,3,3,9,3-3-3,Loyal Mid-Tier
13293,28,6,1003.19,4,5,4,13,4-5-4,High-Value Regulars
13294,282,1,714.09,1,1,4,6,1-1-4,Dormant Spenders
13295,12,3,843.37,5,3,4,12,5-3-4,Loyal Mid-Tier
13296,59,5,592.86,3,4,4,11,3-4-4,Loyal Mid-Tier
13297,58,2,655.53,3,2,4,9,3-2-4,Fading Customers
13299,59,2,725.7,3,2,4,9,3-2-4,Fading Customers
13300,24,2,459.52,4,2,3,9,4-2-3,Promising Newcomers
13303,36,1,51.77,4,1,1,6,4-1-1,Promising Newcomers
13304,91,3,767.07,2,3,4,9,2-3-4,Fading Customers
13305,8,7,1205.03,5,5,4,14,5-5-4,High-Value Regulars
13306,66,1,53.65,3,1,1,5,3-1-1,Occasional Browsers
13307,228,1,202.24,1,1,2,4,1-1-2,Disengaged Low-Value
13308,232,1,263.36,1,1,2,4,1-1-2,Disengaged Low-Value
13309,28,1,249.58,4,1,2,7,4-1-2,Promising Newcomers
13310,16,2,284.37,4,2,2,8,4-2-2,Promising Newcomers
13312,87,1,43.75,2,1,1,4,2-1-1,Disengaged Low-Value
13313,115,7,1708.22,2,5,5,12,2-5-5,Dormant Spenders
13315,325,1,299.82,1,1,2,4,1-1-2,Disengaged Low-Value
13316,28,3,202.98,4,3,2,9,4-3-2,Occasional Browsers
13317,21,13,2724.35,4,5,5,14,4-5-5,High-Value Regulars
13319,1,32,6553.57,5,5,5,15,5-5-5,High-Value Regulars
13320,70,2,679.4,3,2,4,9,3-2-4,Fading Customers
13324,64,3,80.95,3,3,1,7,3-3-1,Fading Customers
13326,68,1,215.7,3,1,2,6,3-1-2,Occasional Browsers
13327,1,13,3248.8,5,5,5,15,5-5-5,High-Value Regulars
13329,2,7,1253.1,5,5,5,15,5-5-5,High-Value Regulars
13330,91,3,890.08,2,3,4,9,2-3-4,Fading Customers
13331,37,1,116.7,3,1,1,5,3-1-1,Occasional Browsers
13333,47,3,772.95,3,3,4,10,3-3-4,Loyal Mid-Tier
13334,172,2,2229.14,2,2,5,9,2-2-5,Fading Customers
13337,182,1,1117.19,1,1,4,6,1-1-4,Dormant Spenders
13338,177,3,1320.65,2,3,5,10,2-3-5,Fading Customers
13340,256,2,156.42,1,2,1,4,1-2-1,Disengaged Low-Value
13357,130,4,2548.25,2,4,5,11,2-4-5,Dormant Spenders
13359,39,1,463.2,3,1,3,7,3-1-3,Occasional Browsers
13360,67,4,996.94,3,4,4,11,3-4-4,Loyal Mid-Tier
13361,108,2,224.15,2,2,2,6,2-2-2,Fading Customers
13362,14,3,1902.98,5,3,5,13,5-3-5,Loyal Mid-Tier
13363,45,1,642.76,3,1,4,8,3-1-4,Big Spender Infrequent
13367,67,1,295.9,3,1,2,6,3-1-2,Occasional Browsers
13368,50,2,397.1,3,2,3,8,3-2-3,Fading Customers
13369,1,1,198.38,5,1,2,8,5-1-2,Promising Newcomers
13370,7,1,604.75,5,1,4,10,5-1-4,Promising Newcomers
13371,141,2,1233.01,2,2,4,8,2-2-4,Fading Customers
13373,51,3,2697.38,3,3,5,11,3-3-5,Loyal Mid-Tier
13374,50,2,212.7,3,2,2,7,3-2-2,Fading Customers
13375,80,1,501.6,2,1,3,6,2-1-3,Occasional Browsers
13377,32,2,1016.96,4,2,4,10,4-2-4,Promising Newcomers
13380,68,1,62.4,3,1,1,5,3-1-1,Occasional Browsers
13381,15,6,2381.48,5,5,5,15,5-5-5,High-Value Regulars
13382,64,4,1106.19,3,4,4,11,3-4-4,Loyal Mid-Tier
13384,26,4,1246.2,4,4,5,13,4-4-5,High-Value Regulars
13386,50,2,431.9,3,2,3,8,3-2-3,Fading Customers
13387,53,1,169.04,3,1,2,6,3-1-2,Occasional Browsers
13388,239,1,353.3,1,1,3,5,1-1-3,Occasional Browsers
13392,313,1,91.14,1,1,1,3,1-1-1,Disengaged Low-Value
13393,219,4,652.71,1,4,4,9,1-4-4,Dormant Spenders
13394,15,11,3219.85,5,5,5,15,5-5-5,High-Value Regulars
13395,36,2,628.29,4,2,4,10,4-2-4,Promising Newcomers
13397,73,4,667.1,2,4,4,10,2-4-4,Dormant Spenders
13398,84,1,113.6,2,1,1,4,2-1-1,Disengaged Low-Value
13399,100,3,249.9,2,3,2,7,2-3-2,Fading Customers
13400,218,1,306.51,1,1,2,4,1-1-2,Disengaged Low-Value
13402,8,3,730.58,5,3,4,12,5-3-4,Loyal Mid-Tier
13403,23,2,129.0,4,2,1,7,4-2-1,Promising Newcomers
13405,117,3,183.6,2,3,2,7,2-3-2,Fading Customers
13406,63,1,15.0,3,1,1,5,3-1-1,Occasional Browsers
13407,235,2,1212.14,1,2,4,7,1-2-4,Dormant Spenders
13408,9,30,2421.55,5,5,5,15,5-5-5,High-Value Regulars
13410,29,3,235.68,4,3,2,9,4-3-2,Occasional Browsers
13412,256,1,334.15,1,1,3,5,1-1-3,Occasional Browsers
13413,275,5,138.13,1,4,1,6,1-4-1,Occasional Browsers
13414,99,3,445.8,2,3,3,8,2-3-3,Fading Customers
13415,266,3,579.57,1,3,3,7,1-3-3,Occasional Browsers
13416,372,1,88.5,1,1,1,3,1-1-1,Disengaged Low-Value
13417,183,4,900.86,1,4,4,9,1-4-4,Dormant Spenders
13418,8,15,3565.75,5,5,5,15,5-5-5,High-Value Regulars
13421,42,6,1402.18,3,5,5,13,3-5-5,Loyal Mid-Tier
13423,64,1,207.08,3,1,2,6,3-1-2,Occasional Browsers
13424,85,1,555.77,2,1,3,6,2-1-3,Occasional Browsers
13425,144,2,1317.13,2,2,5,9,2-2-5,Fading Customers
13426,18,12,1867.44,4,5,5,14,4-5-5,High-Value Regulars
13427,113,3,300.98,2,3,2,7,2-3-2,Fading Customers
13428,150,2,276.76,2,2,2,6,2-2-2,Fading Customers
13431,42,6,1126.3,3,5,4,12,3-5-4,Loyal Mid-Tier
13432,207,2,379.25,1,2,3,6,1-2-3,Occasional Browsers
13433,137,4,374.22,2,4,3,9,2-4-3,Occasional Browsers
13434,21,3,293.28,4,3,2,9,4-3-2,Occasional Browsers
13435,12,2,310.7,5,2,2,9,5-2-2,Promising Newcomers
13439,24,2,590.53,4,2,4,10,4-2-4,Promising Newcomers
13440,59,7,849.95,3,5,4,12,3-5-4,Loyal Mid-Tier
13441,67,1,321.2,3,1,3,7,3-1-3,Occasional Browsers
13442,303,3,271.07,1,3,2,6,1-3-2,Occasional Browsers
13443,84,5,951.17,2,4,4,10,2-4-4,Dormant Spenders
13444,10,2,578.78,5,2,3,10,5-2-3,Promising Newcomers
13445,262,1,26.4,1,1,1,3,1-1-1,Disengaged Low-Value
13446,66,11,2552.41,3,5,5,13,3-5-5,Loyal Mid-Tier
13448,9,8,3833.3,5,5,5,15,5-5-5,High-Value Regulars
13450,10,7,876.08,5,5,4,14,5-5-4,High-Value Regulars
13451,17,6,3921.06,4,5,5,14,4-5-5,High-Value Regulars
13453,38,1,379.31,3,1,3,7,3-1-3,Occasional Browsers
13454,277,1,219.87,1,1,2,4,1-1-2,Disengaged Low-Value
13455,2,5,1355.94,5,4,5,14,5-4-5,High-Value Regulars
13457,324,2,101.42,1,2,1,4,1-2-1,Disengaged Low-Value
13458,15,2,1632.34,5,2,5,12,5-2-5,Promising Newcomers
13459,260,2,976.09,1,2,4,7,1-2-4,Dormant Spenders
13461,43,3,142.8,3,3,1,7,3-3-1,Fading Customers
13462,46,4,912.85,3,4,4,11,3-4-4,Loyal Mid-Tier
13464,30,5,1486.32,4,4,5,13,4-4-5,High-Value Regulars
13465,82,2,563.08,2,2,3,7,2-2-3,Fading Customers
13466,44,4,493.9,3,4,3,10,3-4-3,Loyal Mid-Tier
13468,4,37,5797.29,5,5,5,15,5-5-5,High-Value Regulars
13469,289,1,62.5,1,1,1,3,1-1-1,Disengaged Low-Value
13472,99,2,505.94,2,2,3,7,2-2-3,Fading Customers
13473,210,4,450.25,1,4,3,8,1-4-3,Occasional Browsers
13474,79,2,347.25,2,2,3,7,2-2-3,Fading Customers
13476,42,3,576.45,3,3,3,9,3-3-3,Loyal Mid-Tier
13477,91,5,943.36,2,4,4,10,2-4-4,Dormant Spenders
13478,105,5,1836.67,2,4,5,11,2-4-5,Dormant Spenders
13479,88,2,422.8,2,2,3,7,2-2-3,Fading Customers
13480,52,2,521.4,3,2,3,8,3-2-3,Fading Customers
13481,10,6,1735.38,5,5,5,15,5-5-5,High-Value Regulars
13482,263,1,151.45,1,1,1,3,1-1-1,Disengaged Low-Value
13484,19,2,333.87,4,2,3,9,4-2-3,Promising Newcomers
13485,12,10,1794.47,5,5,5,15,5-5-5,High-Value Regulars
13487,141,2,263.52,2,2,2,6,2-2-2,Fading Customers
13488,3,11,4105.32,5,5,5,15,5-5-5,High-Value Regulars
13490,290,1,33.3,1,1,1,3,1-1-1,Disengaged Low-Value
13491,8,18,2658.74,5,5,5,15,5-5-5,High-Value Regulars
13495,4,6,1306.74,5,5,5,15,5-5-5,High-Value Regulars
13497,4,5,868.18,5,4,4,13,5-4-4,High-Value Regulars
13498,366,1,194.15,1,1,2,4,1-1-2,Disengaged Low-Value
13500,37,1,229.88,3,1,2,6,3-1-2,Occasional Browsers
13501,122,2,950.35,2,2,4,8,2-2-4,Fading Customers
13502,51,2,242.3,3,2,2,7,3-2-2,Fading Customers
13503,115,4,1374.79,2,4,5,11,2-4-5,Dormant Spenders
13506,5,4,976.52,5,4,4,13,5-4-4,High-Value Regulars
13508,278,1,114.07,1,1,1,3,1-1-1,Disengaged Low-Value
13509,143,1,60.0,2,1,1,4,2-1-1,Disengaged Low-Value
13510,11,6,2251.83,5,5,5,15,5-5-5,High-Value Regulars
13511,312,1,5.95,1,1,1,3,1-1-1,Disengaged Low-Value
13512,23,3,316.16,4,3,3,10,4-3-3,Loyal Mid-Tier
13513,77,2,474.95,2,2,3,7,2-2-3,Fading Customers
13514,64,3,113.6,3,3,1,7,3-3-1,Fading Customers
13515,85,2,277.2,2,2,2,6,2-2-2,Fading Customers
13516,53,1,197.45,3,1,2,6,3-1-2,Occasional Browsers
13519,78,1,220.46,2,1,2,5,2-1-2,Disengaged Low-Value
13520,7,6,1312.8,5,5,5,15,5-5-5,High-Value Regulars
13523,2,2,743.82,5,2,4,11,5-2-4,Promising Newcomers
13526,374,2,348.98,1,2,3,6,1-2-3,Occasional Browsers
13527,54,5,2033.98,3,4,5,12,3-4-5,Loyal Mid-Tier
13530,270,1,356.48,1,1,3,5,1-1-3,Occasional Browsers
13531,2,5,891.47,5,4,4,13,5-4-4,High-Value Regulars
13534,15,10,1482.42,5,5,5,15,5-5-5,High-Value Regulars
13537,61,2,544.7,3,2,3,8,3-2-3,Fading Customers
13538,32,4,1121.08,4,4,4,12,4-4-4,High-Value Regulars
13539,56,4,610.23,3,4,4,11,3-4-4,Loyal Mid-Tier
13540,103,3,513.84,2,3,3,8,2-3-3,Fading Customers
13541,63,1,64.2,3,1,1,5,3-1-1,Occasional Browsers
13542,12,17,2675.79,5,5,5,15,5-5-5,High-Value Regulars
13543,270,2,469.36,1,2,3,6,1-2-3,Occasional Browsers
13544,47,4,445.79,3,4,3,10,3-4-3,Loyal Mid-Tier
13545,26,2,313.23,4,2,3,9,4-2-3,Promising Newcomers
13546,18,2,330.45,4,2,3,9,4-2-3,Promising Newcomers
13547,44,1,148.63,3,1,1,5,3-1-1,Occasional Browsers
13548,107,1,198.43,2,1,2,5,2-1-2,Disengaged Low-Value
13549,23,1,87.6,4,1,1,6,4-1-1,Promising Newcomers
13550,19,1,321.55,4,1,3,8,4-1-3,Promising Newcomers
13552,64,10,1568.79,3,5,5,13,3-5-5,Loyal Mid-Tier
13553,310,1,394.25,1,1,3,5,1-1-3,Occasional Browsers
13554,16,7,1136.55,4,5,4,13,4-5-4,High-Value Regulars
13555,14,8,2123.78,5,5,5,15,5-5-5,High-Value Regulars
13556,65,2,141.9,3,2,1,6,3-2-1,Fading Customers
13557,51,11,2346.92,3,5,5,13,3-5-5,Loyal Mid-Tier
13561,33,10,1514.19,4,5,5,14,4-5-5,High-Value Regulars
13562,37,5,2048.8,3,4,5,12,3-4-5,Loyal Mid-Tier
13564,4,32,12000.7,5,5,5,15,5-5-5,High-Value Regulars
13565,47,1,129.43,3,1,1,5,3-1-1,Occasional Browsers
13566,70,3,798.51,3,3,4,10,3-3-4,Loyal Mid-Tier
13567,64,4,926.64,3,4,4,11,3-4-4,Loyal Mid-Tier
13569,3,3,473.34,5,3,3,11,5-3-3,Loyal Mid-Tier
13571,18,14,2147.0,4,5,5,14,4-5-5,High-Value Regulars
13573,15,4,303.12,5,4,2,11,5-4-2,Occasional Browsers
13574,47,1,322.7,3,1,3,7,3-1-3,Occasional Browsers
13576,9,11,1376.86,5,5,5,15,5-5-5,High-Value Regulars
13577,18,7,1296.56,4,5,5,14,4-5-5,High-Value Regulars
13578,45,1,14.94,3,1,1,5,3-1-1,Occasional Browsers
13579,5,4,839.58,5,4,4,13,5-4-4,High-Value Regulars
13580,42,1,67.8,3,1,1,5,3-1-1,Occasional Browsers
13581,50,1,162.53,3,1,2,6,3-1-2,Occasional Browsers
13582,25,2,177.48,4,2,2,8,4-2-2,Promising Newcomers
13583,315,1,631.1,1,1,4,6,1-1-4,Dormant Spenders
13584,134,2,201.3,2,2,2,6,2-2-2,Fading Customers
13585,166,2,342.65,2,2,3,7,2-2-3,Fading Customers
13586,177,1,93.28,2,1,1,4,2-1-1,Disengaged Low-Value
13587,85,3,295.0,2,3,2,7,2-3-2,Fading Customers
13589,163,3,253.79,2,3,2,7,2-3-2,Fading Customers
13590,11,12,3174.99,5,5,5,15,5-5-5,High-Value Regulars
13591,71,3,559.96,3,3,3,9,3-3-3,Loyal Mid-Tier
13593,23,9,2736.91,4,5,5,14,4-5-5,High-Value Regulars
13594,121,1,85.35,2,1,1,4,2-1-1,Disengaged Low-Value
13595,152,3,649.18,2,3,4,9,2-3-4,Fading Customers
13597,36,2,278.75,4,2,2,8,4-2-2,Promising Newcomers
13598,131,4,425.47,2,4,3,9,2-4-3,Occasional Browsers
13599,2,11,2129.55,5,5,5,15,5-5-5,High-Value Regulars
13600,270,1,96.95,1,1,1,3,1-1-1,Disengaged Low-Value
13601,28,2,409.37,4,2,3,9,4-2-3,Promising Newcomers
13602,17,3,533.88,4,3,3,10,4-3-3,Loyal Mid-Tier
13604,294,1,191.72,1,1,2,4,1-1-2,Disengaged Low-Value
13605,23,2,442.27,4,2,3,9,4-2-3,Promising Newcomers
13607,38,1,303.8,3,1,2,6,3-1-2,Occasional Browsers
13608,176,1,215.05,2,1,2,5,2-1-2,Disengaged Low-Value
13609,229,1,34.65,1,1,1,3,1-1-1,Disengaged Low-Value
13610,23,7,659.33,4,5,4,13,4-5-4,High-Value Regulars
13611,10,7,1873.63,5,5,5,15,5-5-5,High-Value Regulars
13612,268,1,755.89,1,1,4,6,1-1-4,Dormant Spenders
13613,88,5,957.3,2,4,4,10,2-4-4,Dormant Spenders
13614,29,2,450.73,4,2,3,9,4-2-3,Promising Newcomers
13615,35,7,4713.99,4,5,5,14,4-5-5,High-Value Regulars
13616,204,2,222.45,1,2,2,5,1-2-2,Disengaged Low-Value
13617,44,5,483.42,3,4,3,10,3-4-3,Loyal Mid-Tier
13619,180,2,172.49,1,2,2,5,1-2-2,Disengaged Low-Value
13620,164,1,52.34,2,1,1,4,2-1-1,Disengaged Low-Value
13622,332,1,435.16,1,1,3,5,1-1-3,Occasional Browsers
13623,16,5,1147.24,4,4,4,12,4-4-4,High-Value Regulars
13624,24,1,262.77,4,1,2,7,4-1-2,Promising Newcomers
13625,232,1,213.36,1,1,2,4,1-1-2,Disengaged Low-Value
13626,15,1,247.56,5,1,2,8,5-1-2,Promising Newcomers
13627,124,2,492.33,2,2,3,7,2-2-3,Fading Customers
13628,312,1,218.34,1,1,2,4,1-1-2,Disengaged Low-Value
13632,30,3,1218.54,4,3,4,11,4-3-4,Loyal Mid-Tier
13634,12,10,2500.75,5,5,5,15,5-5-5,High-Value Regulars
13635,78,3,1632.73,2,3,5,10,2-3-5,Fading Customers
13639,72,1,312.93,2,1,3,6,2-1-3,Occasional Browsers
13641,276,4,415.32,1,4,3,8,1-4-3,Occasional Browsers
13642,68,3,138.67,3,3,1,7,3-3-1,Fading Customers
13643,18,6,974.17,4,5,4,13,4-5-4,High-Value Regulars
13646,35,2,201.8,4,2,2,8,4-2-2,Promising Newcomers
13647,130,3,799.88,2,3,4,9,2-3-4,Fading Customers
13648,36,8,1626.18,4,5,5,14,4-5-5,High-Value Regulars
13649,2,5,998.42,5,4,4,13,5-4-4,High-Value Regulars
13650,10,4,1109.9,5,4,4,13,5-4-4,High-Value Regulars
13651,17,1,40.35,4,1,1,6,4-1-1,Promising Newcomers
13652,4,3,1389.28,5,3,5,13,5-3-5,Loyal Mid-Tier
13653,123,1,136.3,2,1,1,4,2-1-1,Disengaged Low-Value
13654,16,5,2333.41,4,4,5,13,4-4-5,High-Value Regulars
13655,10,4,1047.59,5,4,4,13,5-4-4,High-Value Regulars
13656,135,2,549.6,2,2,3,7,2-2-3,Fading Customers
13658,19,4,1909.85,4,4,5,13,4-4-5,High-Value Regulars
13659,52,10,2386.91,3,5,5,13,3-5-5,Loyal Mid-Tier
13660,36,1,187.79,4,1,2,7,4-1-2,Promising Newcomers
13661,239,1,299.74,1,1,2,4,1-1-2,Disengaged Low-Value
13662,21,8,1046.75,4,5,4,13,4-5-4,High-Value Regulars
13663,16,4,1187.18,4,4,4,12,4-4-4,High-Value Regulars
13665,22,3,1467.7,4,3,5,12,4-3-5,Loyal Mid-Tier
13666,56,2,30.5,3,2,1,6,3-2-1,Fading Customers
13668,19,13,2613.16,4,5,5,14,4-5-5,High-Value Regulars
13669,43,1,45.0,3,1,1,5,3-1-1,Occasional Browsers
13671,30,1,172.6,4,1,2,7,4-1-2,Promising Newcomers
13672,366,1,233.53,1,1,2,4,1-1-2,Disengaged Low-Value
13674,68,1,183.88,3,1,2,6,3-1-2,Occasional Browsers
13676,175,2,153.15,2,2,1,5,2-2-1,Fading Customers
13677,40,2,285.44,3,2,2,7,3-2-2,Fading Customers
13679,129,3,273.31,2,3,2,7,2-3-2,Fading Customers
13680,107,8,2586.66,2,5,5,12,2-5-5,Dormant Spenders
13683,93,1,228.0,2,1,2,5,2-1-2,Disengaged Low-Value
13684,26,3,332.91,4,3,3,10,4-3-3,Loyal Mid-Tier
13686,16,2,337.04,4,2,3,9,4-2-3,Promising Newcomers
13689,80,1,19.5,2,1,1,4,2-1-1,Disengaged Low-Value
13691,32,1,163.58,4,1,2,7,4-1-2,Promising Newcomers
13692,56,1,269.41,3,1,2,6,3-1-2,Occasional Browsers
13693,10,9,1466.93,5,5,5,15,5-5-5,High-Value Regulars
13694,64,15,942.15,3,5,4,12,3-5-4,Loyal Mid-Tier
13695,213,1,71.4,1,1,1,3,1-1-1,Disengaged Low-Value
13696,302,1,188.4,1,1,2,4,1-1-2,Disengaged Low-Value
13698,232,2,364.27,1,2,3,6,1-2-3,Occasional Browsers
13699,186,1,312.52,1,1,3,5,1-1-3,Occasional Browsers
13700,53,3,277.57,3,3,2,8,3-3-2,Fading Customers
13701,82,1,161.0,2,1,1,4,2-1-1,Disengaged Low-Value
13702,81,1,95.58,2,1,1,4,2-1-1,Disengaged Low-Value
13703,51,1,281.76,3,1,2,6,3-1-2,Occasional Browsers
13705,9,5,903.37,5,4,4,13,5-4-4,High-Value Regulars
13706,262,1,148.23,1,1,1,3,1-1-1,Disengaged Low-Value
13707,65,3,1409.03,3,3,5,11,3-3-5,Loyal Mid-Tier
13709,82,5,1155.38,2,4,4,10,2-4-4,Dormant Spenders
13710,248,1,50.4,1,1,1,3,1-1-1,Disengaged Low-Value
13711,42,7,1243.51,3,5,5,13,3-5-5,Loyal Mid-Tier
13712,246,1,232.89,1,1,2,4,1-1-2,Disengaged Low-Value
13713,44,3,660.96,3,3,4,10,3-3-4,Loyal Mid-Tier
13714,101,1,113.95,2,1,1,4,2-1-1,Disengaged Low-Value
13715,8,13,5076.32,5,5,5,15,5-5-5,High-Value Regulars
13717,93,2,256.67,2,2,2,6,2-2-2,Fading Customers
13719,29,6,1557.29,4,5,5,14,4-5-5,High-Value Regulars
13721,31,1,217.4,4,1,2,7,4-1-2,Promising Newcomers
13722,56,7,1768.6,3,5,5,13,3-5-5,Loyal Mid-Tier
13723,28,5,475.32,4,4,3,11,4-4-3,Loyal Mid-Tier
13724,273,1,213.01,1,1,2,4,1-1-2,Disengaged Low-Value
13727,247,6,433.32,1,5,3,9,1-5-3,Occasional Browsers
13728,23,10,1467.64,4,5,5,14,4-5-5,High-Value Regulars
13729,71,3,459.73,3,3,3,9,3-3-3,Loyal Mid-Tier
13733,46,2,352.11,3,2,3,8,3-2-3,Fading Customers
13734,144,2,112.34,2,2,1,5,2-2-1,Fading Customers
13735,12,9,4504.22,5,5,5,15,5-5-5,High-Value Regulars
13736,61,5,1632.27,3,4,5,12,3-4-5,Loyal Mid-Tier
13738,32,1,348.62,4,1,3,8,4-1-3,Promising Newcomers
13739,163,1,30.3,2,1,1,4,2-1-1,Disengaged Low-Value
13740,51,4,977.47,3,4,4,11,3-4-4,Loyal Mid-Tier
13745,182,1,269.16,1,1,2,4,1-1-2,Disengaged Low-Value
13746,49,1,163.94,3,1,2,6,3-1-2,Occasional Browsers
13747,60,1,50.4,3,1,1,5,3-1-1,Occasional Browsers
13748,18,4,467.4,4,4,3,11,4-4-3,Loyal Mid-Tier
13750,49,4,549.2,3,4,3,10,3-4-3,Loyal Mid-Tier
13752,163,1,271.7,2,1,2,5,2-1-2,Disengaged Low-Value
13753,234,3,703.65,1,3,4,8,1-3-4,Dormant Spenders
13754,73,1,114.6,2,1,1,4,2-1-1,Disengaged Low-Value
13756,21,9,1463.59,4,5,5,14,4-5-5,High-Value Regulars
13757,310,1,42.55,1,1,1,3,1-1-1,Disengaged Low-Value
13758,2,9,2580.98,5,5,5,15,5-5-5,High-Value Regulars
13760,40,3,575.4,3,3,3,9,3-3-3,Loyal Mid-Tier
13761,138,4,749.37,2,4,4,10,2-4-4,Dormant Spenders
13762,334,1,60.0,1,1,1,3,1-1-1,Disengaged Low-Value
13763,71,1,32.7,3,1,1,5,3-1-1,Occasional Browsers
13764,205,3,1157.15,1,3,4,8,1-3-4,Dormant Spenders
13765,289,1,248.86,1,1,2,4,1-1-2,Disengaged Low-Value
13766,131,1,190.35,2,1,2,5,2-1-2,Disengaged Low-Value
13767,5,32,4676.6,5,5,5,15,5-5-5,High-Value Regulars
13768,362,2,561.37,1,2,3,6,1-2-3,Occasional Browsers
13769,3,11,2078.53,5,5,5,15,5-5-5,High-Value Regulars
13770,72,2,323.22,2,2,3,7,2-2-3,Fading Customers
13771,169,5,1337.04,2,4,5,11,2-4-5,Dormant Spenders
13772,36,5,1383.09,4,4,5,13,4-4-5,High-Value Regulars
13773,32,2,301.54,4,2,2,8,4-2-2,Promising Newcomers
13775,226,1,595.81,1,1,4,6,1-1-4,Dormant Spenders
13777,9,17,817.88,5,5,4,14,5-5-4,High-Value Regulars
13778,127,3,492.55,2,3,3,8,2-3-3,Fading Customers
13779,151,1,110.13,2,1,1,4,2-1-1,Disengaged Low-Value
13780,43,1,279.51,3,1,2,6,3-1-2,Occasional Browsers
13781,228,2,622.34,1,2,4,7,1-2-4,Dormant Spenders
13782,89,7,567.52,2,5,3,10,2-5-3,Occasional Browsers
13784,70,2,45.5,3,2,1,6,3-2-1,Fading Customers
13785,64,4,360.19,3,4,3,10,3-4-3,Loyal Mid-Tier
13786,3,6,1137.67,5,5,4,14,5-5-4,High-Value Regulars
13787,94,4,663.79,2,4,4,10,2-4-4,Dormant Spenders
13788,141,1,3.75,2,1,1,4,2-1-1,Disengaged Low-Value
13789,24,1,239.46,4,1,2,7,4-1-2,Promising Newcomers
13792,58,1,103.2,3,1,1,5,3-1-1,Occasional Browsers
13793,282,1,96.0,1,1,1,3,1-1-1,Disengaged Low-Value
13794,182,1,108.13,1,1,1,3,1-1-1,Disengaged Low-Value
13795,40,3,301.95,3,3,2,8,3-3-2,Fading Customers
13796,135,1,278.75,2,1,2,5,2-1-2,Disengaged Low-Value
13797,72,3,926.7,2,3,4,9,2-3-4,Fading Customers
13798,54,9,259.91,3,5,2,10,3-5-2,Occasional Browsers
13799,80,6,879.18,2,5,4,11,2-5-4,Dormant Spenders
13800,66,2,464.3,3,2,3,8,3-2-3,Fading Customers
13802,10,15,3347.18,5,5,5,15,5-5-5,High-Value Regulars
13803,67,2,945.56,3,2,4,9,3-2-4,Fading Customers
13804,71,2,533.13,3,2,3,8,3-2-3,Fading Customers
13807,3,3,208.15,5,3,2,10,5-3-2,Occasional Browsers
13809,30,2,53.9,4,2,1,7,4-2-1,Promising Newcomers
13813,163,4,936.93,2,4,4,10,2-4-4,Dormant Spenders
13814,163,1,225.4,2,1,2,5,2-1-2,Disengaged Low-Value
13815,42,4,2178.85,3,4,5,12,3-4-5,Loyal Mid-Tier
13818,65,1,61.28,3,1,1,5,3-1-1,Occasional Browsers
13819,305,3,933.5,1,3,4,8,1-3-4,Dormant Spenders
13820,54,3,617.3,3,3,4,10,3-3-4,Loyal Mid-Tier
13821,29,4,901.24,4,4,4,12,4-4-4,High-Value Regulars
13823,16,5,1716.23,4,4,5,13,4-4-5,High-Value Regulars
13824,51,6,883.26,3,5,4,12,3-5-4,Loyal Mid-Tier
13825,257,2,230.39,1,2,2,5,1-2-2,Disengaged Low-Value
13830,217,1,110.2,1,1,1,3,1-1-1,Disengaged Low-Value
13831,165,6,567.75,2,5,3,10,2-5-3,Occasional Browsers
13832,58,1,242.51,3,1,2,6,3-1-2,Occasional Browsers
13833,40,1,213.86,3,1,2,6,3-1-2,Occasional Browsers
13834,212,2,178.5,1,2,2,5,1-2-2,Disengaged Low-Value
13835,155,3,161.3,2,3,1,6,2-3-1,Fading Customers
13836,35,2,449.03,4,2,3,9,4-2-3,Promising Newcomers
13838,5,7,1106.41,5,5,4,14,5-5-4,High-Value Regulars
13839,122,1,139.95,2,1,1,4,2-1-1,Disengaged Low-Value
13840,52,1,579.8,3,1,3,7,3-1-3,Occasional Browsers
13842,2,10,1686.19,5,5,5,15,5-5-5,High-Value Regulars
13843,17,1,244.15,4,1,2,7,4-1-2,Promising Newcomers
13846,35,1,426.83,4,1,3,8,4-1-3,Promising Newcomers
13847,355,1,221.92,1,1,2,4,1-1-2,Disengaged Low-Value
13849,33,3,1406.84,4,3,5,12,4-3-5,Loyal Mid-Tier
13851,15,4,1057.1,5,4,4,13,5-4-4,High-Value Regulars
13852,246,1,187.35,1,1,2,4,1-1-2,Disengaged Low-Value
13854,16,13,682.28,4,5,4,13,4-5-4,High-Value Regulars
13855,136,4,1100.8,2,4,4,10,2-4-4,Dormant Spenders
13856,99,7,357.97,2,5,3,10,2-5-3,Occasional Browsers
13857,29,6,884.28,4,5,4,13,4-5-4,High-Value Regulars
13859,165,1,81.15,2,1,1,4,2-1-1,Disengaged Low-Value
13861,65,2,223.61,3,2,2,7,3-2-2,Fading Customers
13862,25,1,346.73,4,1,3,8,4-1-3,Promising Newcomers
13863,101,3,674.92,2,3,4,9,2-3-4,Fading Customers
13869,17,6,3818.64,4,5,5,14,4-5-5,High-Value Regulars
13870,23,7,1695.78,4,5,5,14,4-5-5,High-Value Regulars
13871,64,4,1067.9,3,4,4,11,3-4-4,Loyal Mid-Tier
13872,163,3,862.37,2,3,4,9,2-3-4,Fading Customers
13873,19,5,394.3,4,4,3,11,4-4-3,Loyal Mid-Tier
13874,140,6,657.7,2,5,4,11,2-5-4,Dormant Spenders
13875,23,9,2294.48,4,5,5,14,4-5-5,High-Value Regulars
13877,106,2,205.02,2,2,2,6,2-2-2,Fading Customers
13878,183,3,670.65,1,3,4,8,1-3-4,Dormant Spenders
13879,281,1,375.6,1,1,3,5,1-1-3,Occasional Browsers
13880,3,5,1075.89,5,4,4,13,5-4-4,High-Value Regulars
13881,121,5,637.34,2,4,4,10,2-4-4,Dormant Spenders
13883,39,9,2871.47,3,5,5,13,3-5-5,Loyal Mid-Tier
13884,12,5,903.43,5,4,4,13,5-4-4,High-Value Regulars
13888,40,5,945.73,3,4,4,11,3-4-4,Loyal Mid-Tier
13889,18,5,1389.23,4,4,5,13,4-4-5,High-Value Regulars
13890,10,4,944.82,5,4,4,13,5-4-4,High-Value Regulars
13891,14,3,696.36,5,3,4,12,5-3-4,Loyal Mid-Tier
13892,211,1,12.6,1,1,1,3,1-1-1,Disengaged Low-Value
13895,151,2,965.0,2,2,4,8,2-2-4,Fading Customers
13896,261,1,261.05,1,1,2,4,1-1-2,Disengaged Low-Value
13897,74,2,747.27,2,2,4,8,2-2-4,Fading Customers
13898,47,1,464.67,3,1,3,7,3-1-3,Occasional Browsers
13900,25,3,693.52,4,3,4,11,4-3-4,Loyal Mid-Tier
13901,10,10,2143.58,5,5,5,15,5-5-5,High-Value Regulars
13902,360,1,55.86,1,1,1,3,1-1-1,Disengaged Low-Value
13903,36,1,165.45,4,1,2,7,4-1-2,Promising Newcomers
13905,368,1,122.1,1,1,1,3,1-1-1,Disengaged Low-Value
13907,327,1,55.2,1,1,1,3,1-1-1,Disengaged Low-Value
13909,59,2,179.0,3,2,2,7,3-2-2,Fading Customers
13911,15,11,1070.37,5,5,4,14,5-5-4,High-Value Regulars
13912,59,1,124.95,3,1,1,5,3-1-1,Occasional Browsers
13913,142,1,13.52,2,1,1,4,2-1-1,Disengaged Low-Value
13915,30,1,17.7,4,1,1,6,4-1-1,Promising Newcomers
13916,99,4,960.56,2,4,4,10,2-4-4,Dormant Spenders
13919,60,2,623.65,3,2,4,9,3-2-4,Fading Customers
13920,67,4,879.5,3,4,4,11,3-4-4,Loyal Mid-Tier
13921,38,4,539.05,3,4,3,10,3-4-3,Loyal Mid-Tier
13922,73,2,305.95,2,2,2,6,2-2-2,Fading Customers
13927,73,1,303.05,2,1,2,5,2-1-2,Disengaged Low-Value
13929,52,6,518.46,3,5,3,11,3-5-3,Loyal Mid-Tier
13931,28,9,3352.39,4,5,5,14,4-5-5,High-Value Regulars
13935,232,2,315.33,1,2,3,6,1-2-3,Occasional Browsers
13936,18,2,528.18,4,2,3,9,4-2-3,Promising Newcomers
13937,38,1,658.65,3,1,4,8,3-1-4,Big Spender Infrequent
13939,67,4,801.11,3,4,4,11,3-4-4,Loyal Mid-Tier
13941,8,6,213.24,5,5,2,12,5-5-2,Occasional Browsers
13943,213,1,204.04,1,1,2,4,1-1-2,Disengaged Low-Value
13944,289,1,192.87,1,1,2,4,1-1-2,Disengaged Low-Value
13945,30,2,644.95,4,2,4,10,4-2-4,Promising Newcomers
13946,12,3,175.6,5,3,2,10,5-3-2,Occasional Browsers
13948,47,3,300.06,3,3,2,8,3-3-2,Fading Customers
13952,16,11,2723.81,4,5,5,14,4-5-5,High-Value Regulars
13955,11,1,126.8,5,1,1,7,5-1-1,Promising Newcomers
13957,53,3,339.65,3,3,3,9,3-3-3,Loyal Mid-Tier
13958,15,8,2587.91,5,5,5,15,5-5-5,High-Value Regulars
13959,35,3,347.35,4,3,3,10,4-3-3,Loyal Mid-Tier
13961,28,1,195.15,4,1,2,7,4-1-2,Promising Newcomers
13962,71,1,163.5,3,1,2,6,3-1-2,Occasional Browsers
13963,3,14,1810.18,5,5,5,15,5-5-5,High-Value Regulars
13964,23,2,310.5,4,2,2,8,4-2-2,Promising Newcomers
13965,112,3,295.7,2,3,2,7,2-3-2,Fading Customers
13966,71,1,263.3,3,1,2,6,3-1-2,Occasional Browsers
13967,32,1,65.7,4,1,1,6,4-1-1,Promising Newcomers
13968,59,1,78.3,3,1,1,5,3-1-1,Occasional Browsers
13969,1,18,3793.78,5,5,5,15,5-5-5,High-Value Regulars
13970,73,1,247.99,2,1,2,5,2-1-2,Disengaged Low-Value
13971,59,6,1680.34,3,5,5,13,3-5-5,Loyal Mid-Tier
13974,218,1,228.33,1,1,2,4,1-1-2,Disengaged Low-Value
13975,29,6,2530.84,4,5,5,14,4-5-5,High-Value Regulars
13976,142,3,643.18,2,3,4,9,2-3-4,Fading Customers
13977,47,1,92.85,3,1,1,5,3-1-1,Occasional Browsers
13979,29,6,2167.71,4,5,5,14,4-5-5,High-Value Regulars
13980,75,4,436.18,2,4,3,9,2-4-3,Occasional Browsers
13981,51,1,260.59,3,1,2,6,3-1-2,Occasional Browsers
13982,1,6,1587.08,5,5,5,15,5-5-5,High-Value Regulars
13983,2,10,2311.76,5,5,5,15,5-5-5,High-Value Regulars
13984,2,8,701.29,5,5,4,14,5-5-4,High-Value Regulars
13985,10,7,2212.48,5,5,5,15,5-5-5,High-Value Regulars
13987,15,2,666.64,5,2,4,11,5-2-4,Promising Newcomers
13988,19,2,494.49,4,2,3,9,4-2-3,Promising Newcomers
13989,100,3,670.46,2,3,4,9,2-3-4,Fading Customers
13992,16,2,80.0,4,2,1,7,4-2-1,Promising Newcomers
13993,15,10,2413.86,5,5,5,15,5-5-5,High-Value Regulars
13995,15,9,2136.78,5,5,5,15,5-5-5,High-Value Regulars
13996,22,2,496.98,4,2,3,9,4-2-3,Promising Newcomers
13997,155,2,221.66,2,2,2,6,2-2-2,Fading Customers
13998,82,3,399.2,2,3,3,8,2-3-3,Fading Customers
13999,10,17,3265.28,5,5,5,15,5-5-5,High-Value Regulars
14000,50,3,226.16,3,3,2,8,3-3-2,Fading Customers
14001,9,6,1021.11,5,5,4,14,5-5-4,High-Value Regulars
14003,368,1,166.43,1,1,2,4,1-1-2,Disengaged Low-Value
14004,29,4,1081.9,4,4,4,12,4-4-4,High-Value Regulars
14006,164,4,491.4,2,4,3,9,2-4-3,Occasional Browsers
14007,148,1,42.58,2,1,1,4,2-1-1,Disengaged Low-Value
14008,68,1,509.04,3,1,3,7,3-1-3,Occasional Browsers
14009,98,1,265.3,2,1,2,5,2-1-2,Disengaged Low-Value
14010,201,2,243.55,1,2,2,5,1-2-2,Disengaged Low-Value
14011,116,2,365.66,2,2,3,7,2-2-3,Fading Customers
14013,16,2,440.25,4,2,3,9,4-2-3,Promising Newcomers
14014,12,2,384.29,5,2,3,10,5-2-3,Promising Newcomers
14016,32,7,3795.54,4,5,5,14,4-5-5,High-Value Regulars
14017,207,1,185.2,1,1,2,4,1-1-2,Disengaged Low-Value
14018,281,1,186.0,1,1,2,4,1-1-2,Disengaged Low-Value
14020,112,2,439.21,2,2,3,7,2-2-3,Fading Customers
14021,10,4,869.17,5,4,4,13,5-4-4,High-Value Regulars
14022,122,1,335.15,2,1,3,6,2-1-3,Occasional Browsers
14024,26,1,190.04,4,1,2,7,4-1-2,Promising Newcomers
14025,100,8,1003.96,2,5,4,11,2-5-4,Dormant Spenders
14026,106,2,713.11,2,2,4,8,2-2-4,Fading Customers
14030,2,14,3608.95,5,5,5,15,5-5-5,High-Value Regulars
14031,1,26,4665.15,5,5,5,15,5-5-5,High-Value Regulars
14032,2,6,1288.56,5,5,5,15,5-5-5,High-Value Regulars
14035,42,4,643.68,3,4,4,11,3-4-4,Loyal Mid-Tier
14037,114,4,467.76,2,4,3,9,2-4-3,Occasional Browsers
14038,33,2,935.8,4,2,4,10,4-2-4,Promising Newcomers
14039,211,1,6.96,1,1,1,3,1-1-1,Disengaged Low-Value
14040,22,22,4954.69,4,5,5,14,4-5-5,High-Value Regulars
14042,361,1,263.28,1,1,2,4,1-1-2,Disengaged Low-Value
14043,127,2,197.2,2,2,2,6,2-2-2,Fading Customers
14044,54,6,2059.67,3,5,5,13,3-5-5,Loyal Mid-Tier
14047,8,10,1561.43,5,5,5,15,5-5-5,High-Value Regulars
14048,18,1,283.69,4,1,2,7,4-1-2,Promising Newcomers
14049,23,8,4031.16,4,5,5,14,4-5-5,High-Value Regulars
14051,2,13,967.8,5,5,4,14,5-5-4,High-Value Regulars
14052,26,1,165.4,4,1,2,7,4-1-2,Promising Newcomers
14053,33,2,68.25,4,2,1,7,4-2-1,Promising Newcomers
14055,213,2,361.75,1,2,3,6,1-2-3,Occasional Browsers
14057,17,5,1543.22,4,4,5,13,4-4-5,High-Value Regulars
14058,98,2,298.89,2,2,2,6,2-2-2,Fading Customers
14060,36,8,434.12,4,5,3,12,4-5-3,Loyal Mid-Tier
14061,360,2,228.5,1,2,2,5,1-2-2,Disengaged Low-Value
14062,10,10,1563.56,5,5,5,15,5-5-5,High-Value Regulars
14063,322,2,62.9,1,2,1,4,1-2-1,Disengaged Low-Value
14064,66,10,1292.21,3,5,5,13,3-5-5,Loyal Mid-Tier
14065,25,3,628.22,4,3,4,11,4-3-4,Loyal Mid-Tier
14068,239,3,1024.42,1,3,4,8,1-3-4,Dormant Spenders
14069,150,2,178.86,2,2,2,6,2-2-2,Fading Customers
14070,320,1,186.7,1,1,2,4,1-1-2,Disengaged Low-Value
14072,302,1,187.65,1,1,2,4,1-1-2,Disengaged Low-Value
14074,259,1,20.0,1,1,1,3,1-1-1,Disengaged Low-Value
14075,39,2,428.76,3,2,3,8,3-2-3,Fading Customers
14077,31,1,100.15,4,1,1,6,4-1-1,Promising Newcomers
14078,9,4,412.68,5,4,3,12,5-4-3,Loyal Mid-Tier
14080,49,4,446.29,3,4,3,10,3-4-3,Loyal Mid-Tier
14081,5,9,3485.87,5,5,5,15,5-5-5,High-Value Regulars
14082,28,1,167.96,4,1,2,7,4-1-2,Promising Newcomers
14083,7,2,251.23,5,2,2,9,5-2-2,Promising Newcomers
14084,148,1,56.4,2,1,1,4,2-1-1,Disengaged Low-Value
14085,4,15,4146.37,5,5,5,15,5-5-5,High-Value Regulars
14087,40,2,492.8,3,2,3,8,3-2-3,Fading Customers
14088,57,1,54.4,3,1,1,5,3-1-1,Occasional Browsers
14092,10,10,2385.02,5,5,5,15,5-5-5,High-Value Regulars
14094,75,1,234.37,2,1,2,5,2-1-2,Disengaged Low-Value
14095,358,1,2.95,1,1,1,3,1-1-1,Disengaged Low-Value
14097,117,2,367.46,2,2,3,7,2-2-3,Fading Customers
14099,11,9,2538.63,5,5,5,15,5-5-5,High-Value Regulars
14101,156,3,162.78,2,3,2,7,2-3-2,Fading Customers
14104,25,3,385.33,4,3,3,10,4-3-3,Loyal Mid-Tier
14105,44,4,3015.5,3,4,5,12,3-4-5,Loyal Mid-Tier
14107,84,4,1646.65,2,4,5,11,2-4-5,Dormant Spenders
14108,367,2,339.65,1,2,3,6,1-2-3,Occasional Browsers
14110,71,20,3015.17,3,5,5,13,3-5-5,Loyal Mid-Tier
14112,87,6,2136.34,2,5,5,12,2-5-5,Dormant Spenders
14113,11,8,680.1,5,5,4,14,5-5-4,High-Value Regulars
14114,31,5,817.7,4,4,4,12,4-4-4,High-Value Regulars
14115,137,2,240.95,2,2,2,6,2-2-2,Fading Customers
14118,64,1,173.25,3,1,2,6,3-1-2,Occasional Browsers
14119,11,2,117.04,5,2,1,8,5-2-1,Promising Newcomers
14122,42,2,182.84,3,2,2,7,3-2-2,Fading Customers
14123,369,1,423.43,1,1,3,5,1-1-3,Occasional Browsers
14126,80,1,423.03,2,1,3,6,2-1-3,Occasional Browsers
14127,16,3,986.37,4,3,4,11,4-3-4,Loyal Mid-Tier
14128,187,1,286.71,1,1,2,4,1-1-2,Disengaged Low-Value
14129,35,4,791.4,4,4,4,12,4-4-4,High-Value Regulars
14130,11,3,932.84,5,3,4,12,5-3-4,Loyal Mid-Tier
14131,284,1,168.22,1,1,2,4,1-1-2,Disengaged Low-Value
14133,369,1,59.7,1,1,1,3,1-1-1,Disengaged Low-Value
14134,43,9,1304.61,3,5,5,13,3-5-5,Loyal Mid-Tier
14135,3,9,1058.76,5,5,4,14,5-5-4,High-Value Regulars
14136,36,5,1332.63,4,4,5,13,4-4-5,High-Value Regulars
14137,331,1,120.6,1,1,1,3,1-1-1,Disengaged Low-Value
14139,126,3,556.78,2,3,3,8,2-3-3,Fading Customers
14142,9,2,621.43,5,2,4,11,5-2-4,Promising Newcomers
14144,122,1,30.6,2,1,1,4,2-1-1,Disengaged Low-Value
14146,19,7,3238.79,4,5,5,14,4-5-5,High-Value Regulars
14147,24,5,198.9,4,4,2,10,4-4-2,Occasional Browsers
14148,50,1,181.59,3,1,2,6,3-1-2,Occasional Browsers
14151,309,2,615.0,1,2,4,7,1-2-4,Dormant Spenders
14152,23,5,1249.33,4,4,5,13,4-4-5,High-Value Regulars
14153,119,1,233.4,2,1,2,5,2-1-2,Disengaged Low-Value
14154,17,5,3000.02,4,4,5,13,4-4-5,High-Value Regulars
14156,14,65,27585.92,5,5,5,15,5-5-5,High-Value Regulars
14157,25,3,526.85,4,3,3,10,4-3-3,Loyal Mid-Tier
14159,15,9,2772.3,5,5,5,15,5-5-5,High-Value Regulars
14160,246,5,686.35,1,4,4,9,1-4-4,Dormant Spenders
14161,5,5,1821.46,5,4,5,14,5-4-5,High-Value Regulars
14163,98,1,16.35,2,1,1,4,2-1-1,Disengaged Low-Value
14166,141,2,221.3,2,2,2,6,2-2-2,Fading Customers
14167,100,4,595.85,2,4,4,10,2-4-4,Dormant Spenders
14168,56,2,228.65,3,2,2,7,3-2-2,Fading Customers
14169,66,2,441.91,3,2,3,8,3-2-3,Fading Customers
14170,11,3,466.83,5,3,3,11,5-3-3,Loyal Mid-Tier
14171,366,1,33.3,1,1,1,3,1-1-1,Disengaged Low-Value
14172,241,3,188.82,1,3,2,6,1-3-2,Occasional Browsers
14173,277,2,53.56,1,2,1,4,1-2-1,Disengaged Low-Value
14175,54,5,2527.35,3,4,5,12,3-4-5,Loyal Mid-Tier
14176,3,2,237.85,5,2,2,9,5-2-2,Promising Newcomers
14177,17,7,823.98,4,5,4,13,4-5-4,High-Value Regulars
14180,8,9,357.08,5,5,3,13,5-5-3,Loyal Mid-Tier
14181,46,2,295.6,3,2,2,7,3-2-2,Fading Customers
14182,79,4,449.97,2,4,3,9,2-4-3,Occasional Browsers
14183,47,2,218.69,3,2,2,7,3-2-2,Fading Customers
14186,63,5,1421.39,3,4,5,12,3-4-5,Loyal Mid-Tier
14187,109,1,94.85,2,1,1,4,2-1-1,Disengaged Low-Value
14189,4,2,602.8,5,2,4,11,5-2-4,Promising Newcomers
14191,30,1,78.0,4,1,1,6,4-1-1,Promising Newcomers
14192,24,1,247.84,4,1,2,7,4-1-2,Promising Newcomers
14193,32,1,340.9,4,1,3,8,4-1-3,Promising Newcomers
14194,28,14,5132.93,4,5,5,14,4-5-5,High-Value Regulars
14197,46,1,310.7,3,1,2,6,3-1-2,Occasional Browsers
14198,36,5,577.13,4,4,3,11,4-4-3,Loyal Mid-Tier
14199,59,2,90.45,3,2,1,6,3-2-1,Fading Customers
14200,253,1,325.3,1,1,3,5,1-1-3,Occasional Browsers
14201,45,2,277.35,3,2,2,7,3-2-2,Fading Customers
14202,17,3,267.31,4,3,2,9,4-3-2,Occasional Browsers
14203,33,1,94.6,4,1,1,6,4-1-1,Promising Newcomers
14204,58,3,649.16,3,3,4,10,3-3-4,Loyal Mid-Tier
14205,30,7,1221.93,4,5,4,13,4-5-4,High-Value Regulars
14206,24,2,662.35,4,2,4,10,4-2-4,Promising Newcomers
14208,187,1,315.9,1,1,3,5,1-1-3,Occasional Browsers
14209,21,9,1982.13,4,5,5,14,4-5-5,High-Value Regulars
14210,7,11,3238.26,5,5,5,15,5-5-5,High-Value Regulars
14211,47,8,1698.64,3,5,5,13,3-5-5,Loyal Mid-Tier
14215,4,4,1212.65,5,4,4,13,5-4-4,High-Value Regulars
14216,50,1,206.59,3,1,2,6,3-1-2,Occasional Browsers
14217,2,7,766.31,5,5,4,14,5-5-4,High-Value Regulars
14219,45,2,420.84,3,2,3,8,3-2-3,Fading Customers
14220,203,2,207.6,1,2,2,5,1-2-2,Disengaged Low-Value
14221,85,8,2385.33,2,5,5,12,2-5-5,Dormant Spenders
14224,26,5,452.74,4,4,3,11,4-4-3,Loyal Mid-Tier
14225,70,4,1190.47,3,4,4,11,3-4-4,Loyal Mid-Tier
14226,77,1,533.4,2,1,3,6,2-1-3,Occasional Browsers
14227,50,5,2649.85,3,4,5,12,3-4-5,Loyal Mid-Tier
14228,73,3,565.8,2,3,3,8,2-3-3,Fading Customers
14229,39,4,502.34,3,4,3,10,3-4-3,Loyal Mid-Tier
14230,71,3,431.26,3,3,3,9,3-3-3,Loyal Mid-Tier
14231,86,1,309.91,2,1,2,5,2-1-2,Disengaged Low-Value
14233,101,2,559.75,2,2,3,7,2-2-3,Fading Customers
14235,134,4,950.87,2,4,4,10,2-4-4,Dormant Spenders
14236,8,3,389.48,5,3,3,11,5-3-3,Loyal Mid-Tier
14237,9,2,276.95,5,2,2,9,5-2-2,Promising Newcomers
14238,298,2,43.6,1,2,1,4,1-2-1,Disengaged Low-Value
14239,67,10,1625.26,3,5,5,13,3-5-5,Loyal Mid-Tier
14240,59,1,338.2,3,1,3,7,3-1-3,Occasional Browsers
14243,1,8,3025.04,5,5,5,15,5-5-5,High-Value Regulars
14244,296,1,245.46,1,1,2,4,1-1-2,Disengaged Low-Value
14247,40,4,418.6,3,4,3,10,3-4-3,Loyal Mid-Tier
14248,95,2,436.13,2,2,3,7,2-2-3,Fading Customers
14249,46,12,3090.98,3,5,5,13,3-5-5,Loyal Mid-Tier
14252,17,1,130.99,4,1,1,6,4-1-1,Promising Newcomers
14253,129,2,84.75,2,3,1,6,2-3-1,Fading Customers
14254,68,1,305.83,3,1,2,6,3-1-2,Occasional Browsers
14256,127,2,1170.78,2,3,4,9,2-3-4,Fading Customers
14257,16,4,2001.53,4,4,5,13,4-4-5,High-Value Regulars
14258,135,8,378.8,2,5,3,10,2-5-3,Occasional Browsers
14260,107,3,698.2,2,3,4,9,2-3-4,Fading Customers
14263,59,1,322.93,3,1,3,7,3-1-3,Occasional Browsers
14264,15,4,769.29,5,4,4,13,5-4-4,High-Value Regulars
14265,100,2,633.25,2,3,4,9,2-3-4,Fading Customers
14268,106,1,338.95,2,1,3,6,2-1-3,Occasional Browsers
14269,75,1,180.33,2,1,2,5,2-1-2,Disengaged Low-Value
14271,45,1,101.86,3,1,1,5,3-1-1,Occasional Browsers
14272,198,2,424.42,1,3,3,7,1-3-3,Occasional Browsers
14274,322,1,256.6,1,1,2,4,1-1-2,Disengaged Low-Value
14275,31,5,116.18,4,4,1,9,4-4-1,Occasional Browsers
14276,43,4,794.54,3,4,4,11,3-4-4,Loyal Mid-Tier
14277,47,4,621.5,3,4,4,11,3-4-4,Loyal Mid-Tier
14278,45,1,154.83,3,1,1,5,3-1-1,Occasional Browsers
14281,44,1,103.65,3,1,1,5,3-1-1,Occasional Browsers
14282,3,9,938.4,5,5,4,14,5-5-4,High-Value Regulars
14283,99,4,558.64,2,4,3,9,2-4-3,Occasional Browsers
14284,289,1,476.99,1,1,3,5,1-1-3,Occasional Browsers
14285,149,3,248.91,2,3,2,7,2-3-2,Fading Customers
14286,40,4,2858.55,3,4,5,12,3-4-5,Loyal Mid-Tier
14290,49,3,697.41,3,3,4,10,3-3-4,Loyal Mid-Tier
14291,16,11,3148.45,4,5,5,14,4-5-5,High-Value Regulars
14292,46,6,1007.58,3,5,4,12,3-5-4,Loyal Mid-Tier
14293,4,6,923.32,5,5,4,14,5-5-4,High-Value Regulars
14294,43,1,358.34,3,1,3,7,3-1-3,Occasional Browsers
14295,74,3,1009.76,2,3,4,9,2-3-4,Fading Customers
14296,57,2,372.05,3,3,3,9,3-3-3,Loyal Mid-Tier
14298,11,29,14819.2,5,5,5,15,5-5-5,High-Value Regulars
14299,1,18,1669.8,5,5,5,15,5-5-5,High-Value Regulars
14301,52,3,425.89,3,3,3,9,3-3-3,Loyal Mid-Tier
14302,66,2,415.3,3,3,3,9,3-3-3,Loyal Mid-Tier
14303,43,2,277.94,3,3,2,8,3-3-2,Fading Customers
14304,15,2,1077.2,5,3,4,12,5-3-4,Loyal Mid-Tier
14306,313,1,119.16,1,1,1,3,1-1-1,Disengaged Low-Value
14307,9,5,1769.28,5,4,5,14,5-4-5,High-Value Regulars
14309,49,2,906.96,3,3,4,10,3-3-4,Loyal Mid-Tier
14310,68,1,452.5,3,1,3,7,3-1-3,Occasional Browsers
14311,203,1,146.79,1,1,1,3,1-1-1,Disengaged Low-Value
14312,14,5,1086.69,5,4,4,13,5-4-4,High-Value Regulars
14314,66,1,15.0,3,1,1,5,3-1-1,Occasional Browsers
14315,200,2,389.09,1,3,3,7,1-3-3,Occasional Browsers
14316,58,5,236.94,3,4,2,9,3-4-2,Occasional Browsers
14318,96,1,144.1,2,1,1,4,2-1-1,Disengaged Low-Value
14319,60,1,473.85,3,1,3,7,3-1-3,Occasional Browsers
14320,182,3,612.81,1,3,4,8,1-3-4,Dormant Spenders
14321,67,2,543.76,3,3,3,9,3-3-3,Loyal Mid-Tier
14322,65,4,207.7,3,4,2,9,3-4-2,Occasional Browsers
14324,45,2,577.11,3,3,3,9,3-3-3,Loyal Mid-Tier
14325,205,1,198.08,1,1,2,4,1-1-2,Disengaged Low-Value
14326,99,2,662.01,2,3,4,9,2-3-4,Fading Customers
14327,18,5,1453.42,4,4,5,13,4-4-5,High-Value Regulars
14329,11,8,3872.79,5,5,5,15,5-5-5,High-Value Regulars
14330,259,1,200.63,1,1,2,4,1-1-2,Disengaged Low-Value
14332,17,2,545.9,4,3,3,10,4-3-3,Loyal Mid-Tier
14334,61,4,1325.29,3,4,5,12,3-4-5,Loyal Mid-Tier
14338,172,1,269.8,2,1,2,5,2-1-2,Disengaged Low-Value
14339,64,1,76.35,3,1,1,5,3-1-1,Occasional Browsers
14341,56,10,1900.4,3,5,5,13,3-5-5,Loyal Mid-Tier
14342,108,1,128.43,2,1,1,4,2-1-1,Disengaged Low-Value
14343,57,4,1004.46,3,4,4,11,3-4-4,Loyal Mid-Tier
14344,3,13,1726.12,5,5,5,15,5-5-5,High-Value Regulars
14346,61,3,908.39,3,3,4,10,3-3-4,Loyal Mid-Tier
14347,372,1,66.7,1,1,1,3,1-1-1,Disengaged Low-Value
14350,16,2,509.59,4,3,3,10,4-3-3,Loyal Mid-Tier
14353,46,2,225.44,3,3,2,8,3-3-2,Fading Customers
14355,1,3,808.25,5,3,4,12,5-3-4,Loyal Mid-Tier
14358,25,2,354.16,4,3,3,10,4-3-3,Loyal Mid-Tier
14361,214,1,162.28,1,1,2,4,1-1-2,Disengaged Low-Value
14363,38,2,51.72,3,3,1,7,3-3-1,Fading Customers
14365,30,2,594.88,4,3,4,11,4-3-4,Loyal Mid-Tier
14369,278,2,380.23,1,3,3,7,1-3-3,Occasional Browsers
14370,124,5,543.83,2,4,3,9,2-4-3,Occasional Browsers
14372,79,2,469.48,2,3,3,8,2-3-3,Fading Customers
14374,177,1,29.4,2,1,1,4,2-1-1,Disengaged Low-Value
14375,86,2,556.16,2,3,3,8,2-3-3,Fading Customers
14376,319,1,173.81,1,1,2,4,1-1-2,Disengaged Low-Value
14378,257,1,118.5,1,1,1,3,1-1-1,Disengaged Low-Value
14379,29,2,593.46,4,3,4,11,4-3-4,Loyal Mid-Tier
14381,87,1,423.26,2,1,3,6,2-1-3,Occasional Browsers
14382,26,1,511.32,4,1,3,8,4-1-3,Promising Newcomers
14384,136,1,58.5,2,1,1,4,2-1-1,Disengaged Low-Value
14388,8,9,3110.45,5,5,5,15,5-5-5,High-Value Regulars
14389,60,3,683.6,3,3,4,10,3-3-4,Loyal Mid-Tier
14390,8,5,1144.41,5,4,4,13,5-4-4,High-Value Regulars
14391,212,1,135.6,1,1,1,3,1-1-1,Disengaged Low-Value
14392,68,1,206.7,3,1,2,6,3-1-2,Occasional Browsers
14394,200,1,76.8,1,1,1,3,1-1-1,Disengaged Low-Value
14395,8,11,3648.05,5,5,5,15,5-5-5,High-Value Regulars
14396,7,6,1322.04,5,5,5,15,5-5-5,High-Value Regulars
14398,37,2,574.94,3,3,3,9,3-3-3,Loyal Mid-Tier
14399,30,8,1419.66,4,5,5,14,4-5-5,High-Value Regulars
14400,44,2,655.93,3,3,4,10,3-3-4,Loyal Mid-Tier
14401,60,9,751.18,3,5,4,12,3-5-4,Loyal Mid-Tier
14402,288,1,105.6,1,1,1,3,1-1-1,Disengaged Low-Value
14404,5,7,793.11,5,5,4,14,5-5-4,High-Value Regulars
14408,368,1,131.4,1,1,1,3,1-1-1,Disengaged Low-Value
14409,16,3,527.7,4,3,3,10,4-3-3,Loyal Mid-Tier
14410,12,2,1265.91,5,3,5,13,5-3-5,Loyal Mid-Tier
14412,60,1,489.06,3,1,3,7,3-1-3,Occasional Browsers
14413,46,2,267.27,3,3,2,8,3-3-2,Fading Customers
14414,10,1,286.8,5,1,2,8,5-1-2,Promising Newcomers
14415,15,10,5182.23,5,5,5,15,5-5-5,High-Value Regulars
14417,23,1,400.99,4,1,3,8,4-1-3,Promising Newcomers
14419,18,1,202.85,4,1,2,7,4-1-2,Promising Newcomers
14420,32,3,863.98,4,3,4,11,4-3-4,Loyal Mid-Tier
14421,148,3,973.24,2,3,4,9,2-3-4,Fading Customers
14422,10,13,4855.73,5,5,5,15,5-5-5,High-Value Regulars
14423,73,1,141.65,2,1,1,4,2-1-1,Disengaged Low-Value
14425,70,3,633.55,3,3,4,10,3-3-4,Loyal Mid-Tier
14426,39,7,5000.02,3,5,5,13,3-5-5,Loyal Mid-Tier
14427,130,2,433.48,2,3,3,8,2-3-3,Fading Customers
14429,39,1,400.08,3,1,3,7,3-1-3,Occasional Browsers
14430,147,3,660.2,2,3,4,9,2-3-4,Fading Customers
14431,15,3,716.15,5,3,4,12,5-3-4,Loyal Mid-Tier
14433,101,1,235.85,2,1,2,5,2-1-2,Disengaged Low-Value
14436,189,1,30.0,1,1,1,3,1-1-1,Disengaged Low-Value
14437,1,5,531.2,5,4,3,12,5-4-3,Loyal Mid-Tier
14439,79,4,598.4,2,4,4,10,2-4-4,Dormant Spenders
14440,1,6,1024.9,5,5,4,14,5-5-4,High-Value Regulars
14441,10,6,1236.9,5,5,4,14,5-5-4,High-Value Regulars
14442,50,4,1120.55,3,4,4,11,3-4-4,Loyal Mid-Tier
14443,4,2,858.57,5,3,4,12,5-3-4,Loyal Mid-Tier
14444,92,1,78.96,2,1,1,4,2-1-1,Disengaged Low-Value
14445,91,1,221.65,2,1,2,5,2-1-2,Disengaged Low-Value
14446,22,1,155.63,4,1,1,6,4-1-1,Promising Newcomers
14447,36,1,511.6,4,1,3,8,4-1-3,Promising Newcomers
14449,8,5,1398.5,5,4,5,14,5-4-5,High-Value Regulars
14450,15,4,559.34,5,4,3,12,5-4-3,Loyal Mid-Tier
14451,25,10,2393.78,4,5,5,14,4-5-5,High-Value Regulars
14452,31,2,341.7,4,3,3,10,4-3-3,Loyal Mid-Tier
14454,12,5,778.8,5,4,4,13,5-4-4,High-Value Regulars
14455,68,4,435.32,3,4,3,10,3-4-3,Loyal Mid-Tier
14458,16,1,171.25,4,1,2,7,4-1-2,Promising Newcomers
14459,287,1,556.08,1,1,3,5,1-1-3,Occasional Browsers
14460,49,4,394.74,3,4,3,10,3-4-3,Loyal Mid-Tier
14461,18,9,3557.48,4,5,5,14,4-5-5,High-Value Regulars
14462,68,1,176.34,3,1,2,6,3-1-2,Occasional Browsers
14464,204,1,51.0,1,1,1,3,1-1-1,Disengaged Low-Value
14465,64,8,713.4,3,5,4,12,3-5-4,Loyal Mid-Tier
14466,8,7,1602.3,5,5,5,15,5-5-5,High-Value Regulars
14467,25,8,1577.38,4,5,5,14,4-5-5,High-Value Regulars
14468,369,1,86.65,1,1,1,3,1-1-1,Disengaged Low-Value
14469,52,4,1500.2,3,4,5,12,3-4-5,Loyal Mid-Tier
14470,66,1,117.2,3,1,1,5,3-1-1,Occasional Browsers
14471,227,2,390.3,1,3,3,7,1-3-3,Occasional Browsers
14472,325,1,211.5,1,1,2,4,1-1-2,Disengaged Low-Value
14474,215,1,633.28,1,1,4,6,1-1-4,Dormant Spenders
14475,44,1,106.7,3,1,1,5,3-1-1,Occasional Browsers
14478,18,4,543.5,4,4,3,11,4-4-3,Loyal Mid-Tier
14479,1,3,873.46,5,3,4,12,5-3-4,Loyal Mid-Tier
14480,38,3,900.37,3,3,4,10,3-3-4,Loyal Mid-Tier
14481,43,3,1238.92,3,3,5,11,3-3-5,Loyal Mid-Tier
14482,15,4,475.86,5,4,3,12,5-4-3,Loyal Mid-Tier
14483,372,1,120.0,1,1,1,3,1-1-1,Disengaged Low-Value
14484,37,3,626.78,3,3,4,10,3-3-4,Loyal Mid-Tier
14486,147,2,58.5,2,3,1,6,2-3-1,Fading Customers
14487,4,2,162.14,5,3,2,10,5-3-2,Occasional Browsers
14489,73,3,931.85,2,3,4,9,2-3-4,Fading Customers
14490,42,2,1114.79,3,3,4,10,3-3-4,Loyal Mid-Tier
14491,8,1,32.7,5,1,1,7,5-1-1,Promising Newcomers
14492,66,6,1399.18,3,5,5,13,3-5-5,Loyal Mid-Tier
14493,26,5,2040.95,4,4,5,13,4-4-5,High-Value Regulars
14494,37,1,147.6,3,1,1,5,3-1-1,Occasional Browsers
14496,9,6,1143.58,5,5,4,14,5-5-4,High-Value Regulars
14497,309,1,147.09,1,1,1,3,1-1-1,Disengaged Low-Value
14498,37,5,1247.14,3,4,5,12,3-4-5,Loyal Mid-Tier
14499,10,4,1262.7,5,4,5,14,5-4-5,High-Value Regulars
14505,40,11,4911.67,3,5,5,13,3-5-5,Loyal Mid-Tier
14506,5,3,656.33,5,3,4,12,5-3-4,Loyal Mid-Tier
14507,14,5,1514.36,5,4,5,14,5-4-5,High-Value Regulars
14508,12,3,440.67,5,3,3,11,5-3-3,Loyal Mid-Tier
14509,170,1,101.0,2,1,1,4,2-1-1,Disengaged Low-Value
14510,11,3,600.69,5,3,4,12,5-3-4,Loyal Mid-Tier
14512,19,5,665.19,4,4,4,12,4-4-4,High-Value Regulars
14513,204,1,20.4,1,1,1,3,1-1-1,Disengaged Low-Value
14514,72,6,2426.49,2,5,5,12,2-5-5,Dormant Spenders
14515,23,6,663.99,4,5,4,13,4-5-4,High-Value Regulars
14516,152,1,142.67,2,1,1,4,2-1-1,Disengaged Low-Value
14519,319,2,203.14,1,3,2,6,1-3-2,Occasional Browsers
14521,127,1,172.84,2,1,2,5,2-1-2,Disengaged Low-Value
14522,231,3,286.7,1,3,2,6,1-3-2,Occasional Browsers
14524,45,4,776.52,3,4,4,11,3-4-4,Loyal Mid-Tier
14525,64,8,1726.17,3,5,5,13,3-5-5,Loyal Mid-Tier
14526,25,1,242.75,4,1,2,7,4-1-2,Promising Newcomers
14527,1,68,9674.74,5,5,5,15,5-5-5,High-Value Regulars
14530,32,10,2007.58,4,5,5,14,4-5-5,High-Value Regulars
14531,115,1,348.39,2,1,3,6,2-1-3,Occasional Browsers
14532,47,7,1421.68,3,5,5,13,3-5-5,Loyal Mid-Tier
14533,43,3,133.71,3,3,1,7,3-3-1,Fading Customers
14534,33,7,1432.96,4,5,5,14,4-5-5,High-Value Regulars
14535,31,6,2330.24,4,5,5,14,4-5-5,High-Value Regulars
14537,259,1,135.9,1,1,1,3,1-1-1,Disengaged Low-Value
14538,166,3,263.14,2,3,2,7,2-3-2,Fading Customers
14540,15,8,1841.8,5,5,5,15,5-5-5,High-Value Regulars
14541,52,6,825.08,3,5,4,12,3-5-4,Loyal Mid-Tier
14543,16,15,608.6,4,5,4,13,4-5-4,High-Value Regulars
14544,106,1,461.94,2,1,3,6,2-1-3,Occasional Browsers
14545,310,1,308.75,1,1,2,4,1-1-2,Disengaged Low-Value
14546,12,6,2353.91,5,5,5,15,5-5-5,High-Value Regulars
14548,206,6,680.24,1,5,4,10,1-5-4,Dormant Spenders
14549,56,3,562.71,3,3,3,9,3-3-3,Loyal Mid-Tier
14550,24,2,411.64,4,3,3,10,4-3-3,Loyal Mid-Tier
14551,47,5,461.01,3,4,3,10,3-4-3,Loyal Mid-Tier
14552,16,2,335.76,4,3,3,10,4-3-3,Loyal Mid-Tier
14553,47,4,693.28,3,4,4,11,3-4-4,Loyal Mid-Tier
14555,17,4,1395.9,4,4,5,13,4-4-5,High-Value Regulars
14556,232,3,728.49,1,3,4,8,1-3-4,Dormant Spenders
14558,290,2,90.0,1,3,1,5,1-3-1,Occasional Browsers
14560,23,17,1219.31,4,5,4,13,4-5-4,High-Value Regulars
14562,26,8,1342.82,4,5,5,14,4-5-5,High-Value Regulars
14563,145,2,289.61,2,3,2,7,2-3-2,Fading Customers
14564,70,2,1614.72,3,3,5,11,3-3-5,Loyal Mid-Tier
14565,109,1,467.35,2,1,3,6,2-1-3,Occasional Browsers
14568,71,1,599.2,3,1,4,8,3-1-4,Big Spender Infrequent
14569,88,3,172.74,2,3,2,7,2-3-2,Fading Customers
14570,79,1,166.74,2,1,2,5,2-1-2,Disengaged Low-Value
14571,61,1,111.7,3,1,1,5,3-1-1,Occasional Browsers
14572,53,4,1813.94,3,4,5,12,3-4-5,Loyal Mid-Tier
14573,8,4,522.36,5,4,3,12,5-4-3,Loyal Mid-Tier
14574,368,1,73.95,1,1,1,3,1-1-1,Disengaged Low-Value
14575,124,1,341.52,2,1,3,6,2-1-3,Occasional Browsers
14576,8,1,35.4,5,1,1,7,5-1-1,Promising Newcomers
14577,30,3,450.8,4,3,3,10,4-3-3,Loyal Mid-Tier
14579,68,1,89.66,3,1,1,5,3-1-1,Occasional Browsers
14580,154,1,14.85,2,1,1,4,2-1-1,Disengaged Low-Value
14581,180,1,175.9,1,1,2,4,1-1-2,Disengaged Low-Value
14583,19,3,613.58,4,3,4,11,4-3-4,Loyal Mid-Tier
14584,57,4,676.45,3,4,4,11,3-4-4,Loyal Mid-Tier
14585,18,4,543.87,4,4,3,11,4-4-3,Loyal Mid-Tier
14588,214,1,122.64,1,1,1,3,1-1-1,Disengaged Low-Value
14590,60,19,1334.57,3,5,5,13,3-5-5,Loyal Mid-Tier
14593,33,9,2452.37,4,5,5,14,4-5-5,High-Value Regulars
14594,9,1,214.15,5,1,2,8,5-1-2,Promising Newcomers
14595,89,2,423.85,2,3,3,8,2-3-3,Fading Customers
14596,262,1,182.27,1,1,2,4,1-1-2,Disengaged Low-Value
14597,15,3,215.97,5,3,2,10,5-3-2,Occasional Browsers
14598,205,1,162.07,1,1,2,4,1-1-2,Disengaged Low-Value
14599,26,2,441.44,4,3,3,10,4-3-3,Loyal Mid-Tier
14600,29,1,448.38,4,1,3,8,4-1-3,Promising Newcomers
14602,292,1,192.61,1,1,2,4,1-1-2,Disengaged Low-Value
14604,269,1,94.76,1,1,1,3,1-1-1,Disengaged Low-Value
14605,10,4,611.31,5,4,4,13,5-4-4,High-Value Regulars
14606,2,96,13766.65,5,5,5,15,5-5-5,High-Value Regulars
14607,173,6,1417.26,2,5,5,12,2-5-5,Dormant Spenders
14608,15,4,164.5,5,4,2,11,5-4-2,Occasional Browsers
14610,31,2,24.35,4,3,1,8,4-3-1,Occasional Browsers
14611,79,2,414.95,2,3,3,8,2-3-3,Fading Customers
14612,51,1,92.6,3,1,1,5,3-1-1,Occasional Browsers
14614,22,1,295.13,4,1,2,7,4-1-2,Promising Newcomers
14615,30,5,758.81,4,4,4,12,4-4-4,High-Value Regulars
14617,38,2,136.39,3,3,1,7,3-3-1,Fading Customers
14618,12,4,436.21,5,4,3,12,5-4-3,Loyal Mid-Tier
14619,177,1,578.35,2,1,3,6,2-1-3,Occasional Browsers
14621,147,4,1049.41,2,4,4,10,2-4-4,Dormant Spenders
14623,16,5,831.88,4,4,4,12,4-4-4,High-Value Regulars
14624,51,4,489.13,3,4,3,10,3-4-3,Loyal Mid-Tier
14625,10,8,2786.05,5,5,5,15,5-5-5,High-Value Regulars
14626,31,7,1382.73,4,5,5,14,4-5-5,High-Value Regulars
14627,15,1,423.15,5,1,3,9,5-1-3,Promising Newcomers
14628,78,3,952.1,2,3,4,9,2-3-4,Fading Customers
14630,120,1,199.3,2,1,2,5,2-1-2,Disengaged Low-Value
14631,22,3,718.03,4,3,4,11,4-3-4,Loyal Mid-Tier
14634,73,3,1485.84,2,3,5,10,2-3-5,Fading Customers
14635,89,1,186.22,2,1,2,5,2-1-2,Disengaged Low-Value
14637,313,1,106.68,1,1,1,3,1-1-1,Disengaged Low-Value
14639,44,3,1648.63,3,3,5,11,3-3-5,Loyal Mid-Tier
14640,45,4,1451.78,3,4,5,12,3-4-5,Loyal Mid-Tier
14643,253,3,308.3,1,3,2,6,1-3-2,Occasional Browsers
14644,53,3,318.65,3,3,3,9,3-3-3,Loyal Mid-Tier
14645,270,1,216.9,1,1,2,4,1-1-2,Disengaged Low-Value
14646,10,28,2560.13,5,5,5,15,5-5-5,High-Value Regulars
14647,159,1,170.25,2,1,2,5,2-1-2,Disengaged Low-Value
14648,52,15,3104.03,3,5,5,13,3-5-5,Loyal Mid-Tier
14649,18,5,1391.22,4,4,5,13,4-4-5,High-Value Regulars
14650,224,1,39.0,1,1,1,3,1-1-1,Disengaged Low-Value
14651,30,7,919.92,4,5,4,13,4-5-4,High-Value Regulars
14653,149,4,1025.15,2,4,4,10,2-4-4,Dormant Spenders
14654,374,1,216.62,1,1,2,4,1-1-2,Disengaged Low-Value
14655,24,3,462.58,4,3,3,10,4-3-3,Loyal Mid-Tier
14656,51,3,335.2,3,3,3,9,3-3-3,Loyal Mid-Tier
14657,65,2,531.32,3,3,3,9,3-3-3,Loyal Mid-Tier
14662,63,3,491.41,3,3,3,9,3-3-3,Loyal Mid-Tier
14663,66,2,357.43,3,3,3,9,3-3-3,Loyal Mid-Tier
14665,63,2,644.7,3,3,4,10,3-3-4,Loyal Mid-Tier
14667,1,30,7578.92,5,5,5,15,5-5-5,High-Value Regulars
14668,81,1,32.13,2,1,1,4,2-1-1,Disengaged Low-Value
14669,269,4,1779.81,1,4,5,10,1-4-5,Dormant Spenders
14670,368,1,174.02,1,1,2,4,1-1-2,Disengaged Low-Value
14671,185,2,775.05,1,3,4,8,1-3-4,Dormant Spenders
14672,151,2,232.44,2,3,2,7,2-3-2,Fading Customers
14673,3,3,1405.91,5,3,5,13,5-3-5,Loyal Mid-Tier
14674,145,1,131.16,2,1,1,4,2-1-1,Disengaged Low-Value
14675,24,1,350.37,4,1,3,8,4-1-3,Promising Newcomers
14676,80,3,271.2,2,3,2,7,2-3-2,Fading Customers
14677,228,1,184.91,1,1,2,4,1-1-2,Disengaged Low-Value
14678,215,1,328.69,1,1,3,5,1-1-3,Occasional Browsers
14679,17,3,789.68,4,3,4,11,4-3-4,Loyal Mid-Tier
14680,7,37,9957.57,5,5,5,15,5-5-5,High-Value Regulars
14681,23,3,147.9,4,3,1,8,4-3-1,Occasional Browsers
14682,64,4,1269.33,3,4,5,12,3-4-5,Loyal Mid-Tier
14683,224,1,103.58,1,1,1,3,1-1-1,Disengaged Low-Value
14684,26,1,211.57,4,1,2,7,4-1-2,Promising Newcomers
14685,212,6,1741.37,1,5,5,11,1-5-5,Dormant Spenders
14686,50,5,784.78,3,4,4,11,3-4-4,Loyal Mid-Tier
14687,36,2,286.66,4,3,2,9,4-3-2,Occasional Browsers
14688,9,8,1269.78,5,5,5,15,5-5-5,High-Value Regulars
14690,28,2,286.78,4,3,2,9,4-3-2,Occasional Browsers
14692,16,8,662.24,4,5,4,13,4-5-4,High-Value Regulars
14693,61,6,413.26,3,5,3,11,3-5-3,Loyal Mid-Tier
14694,253,1,216.44,1,1,2,4,1-1-2,Disengaged Low-Value
14695,155,3,890.29,2,3,4,9,2-3-4,Fading Customers
14696,9,2,566.93,5,3,3,11,5-3-3,Loyal Mid-Tier
14699,71,3,537.77,3,3,3,9,3-3-3,Loyal Mid-Tier
14700,51,2,659.86,3,3,4,10,3-3-4,Loyal Mid-Tier
14701,78,6,1327.01,2,5,5,12,2-5-5,Dormant Spenders
14702,1,13,2747.14,5,5,5,15,5-5-5,High-Value Regulars
14704,60,2,237.71,3,3,2,8,3-3-2,Fading Customers
14706,254,1,267.19,1,1,2,4,1-1-2,Disengaged Low-Value
14708,4,2,229.92,5,3,2,10,5-3-2,Occasional Browsers
14709,15,12,1754.9,5,5,5,15,5-5-5,High-Value Regulars
14710,15,9,1202.51,5,5,4,14,5-5-4,High-Value Regulars
14713,1,11,2424.41,5,5,5,15,5-5-5,High-Value Regulars
14714,43,3,633.95,3,3,4,10,3-3-4,Loyal Mid-Tier
14715,156,3,443.82,2,3,3,8,2-3-3,Fading Customers
14716,80,1,202.87,2,1,2,5,2-1-2,Disengaged Low-Value
14717,369,1,71.35,1,1,1,3,1-1-1,Disengaged Low-Value
14718,46,1,139.9,3,1,1,5,3-1-1,Occasional Browsers
14721,15,1,100.57,5,1,1,7,5-1-1,Promising Newcomers
14722,113,2,259.4,2,3,2,7,2-3-2,Fading Customers
14723,7,7,877.04,5,5,4,14,5-5-4,High-Value Regulars
14724,226,1,276.15,1,1,2,4,1-1-2,Disengaged Low-Value
14725,30,3,458.86,4,3,3,10,4-3-3,Loyal Mid-Tier
14726,290,1,106.55,1,1,1,3,1-1-1,Disengaged Low-Value
14727,182,2,168.15,1,3,2,6,1-3-2,Occasional Browsers
14728,49,1,160.73,3,1,1,5,3-1-1,Occasional Browsers
14729,9,3,533.69,5,3,3,11,5-3-3,Loyal Mid-Tier
14732,28,11,1749.23,4,5,5,14,4-5-5,High-Value Regulars
14733,3,3,1235.52,5,3,4,12,5-3-4,Loyal Mid-Tier
14734,61,4,897.72,3,4,4,11,3-4-4,Loyal Mid-Tier
14735,24,21,2290.93,4,5,5,14,4-5-5,High-Value Regulars
14736,121,2,249.2,2,3,2,7,2-3-2,Fading Customers
14737,36,1,50.4,4,1,1,6,4-1-1,Promising Newcomers
14738,196,2,328.05,1,3,3,7,1-3-3,Occasional Browsers
14739,3,16,1840.4,5,5,5,15,5-5-5,High-Value Regulars
14740,45,8,2037.11,3,5,5,13,3-5-5,Loyal Mid-Tier
14741,8,2,402.45,5,3,3,11,5-3-3,Loyal Mid-Tier
14742,71,1,507.25,3,1,3,7,3-1-3,Occasional Browsers
14743,228,1,50.48,1,1,1,3,1-1-1,Disengaged Low-Value
14744,65,5,534.52,3,4,3,10,3-4-3,Loyal Mid-Tier
14745,137,7,1002.59,2,5,4,11,2-5-4,Dormant Spenders
14746,51,2,80.7,3,3,1,7,3-3-1,Fading Customers
14748,4,7,1293.97,5,5,5,15,5-5-5,High-Value Regulars
14749,115,1,181.75,2,1,2,5,2-1-2,Disengaged Low-Value
14750,372,1,85.18,1,1,1,3,1-1-1,Disengaged Low-Value
14751,320,2,126.45,1,3,1,5,1-3-1,Occasional Browsers
14753,96,1,298.8,2,1,2,5,2-1-2,Disengaged Low-Value
14754,61,4,828.78,3,4,4,11,3-4-4,Loyal Mid-Tier
14755,17,14,3590.37,4,5,5,14,4-5-5,High-Value Regulars
14756,18,2,1039.52,4,3,4,11,4-3-4,Loyal Mid-Tier
14758,32,3,854.66,4,3,4,11,4-3-4,Loyal Mid-Tier
14761,80,1,162.17,2,1,2,5,2-1-2,Disengaged Low-Value
14762,262,1,100.8,1,1,1,3,1-1-1,Disengaged Low-Value
14766,2,6,2960.12,5,5,5,15,5-5-5,High-Value Regulars
14767,110,1,280.61,2,1,2,5,2-1-2,Disengaged Low-Value
14769,26,9,4291.53,4,5,5,14,4-5-5,High-Value Regulars
14770,103,6,2091.4,2,5,5,12,2-5-5,Dormant Spenders
14771,257,2,594.62,1,3,4,8,1-3-4,Dormant Spenders
14773,228,1,127.8,1,1,1,3,1-1-1,Disengaged Low-Value
14774,164,1,192.85,2,1,2,5,2-1-2,Disengaged Low-Value
14775,8,1,258.96,5,1,2,8,5-1-2,Promising Newcomers
14776,23,4,944.76,4,4,4,12,4-4-4,High-Value Regulars
14777,39,1,232.2,3,1,2,6,3-1-2,Occasional Browsers
14783,295,1,270.14,1,1,2,4,1-1-2,Disengaged Low-Value
14784,25,1,144.04,4,1,1,6,4-1-1,Promising Newcomers
14786,186,1,90.96,1,1,1,3,1-1-1,Disengaged Low-Value
14787,107,1,110.65,2,1,1,4,2-1-1,Disengaged Low-Value
14788,232,1,380.73,1,1,3,5,1-1-3,Occasional Browsers
14790,10,6,1312.13,5,5,5,15,5-5-5,High-Value Regulars
14791,242,1,271.83,1,1,2,4,1-1-2,Disengaged Low-Value
14793,171,1,396.91,2,1,3,6,2-1-3,Occasional Browsers
14794,38,3,249.24,3,3,2,8,3-3-2,Fading Customers
14796,2,11,2406.28,5,5,5,15,5-5-5,High-Value Regulars
14797,143,1,274.81,2,1,2,5,2-1-2,Disengaged Low-Value
14798,17,5,550.57,4,4,3,11,4-4-3,Loyal Mid-Tier
14799,373,1,151.65,1,1,1,3,1-1-1,Disengaged Low-Value
14800,5,6,2292.95,5,5,5,15,5-5-5,High-Value Regulars
14805,40,3,440.65,3,3,3,9,3-3-3,Loyal Mid-Tier
14806,75,1,96.6,2,1,1,4,2-1-1,Disengaged Low-Value
14807,26,2,319.09,4,3,3,10,4-3-3,Loyal Mid-Tier
14809,257,2,326.1,1,3,3,7,1-3-3,Occasional Browsers
14810,5,3,413.94,5,3,3,11,5-3-3,Loyal Mid-Tier
14811,23,1,157.75,4,1,1,6,4-1-1,Promising Newcomers
14812,234,1,168.1,1,1,2,4,1-1-2,Disengaged Low-Value
14813,5,4,685.81,5,4,4,13,5-4-4,High-Value Regulars
14814,217,1,136.31,1,1,1,3,1-1-1,Disengaged Low-Value
14817,31,5,1906.29,4,4,5,13,4-4-5,High-Value Regulars
14818,94,3,358.01,2,3,3,8,2-3-3,Fading Customers
14819,130,2,111.69,2,3,1,6,2-3-1,Fading Customers
14820,16,5,537.6,4,4,3,11,4-4-3,Loyal Mid-Tier
14821,2,5,804.75,5,4,4,13,5-4-4,High-Value Regulars
14822,121,1,140.7,2,1,1,4,2-1-1,Disengaged Low-Value
14824,15,6,1917.1,5,5,5,15,5-5-5,High-Value Regulars
14825,4,13,2131.17,5,5,5,15,5-5-5,High-Value Regulars
14826,217,2,145.2,1,3,1,5,1-3-1,Occasional Browsers
14828,24,2,63.6,4,3,1,8,4-3-1,Occasional Browsers
14829,8,4,935.77,5,4,4,13,5-4-4,High-Value Regulars
14831,316,3,1237.62,1,3,4,8,1-3-4,Dormant Spenders
14833,134,1,94.8,2,1,1,4,2-1-1,Disengaged Low-Value
14834,43,1,219.06,3,1,2,6,3-1-2,Occasional Browsers
14837,78,5,1468.23,2,4,5,11,2-4-5,Dormant Spenders
14838,59,2,547.47,3,3,3,9,3-3-3,Loyal Mid-Tier
14839,54,3,680.38,3,3,4,10,3-3-4,Loyal Mid-Tier
14840,175,1,279.96,2,1,2,5,2-1-2,Disengaged Low-Value
14841,10,8,2367.48,5,5,5,15,5-5-5,High-Value Regulars
14843,72,1,121.8,2,1,1,4,2-1-1,Disengaged Low-Value
14844,66,6,2212.36,3,5,5,13,3-5-5,Loyal Mid-Tier
14846,63,1,144.0,3,1,1,5,3-1-1,Occasional Browsers
14847,43,2,551.45,3,3,3,9,3-3-3,Loyal Mid-Tier
14848,40,1,105.12,3,1,1,5,3-1-1,Occasional Browsers
14849,9,20,5354.93,5,5,5,15,5-5-5,High-Value Regulars
14850,54,4,993.76,3,4,4,11,3-4-4,Loyal Mid-Tier
14851,266,1,121.8,1,1,1,3,1-1-1,Disengaged Low-Value
14852,60,12,2328.8,3,5,5,13,3-5-5,Loyal Mid-Tier
14853,59,2,220.56,3,3,2,8,3-3-2,Fading Customers
14854,26,4,1253.4,4,4,5,13,4-4-5,High-Value Regulars
14855,110,5,2398.8,2,4,5,11,2-4-5,Dormant Spenders
14857,78,4,2133.04,2,4,5,11,2-4-5,Dormant Spenders
14858,141,1,180.75,2,1,2,5,2-1-2,Disengaged Low-Value
14859,190,1,48.6,1,1,1,3,1-1-1,Disengaged Low-Value
14861,16,9,1077.37,4,5,4,13,4-5-4,High-Value Regulars
14865,8,1,28.08,5,1,1,7,5-1-1,Promising Newcomers
14867,31,11,1026.22,4,5,4,13,4-5-4,High-Value Regulars
14868,16,4,1106.22,4,4,4,12,4-4-4,High-Value Regulars
14869,24,4,1862.51,4,4,5,13,4-4-5,High-Value Regulars
14870,49,4,573.2,3,4,3,10,3-4-3,Loyal Mid-Tier
14871,129,5,553.74,2,4,3,9,2-4-3,Occasional Browsers
14872,119,3,664.68,2,3,4,9,2-3-4,Fading Customers
14873,269,1,276.75,1,1,2,4,1-1-2,Disengaged Low-Value
14874,171,1,68.28,2,1,1,4,2-1-1,Disengaged Low-Value
14875,77,1,484.41,2,1,3,6,2-1-3,Occasional Browsers
14876,197,1,183.7,1,1,2,4,1-1-2,Disengaged Low-Value
14877,54,2,370.5,3,3,3,9,3-3-3,Loyal Mid-Tier
14878,12,14,1985.51,5,5,5,15,5-5-5,High-Value Regulars
14879,320,1,155.72,1,1,1,3,1-1-1,Disengaged Low-Value
14882,26,7,461.85,4,5,3,12,4-5-3,Loyal Mid-Tier
14884,305,1,120.6,1,1,1,3,1-1-1,Disengaged Low-Value
14885,63,1,240.0,3,1,2,6,3-1-2,Occasional Browsers
14890,254,2,659.8,1,3,4,8,1-3-4,Dormant Spenders
14891,52,2,552.35,3,3,3,9,3-3-3,Loyal Mid-Tier
14892,326,1,182.45,1,1,2,4,1-1-2,Disengaged Low-Value
14893,253,1,521.86,1,1,3,5,1-1-3,Occasional Browsers
14894,79,1,291.66,2,1,2,5,2-1-2,Disengaged Low-Value
14895,19,17,5122.53,4,5,5,14,4-5-5,High-Value Regulars
14896,1,7,1498.25,5,5,5,15,5-5-5,High-Value Regulars
14897,45,4,1014.87,3,4,4,11,3-4-4,Loyal Mid-Tier
14898,7,9,1469.09,5,5,5,15,5-5-5,High-Value Regulars
14899,31,1,997.39,4,1,4,9,4-1-4,Promising Newcomers
14901,2,5,770.21,5,4,4,13,5-4-4,High-Value Regulars
14902,31,2,569.9,4,3,3,10,4-3-3,Loyal Mid-Tier
14904,44,2,490.35,3,3,3,9,3-3-3,Loyal Mid-Tier
14905,10,6,820.54,5,5,4,14,5-5-4,High-Value Regulars
14907,3,9,1858.74,5,5,5,15,5-5-5,High-Value Regulars
14908,99,1,104.1,2,1,1,4,2-1-1,Disengaged Low-Value
14909,73,3,1202.93,2,3,4,9,2-3-4,Fading Customers
14911,1,178,70571.38,5,5,5,15,5-5-5,High-Value Regulars
14912,37,3,353.83,3,3,3,9,3-3-3,Loyal Mid-Tier
14913,24,4,2324.67,4,4,5,13,4-4-5,High-Value Regulars
14915,11,9,1278.87,5,5,5,15,5-5-5,High-Value Regulars
14916,67,3,542.92,3,3,3,9,3-3-3,Loyal Mid-Tier
14917,232,2,298.03,1,3,2,6,1-3-2,Occasional Browsers
14918,40,6,806.05,3,5,4,12,3-5-4,Loyal Mid-Tier
14919,175,1,163.15,2,1,2,5,2-1-2,Disengaged Low-Value
14920,201,1,567.85,1,1,3,5,1-1-3,Occasional Browsers
14922,29,2,701.44,4,3,4,11,4-3-4,Loyal Mid-Tier
14924,246,2,216.77,1,3,2,6,1-3-2,Occasional Browsers
14927,32,1,308.2,4,1,2,7,4-1-2,Promising Newcomers
14928,263,1,223.91,1,1,2,4,1-1-2,Disengaged Low-Value
14929,57,1,319.5,3,1,3,7,3-1-3,Occasional Browsers
14930,106,3,2215.02,2,3,5,10,2-3-5,Fading Customers
14932,1,2,298.83,5,3,2,10,5-3-2,Occasional Browsers
14934,14,3,1374.26,5,3,5,13,5-3-5,Loyal Mid-Tier
14936,26,4,1920.85,4,4,5,13,4-4-5,High-Value Regulars
14938,198,2,1013.11,1,3,4,8,1-3-4,Dormant Spenders
14940,53,2,508.09,3,3,3,9,3-3-3,Loyal Mid-Tier
14941,214,1,100.5,1,1,1,3,1-1-1,Disengaged Low-Value
14942,37,3,246.32,3,3,2,8,3-3-2,Fading Customers
14943,299,1,68.02,1,1,1,3,1-1-1,Disengaged Low-Value
14944,25,6,1622.78,4,5,5,14,4-5-5,High-Value Regulars
14945,49,1,179.4,3,1,2,6,3-1-2,Occasional Browsers
14947,24,4,462.42,4,4,3,11,4-4-3,Loyal Mid-Tier
14949,105,4,432.03,2,4,3,9,2-4-3,Occasional Browsers
14952,32,16,1497.63,4,5,5,14,4-5-5,High-Value Regulars
14953,54,3,562.36,3,3,3,9,3-3-3,Loyal Mid-Tier
14954,339,1,122.63,1,1,1,3,1-1-1,Disengaged Low-Value
14955,368,1,99.58,1,1,1,3,1-1-1,Disengaged Low-Value
14957,280,1,110.1,1,1,1,3,1-1-1,Disengaged Low-Value
14958,231,3,272.51,1,3,2,6,1-3-2,Occasional Browsers
14961,19,11,5304.92,4,5,5,14,4-5-5,High-Value Regulars
14962,175,2,121.5,2,3,1,6,2-3-1,Fading Customers
14963,15,7,1518.56,5,5,5,15,5-5-5,High-Value Regulars
14966,23,5,625.92,4,4,4,12,4-4-4,High-Value Regulars
14967,77,4,216.11,2,4,2,8,2-4-2,Occasional Browsers
14968,94,1,238.3,2,1,2,5,2-1-2,Disengaged Low-Value
14970,166,6,482.59,2,5,3,10,2-5-3,Occasional Browsers
14972,17,1,30.3,4,1,1,6,4-1-1,Promising Newcomers
14975,57,1,140.1,3,1,1,5,3-1-1,Occasional Browsers
14977,361,1,31.93,1,1,1,3,1-1-1,Disengaged Low-Value
14978,66,5,696.84,3,4,4,11,3-4-4,Loyal Mid-Tier
14979,371,1,375.21,1,1,3,5,1-1-3,Occasional Browsers
14980,373,1,123.13,1,1,1,3,1-1-1,Disengaged Low-Value
14981,59,1,270.8,3,1,2,6,3-1-2,Occasional Browsers
14982,208,1,199.98,1,1,2,4,1-1-2,Disengaged Low-Value
14983,325,1,170.45,1,1,2,4,1-1-2,Disengaged Low-Value
14984,187,2,117.5,1,3,1,5,1-3-1,Occasional Browsers
14986,12,2,487.5,5,3,3,11,5-3-3,Loyal Mid-Tier
14987,17,1,4.75,4,1,1,6,4-1-1,Promising Newcomers
14988,16,6,1442.78,4,5,5,14,4-5-5,High-Value Regulars
14989,297,1,277.1,1,1,2,4,1-1-2,Disengaged Low-Value
14990,248,2,191.57,1,3,2,6,1-3-2,Occasional Browsers
14991,66,1,186.2,3,1,2,6,3-1-2,Occasional Browsers
14992,78,1,193.5,2,1,2,5,2-1-2,Disengaged Low-Value
14993,199,1,36.13,1,1,1,3,1-1-1,Disengaged Low-Value
14994,18,5,845.57,4,4,4,12,4-4-4,High-Value Regulars
14996,117,2,366.33,2,3,3,8,2-3-3,Fading Customers
14997,291,1,187.2,1,1,2,4,1-1-2,Disengaged Low-Value
14998,64,2,188.46,3,3,2,8,3-3-2,Fading Customers
14999,228,1,116.73,1,1,1,3,1-1-1,Disengaged Low-Value
15001,30,2,110.71,4,3,1,8,4-3-1,Occasional Browsers
15002,3,6,2585.17,5,5,5,15,5-5-5,High-Value Regulars
15003,109,6,822.07,2,5,4,11,2-5-4,Dormant Spenders
15005,2,29,6612.13,5,5,5,15,5-5-5,High-Value Regulars
15006,89,1,191.55,2,1,2,5,2-1-2,Disengaged Low-Value
15011,31,2,326.3,4,3,3,10,4-3-3,Loyal Mid-Tier
15012,9,2,310.47,5,3,2,10,5-3-2,Occasional Browsers
15013,123,10,1341.12,2,5,5,12,2-5-5,Dormant Spenders
15015,137,13,1872.76,2,5,5,12,2-5-5,Dormant Spenders
15016,29,3,383.05,4,3,3,10,4-3-3,Loyal Mid-Tier
15018,3,1,45.3,5,1,1,7,5-1-1,Promising Newcomers
15020,15,1,190.52,5,1,2,8,5-1-2,Promising Newcomers
15021,2,4,753.76,5,4,4,13,5-4-4,High-Value Regulars
15022,313,1,117.85,1,1,1,3,1-1-1,Disengaged Low-Value
15023,5,9,3626.5,5,5,5,15,5-5-5,High-Value Regulars
15024,3,7,1654.56,5,5,5,15,5-5-5,High-Value Regulars
15025,204,1,427.12,1,1,3,5,1-1-3,Occasional Browsers
15026,11,2,556.44,5,3,3,11,5-3-3,Loyal Mid-Tier
15027,36,5,584.48,4,4,4,12,4-4-4,High-Value Regulars
15028,4,3,329.97,5,3,3,11,5-3-3,Loyal Mid-Tier
15029,255,1,208.2,1,1,2,4,1-1-2,Disengaged Low-Value
15030,16,4,154.93,4,4,1,9,4-4-1,Occasional Browsers
15031,30,10,1844.05,4,5,5,14,4-5-5,High-Value Regulars
15032,2,4,305.45,5,4,2,11,5-4-2,Occasional Browsers
15034,22,6,2529.99,4,5,5,14,4-5-5,High-Value Regulars
15037,12,2,234.91,5,3,2,10,5-3-2,Occasional Browsers
15038,5,4,475.67,5,4,3,12,5-4-3,Loyal Mid-Tier
15039,4,45,9795.58,5,5,5,15,5-5-5,High-Value Regulars
15040,177,1,7.49,2,1,1,4,2-1-1,Disengaged Low-Value
15041,80,1,109.47,2,1,1,4,2-1-1,Disengaged Low-Value
15043,109,4,319.72,2,4,3,9,2-4-3,Occasional Browsers
15044,15,15,5585.58,5,5,5,15,5-5-5,High-Value Regulars
15046,61,10,1419.29,3,5,5,13,3-5-5,Loyal Mid-Tier
15048,4,1,58.4,5,1,1,7,5-1-1,Promising Newcomers
15050,57,2,755.65,3,3,4,10,3-3-4,Loyal Mid-Tier
15051,15,6,1422.29,5,5,5,15,5-5-5,High-Value Regulars
15055,110,3,385.52,2,3,3,8,2-3-3,Fading Customers
15056,156,1,103.7,2,1,1,4,2-1-1,Disengaged Low-Value
15057,79,3,639.4,2,3,4,9,2-3-4,Fading Customers
15058,12,5,899.5,5,4,4,13,5-4-4,High-Value Regulars
15059,12,10,1748.86,5,5,5,15,5-5-5,High-Value Regulars
15061,3,12,785.0,5,5,4,14,5-5-4,High-Value Regulars
15062,59,4,1489.71,3,4,5,12,3-4-5,Loyal Mid-Tier
15064,46,4,1037.2,3,4,4,11,3-4-4,Loyal Mid-Tier
15065,46,1,99.13,3,1,1,5,3-1-1,Occasional Browsers
15067,49,2,1109.98,3,3,4,10,3-3-4,Loyal Mid-Tier
15068,54,2,495.39,3,3,3,9,3-3-3,Loyal Mid-Tier
15070,227,2,473.45,1,3,3,7,1-3-3,Occasional Browsers
15071,22,2,398.24,4,3,3,10,4-3-3,Loyal Mid-Tier
15072,115,1,181.22,2,1,2,5,2-1-2,Disengaged Low-Value
15073,36,5,1343.16,4,4,5,13,4-4-5,High-Value Regulars
15074,65,2,461.3,3,3,3,9,3-3-3,Loyal Mid-Tier
15076,158,1,386.98,2,1,3,6,2-1-3,Occasional Browsers
15077,130,2,236.58,2,3,2,7,2-3-2,Fading Customers
15078,4,19,4737.01,5,5,5,15,5-5-5,High-Value Regulars
15079,1,7,1325.41,5,5,5,15,5-5-5,High-Value Regulars
15080,63,2,546.25,3,3,3,9,3-3-3,Loyal Mid-Tier
15081,3,8,987.22,5,5,4,14,5-5-4,High-Value Regulars
15082,304,1,93.35,1,1,1,3,1-1-1,Disengaged Low-Value
15084,15,2,169.53,5,3,2,10,5-3-2,Occasional Browsers
15085,365,1,97.1,1,1,1,3,1-1-1,Disengaged Low-Value
15086,200,2,218.53,1,3,2,6,1-3-2,Occasional Browsers
15091,310,2,324.4,1,3,3,7,1-3-3,Occasional Browsers
15092,98,1,262.95,2,1,2,5,2-1-2,Disengaged Low-Value
15093,8,12,1724.2,5,5,5,15,5-5-5,High-Value Regulars
15094,99,2,83.0,2,3,1,6,2-3-1,Fading Customers
15095,56,6,1040.05,3,5,4,12,3-5-4,Loyal Mid-Tier
15097,219,2,268.62,1,3,2,6,1-3-2,Occasional Browsers
15100,23,2,145.5,4,3,1,8,4-3-1,Occasional Browsers
15101,155,3,652.61,2,3,4,9,2-3-4,Fading Customers
15102,166,2,339.27,2,3,3,8,2-3-3,Fading Customers
15105,66,2,706.52,3,3,4,10,3-3-4,Loyal Mid-Tier
15107,8,4,276.25,5,4,2,11,5-4-2,Occasional Browsers
15109,215,2,333.75,1,3,3,7,1-3-3,Occasional Browsers
15110,39,2,164.0,3,3,2,8,3-3-2,Fading Customers
15111,8,3,934.99,5,3,4,12,5-3-4,Loyal Mid-Tier
15112,247,1,99.0,1,1,1,3,1-1-1,Disengaged Low-Value
15114,19,2,518.04,4,3,3,10,4-3-3,Loyal Mid-Tier
15115,368,1,191.74,1,1,2,4,1-1-2,Disengaged Low-Value
15117,84,3,698.75,2,3,4,9,2-3-4,Fading Customers
15122,58,8,1864.09,3,5,5,13,3-5-5,Loyal Mid-Tier
15123,57,3,921.66,3,3,4,10,3-3-4,Loyal Mid-Tier
15124,112,2,206.65,2,3,2,7,2-3-2,Fading Customers
15125,115,6,810.0,2,5,4,11,2-5-4,Dormant Spenders
15126,172,2,369.09,2,3,3,8,2-3-3,Fading Customers
15127,155,1,164.22,2,1,2,5,2-1-2,Disengaged Low-Value
15128,66,1,238.98,3,1,2,6,3-1-2,Occasional Browsers
15129,21,12,1776.03,4,5,5,14,4-5-5,High-Value Regulars
15131,30,1,53.94,4,1,1,6,4-1-1,Promising Newcomers
15133,18,2,221.38,4,3,2,9,4-3-2,Occasional Browsers
15134,17,2,184.9,4,3,2,9,4-3-2,Occasional Browsers
15135,192,1,117.88,1,1,1,3,1-1-1,Disengaged Low-Value
15137,156,2,525.64,2,3,3,8,2-3-3,Fading Customers
15138,29,1,408.53,4,1,3,8,4-1-3,Promising Newcomers
15140,78,1,602.94,2,1,4,7,2-1-4,Dormant Spenders
15141,93,7,1181.01,2,5,4,11,2-5-4,Dormant Spenders
15142,46,5,1524.44,3,4,5,12,3-4-5,Loyal Mid-Tier
15143,68,1,226.13,3,1,2,6,3-1-2,Occasional Browsers
15144,15,8,1122.35,5,5,4,14,5-5-4,High-Value Regulars
15149,213,3,480.48,1,3,3,7,1-3-3,Occasional Browsers
15150,92,3,3151.0,2,3,5,10,2-3-5,Fading Customers
15151,59,2,712.51,3,3,4,10,3-3-4,Loyal Mid-Tier
15152,337,1,433.54,1,1,3,5,1-1-3,Occasional Browsers
15154,114,2,764.89,2,3,4,9,2-3-4,Fading Customers
15155,19,1,259.57,4,1,2,7,4-1-2,Promising Newcomers
15157,205,2,292.04,1,3,2,6,1-3-2,Occasional Browsers
15158,37,1,6.72,3,1,1,5,3-1-1,Occasional Browsers
15159,31,4,1247.86,4,4,5,13,4-4-5,High-Value Regulars
15160,10,3,304.36,5,3,2,10,5-3-2,Occasional Browsers
15161,24,1,119.92,4,1,1,6,4-1-1,Promising Newcomers
15162,367,1,215.4,1,1,2,4,1-1-2,Disengaged Low-Value
15164,25,6,1152.43,4,5,4,13,4-5-4,High-Value Regulars
15165,9,1,362.7,5,1,3,9,5-1-3,Promising Newcomers
15166,103,1,154.41,2,1,1,4,2-1-1,Disengaged Low-Value
15167,43,4,979.12,3,4,4,11,3-4-4,Loyal Mid-Tier
15169,18,2,487.02,4,3,3,10,4-3-3,Loyal Mid-Tier
15170,42,1,81.15,3,1,1,5,3-1-1,Occasional Browsers
15173,16,7,1228.68,4,5,4,13,4-5-4,High-Value Regulars
15174,46,1,275.79,3,1,2,6,3-1-2,Occasional Browsers
15176,303,1,891.14,1,1,4,6,1-1-4,Dormant Spenders
15177,61,1,280.55,3,1,2,6,3-1-2,Occasional Browsers
15179,28,8,2628.81,4,5,5,14,4-5-5,High-Value Regulars
15180,3,3,758.85,5,3,4,12,5-3-4,Loyal Mid-Tier
15182,21,9,1345.91,4,5,5,14,4-5-5,High-Value Regulars
15183,183,3,369.63,1,3,3,7,1-3-3,Occasional Browsers
15184,23,2,184.85,4,3,2,9,4-3-2,Occasional Browsers
15186,110,3,538.07,2,3,3,8,2-3-3,Fading Customers
15188,361,1,207.38,1,1,2,4,1-1-2,Disengaged Low-Value
15189,17,5,279.77,4,4,2,10,4-4-2,Occasional Browsers
15190,70,1,554.67,3,1,3,7,3-1-3,Occasional Browsers
15191,99,3,534.75,2,3,3,8,2-3-3,Fading Customers
15192,1,3,678.41,5,3,4,12,5-3-4,Loyal Mid-Tier
15194,4,14,2490.92,5,5,5,15,5-5-5,High-Value Regulars
15196,68,2,313.7,3,3,3,9,3-3-3,Loyal Mid-Tier
15197,30,3,258.2,4,3,2,9,4-3-2,Occasional Browsers
15198,44,3,210.61,3,3,2,8,3-3-2,Fading Customers
15199,70,4,481.25,3,4,3,10,3-4-3,Loyal Mid-Tier
15200,130,1,445.45,2,1,3,6,2-1-3,Occasional Browsers
15201,75,2,512.57,2,3,3,8,2-3-3,Fading Customers
15203,26,8,2512.74,4,5,5,14,4-5-5,High-Value Regulars
15207,52,3,482.32,3,3,3,9,3-3-3,Loyal Mid-Tier
15208,59,1,84.5,3,1,1,5,3-1-1,Occasional Browsers
15209,366,1,161.08,1,1,1,3,1-1-1,Disengaged Low-Value
15210,14,2,420.39,5,3,3,11,5-3-3,Loyal Mid-Tier
15211,1,1,292.97,5,1,2,8,5-1-2,Promising Newcomers
15212,12,1,66.68,5,1,1,7,5-1-1,Promising Newcomers
15215,29,3,1015.44,4,3,4,11,4-3-4,Loyal Mid-Tier
15216,254,1,274.99,1,1,2,4,1-1-2,Disengaged Low-Value
15217,199,1,410.34,1,1,3,5,1-1-3,Occasional Browsers
15218,25,10,2465.48,4,5,5,14,4-5-5,High-Value Regulars
15219,284,1,301.8,1,1,2,4,1-1-2,Disengaged Low-Value
15221,42,2,114.1,3,3,1,7,3-3-1,Fading Customers
15222,108,10,1590.12,2,5,5,12,2-5-5,Dormant Spenders
15223,245,3,187.3,1,3,2,6,1-3-2,Occasional Browsers
15224,148,3,277.78,2,3,2,7,2-3-2,Fading Customers
15227,32,4,910.74,4,4,4,12,4-4-4,High-Value Regulars
15228,64,2,1503.35,3,3,5,11,3-3-5,Loyal Mid-Tier
15229,222,1,160.5,1,1,1,3,1-1-1,Disengaged Low-Value
15231,257,1,230.1,1,1,2,4,1-1-2,Disengaged Low-Value
15235,5,6,640.5,5,5,4,14,5-5-4,High-Value Regulars
15240,10,7,2072.74,5,5,5,15,5-5-5,High-Value Regulars
15241,66,3,1017.92,3,3,4,10,3-3-4,Loyal Mid-Tier
15243,71,1,555.59,3,1,3,7,3-1-3,Occasional Browsers
15244,302,1,145.76,1,1,1,3,1-1-1,Disengaged Low-Value
15245,38,4,776.28,3,4,4,11,3-4-4,Loyal Mid-Tier
15246,191,1,266.25,1,1,2,4,1-1-2,Disengaged Low-Value
15247,173,1,50.0,2,1,1,4,2-1-1,Disengaged Low-Value
15248,47,3,1584.02,3,3,5,11,3-3-5,Loyal Mid-Tier
15249,66,5,2233.74,3,4,5,12,3-4-5,Loyal Mid-Tier
15250,276,1,60.0,1,1,1,3,1-1-1,Disengaged Low-Value
15251,50,3,117.6,3,3,1,7,3-3-1,Fading Customers
15252,57,3,840.32,3,3,4,10,3-3-4,Loyal Mid-Tier
15253,39,3,1006.49,3,3,4,10,3-3-4,Loyal Mid-Tier
15254,182,2,485.49,1,3,3,7,1-3-3,Occasional Browsers
15255,36,7,1889.25,4,5,5,14,4-5-5,High-Value Regulars
15256,197,1,71.95,1,1,1,3,1-1-1,Disengaged Low-Value
15257,50,1,78.75,3,1,1,5,3-1-1,Occasional Browsers
15259,148,3,699.7,2,3,4,9,2-3-4,Fading Customers
15260,8,17,4317.12,5,5,5,15,5-5-5,High-Value Regulars
15261,17,3,950.93,4,3,4,11,4-3-4,Loyal Mid-Tier
15262,16,2,227.12,4,3,2,9,4-3-2,Occasional Browsers
15264,166,1,393.81,2,1,3,6,2-1-3,Occasional Browsers
15265,240,2,1720.07,1,3,5,9,1-3-5,Dormant Spenders
15266,15,4,435.41,5,4,3,12,5-4-3,Loyal Mid-Tier
15268,114,2,229.5,2,3,2,7,2-3-2,Fading Customers
15269,16,2,566.01,4,3,3,10,4-3-3,Loyal Mid-Tier
15270,36,11,1382.8,4,5,5,14,4-5-5,High-Value Regulars
15271,1,10,1859.72,5,5,5,15,5-5-5,High-Value Regulars
15272,86,4,795.51,2,4,4,10,2-4-4,Dormant Spenders
15276,30,3,414.47,4,3,3,10,4-3-3,Loyal Mid-Tier
15277,61,1,220.44,3,1,2,6,3-1-2,Occasional Browsers
15278,197,4,343.16,1,4,3,8,1-4-3,Occasional Browsers
15279,16,4,996.98,4,4,4,12,4-4-4,High-Value Regulars
15280,124,2,188.1,2,3,2,7,2-3-2,Fading Customers
15281,14,7,4824.33,5,5,5,15,5-5-5,High-Value Regulars
15282,206,1,249.89,1,1,2,4,1-1-2,Disengaged Low-Value
15283,123,2,114.43,2,3,1,6,2-3-1,Fading Customers
15284,136,1,24.75,2,1,1,4,2-1-1,Disengaged Low-Value
15285,43,1,79.8,3,1,1,5,3-1-1,Occasional Browsers
15287,15,3,212.34,5,3,2,10,5-3-2,Occasional Browsers
15288,1,5,738.91,5,4,4,13,5-4-4,High-Value Regulars
15289,94,2,571.95,2,3,3,8,2-3-3,Fading Customers
15290,29,8,1097.66,4,5,4,13,4-5-4,High-Value Regulars
15291,17,14,995.49,4,5,4,13,4-5-4,High-Value Regulars
15293,301,1,247.5,1,1,2,4,1-1-2,Disengaged Low-Value
15294,46,1,199.55,3,1,2,6,3-1-2,Occasional Browsers
15295,290,1,207.04,1,1,2,4,1-1-2,Disengaged Low-Value
15296,56,6,4699.34,3,5,5,13,3-5-5,Loyal Mid-Tier
15298,2,12,3425.25,5,5,5,15,5-5-5,High-Value Regulars
15301,4,6,1800.94,5,5,5,15,5-5-5,High-Value Regulars
15302,366,1,222.5,1,1,2,4,1-1-2,Disengaged Low-Value
15303,201,2,469.71,1,3,3,7,1-3-3,Occasional Browsers
15304,4,1,50.25,5,1,1,7,5-1-1,Promising Newcomers
15305,191,1,77.7,1,1,1,3,1-1-1,Disengaged Low-Value
15306,136,6,1317.5,2,5,5,12,2-5-5,Dormant Spenders
15309,246,3,685.41,1,3,4,8,1-3-4,Dormant Spenders
15310,114,1,619.44,2,1,4,7,2-1-4,Dormant Spenders
15311,1,111,8217.29,5,5,5,15,5-5-5,High-Value Regulars
15312,19,8,1751.74,4,5,5,14,4-5-5,High-Value Regulars
15314,49,2,355.03,3,3,3,9,3-3-3,Loyal Mid-Tier
15317,313,1,70.35,1,1,1,3,1-1-1,Disengaged Low-Value
15321,73,9,3399.93,2,5,5,12,2-5-5,Dormant Spenders
15322,112,1,517.07,2,1,3,6,2-1-3,Occasional Browsers
15323,198,3,373.75,1,3,3,7,1-3-3,Occasional Browsers
15324,337,1,140.22,1,1,1,3,1-1-1,Disengaged Low-Value
15325,31,7,1319.42,4,5,5,14,4-5-5,High-Value Regulars
15326,245,4,1268.46,1,4,5,10,1-4-5,Dormant Spenders
15328,43,1,67.64,3,1,1,5,3-1-1,Occasional Browsers
15329,10,7,1301.33,5,5,5,15,5-5-5,High-Value Regulars
15331,135,3,583.79,2,3,4,9,2-3-4,Fading Customers
15332,5,5,2063.66,5,4,5,14,5-4-5,High-Value Regulars
15336,37,1,185.0,3,1,2,6,3-1-2,Occasional Browsers
15337,47,1,307.72,3,1,2,6,3-1-2,Occasional Browsers
15338,313,1,257.23,1,1,2,4,1-1-2,Disengaged Low-Value
15339,57,4,693.0,3,4,4,11,3-4-4,Loyal Mid-Tier
15340,197,1,105.5,1,1,1,3,1-1-1,Disengaged Low-Value
15341,85,1,31.2,2,1,1,4,2-1-1,Disengaged Low-Value
15346,61,2,310.8,3,3,3,9,3-3-3,Loyal Mid-Tier
15347,2,4,494.35,5,4,3,12,5-4-3,Loyal Mid-Tier
15350,9,2,547.6,5,3,3,11,5-3-3,Loyal Mid-Tier
15351,5,4,1038.61,5,4,4,13,5-4-4,High-Value Regulars
15352,184,1,75.7,1,1,1,3,1-1-1,Disengaged Low-Value
15353,3,6,1771.15,5,5,5,15,5-5-5,High-Value Regulars
15356,4,4,646.21,5,4,4,13,5-4-4,High-Value Regulars
15358,1,22,7563.61,5,5,5,15,5-5-5,High-Value Regulars
15359,298,8,181.35,1,5,2,8,1-5-2,Occasional Browsers
15362,84,2,444.81,2,3,3,8,2-3-3,Fading Customers
15363,8,2,563.11,5,3,3,11,5-3-3,Loyal Mid-Tier
15365,39,5,1390.98,3,4,5,12,3-4-5,Loyal Mid-Tier
15366,45,5,1182.59,3,4,4,11,3-4-4,Loyal Mid-Tier
15367,54,7,2785.29,3,5,5,13,3-5-5,Loyal Mid-Tier
15369,128,3,375.6,2,3,3,8,2-3-3,Fading Customers
15370,46,1,756.6,3,1,4,8,3-1-4,Big Spender Infrequent
15373,7,6,497.48,5,5,3,13,5-5-3,Loyal Mid-Tier
15374,260,1,53.28,1,1,1,3,1-1-1,Disengaged Low-Value
15375,326,1,47.04,1,1,1,3,1-1-1,Disengaged Low-Value
15377,18,4,283.65,4,4,2,10,4-4-2,Occasional Browsers
15378,98,2,207.5,2,3,2,7,2-3-2,Fading Customers
15379,36,1,1048.4,4,1,4,9,4-1-4,Promising Newcomers
15380,332,2,72.8,1,3,1,5,1-3-1,Occasional Browsers
15381,59,2,47.1,3,3,1,7,3-3-1,Fading Customers
15382,10,6,4790.08,5,5,5,15,5-5-5,High-Value Regulars
15384,17,2,946.78,4,3,4,11,4-3-4,Loyal Mid-Tier
15385,28,2,100.8,4,3,1,8,4-3-1,Occasional Browsers
15387,128,1,367.35,2,1,3,6,2-1-3,Occasional Browsers
15390,32,2,1216.66,4,3,4,11,4-3-4,Loyal Mid-Tier
15391,220,1,75.2,1,1,1,3,1-1-1,Disengaged Low-Value
15392,10,3,741.18,5,3,4,12,5-3-4,Loyal Mid-Tier
15393,203,3,404.53,1,3,3,7,1-3-3,Occasional Browsers
15394,31,7,1970.24,4,5,5,14,4-5-5,High-Value Regulars
15400,127,2,185.0,2,3,2,7,2-3-2,Fading Customers
15401,88,2,168.75,2,3,2,7,2-3-2,Fading Customers
15402,23,4,819.39,4,4,4,12,4-4-4,High-Value Regulars
15403,127,1,20.4,2,1,1,4,2-1-1,Disengaged Low-Value
15404,11,1,203.68,5,1,2,8,5-1-2,Promising Newcomers
15405,212,1,279.04,1,1,2,4,1-1-2,Disengaged Low-Value
15406,89,2,407.91,2,3,3,8,2-3-3,Fading Customers
15409,357,1,115.95,1,1,1,3,1-1-1,Disengaged Low-Value
15410,204,2,561.5,1,3,3,7,1-3-3,Occasional Browsers
15413,327,1,16.5,1,1,1,3,1-1-1,Disengaged Low-Value
15416,114,2,494.83,2,3,3,8,2-3-3,Fading Customers
15418,61,2,390.77,3,3,3,9,3-3-3,Loyal Mid-Tier
15420,70,6,660.06,3,5,4,12,3-5-4,Loyal Mid-Tier
15421,21,6,2494.45,4,5,5,14,4-5-5,High-Value Regulars
15422,15,5,1031.62,5,4,4,13,5-4-4,High-Value Regulars
15423,217,2,139.74,1,3,1,5,1-3-1,Occasional Browsers
15424,99,1,214.44,2,1,2,5,2-1-2,Disengaged Low-Value
15425,36,4,1462.27,4,4,5,13,4-4-5,High-Value Regulars
15426,5,5,796.92,5,4,4,13,5-4-4,High-Value Regulars
15428,23,3,561.77,4,3,3,10,4-3-3,Loyal Mid-Tier
15430,103,2,508.65,2,3,3,8,2-3-3,Fading Customers
15432,177,1,73.07,2,1,1,4,2-1-1,Disengaged Low-Value
15434,10,6,1239.58,5,5,5,15,5-5-5,High-Value Regulars
15437,276,1,177.39,1,1,2,4,1-1-2,Disengaged Low-Value
15439,40,3,677.35,3,3,4,10,3-3-4,Loyal Mid-Tier
15441,32,3,821.47,4,3,4,11,4-3-4,Loyal Mid-Tier
15443,110,7,1617.59,2,5,5,12,2-5-5,Dormant Spenders
15445,226,1,112.85,1,1,1,3,1-1-1,Disengaged Low-Value
15446,12,3,383.3,5,3,3,11,5-3-3,Loyal Mid-Tier
15447,163,4,270.46,2,4,2,8,2-4-2,Occasional Browsers
15448,310,1,231.45,1,1,2,4,1-1-2,Disengaged Low-Value
15451,70,2,168.36,3,3,2,8,3-3-2,Fading Customers
15452,26,3,1177.68,4,3,4,11,4-3-4,Loyal Mid-Tier
15454,254,1,97.04,1,1,1,3,1-1-1,Disengaged Low-Value
15456,39,7,1152.29,3,5,4,12,3-5-4,Loyal Mid-Tier
15458,38,1,129.6,3,1,1,5,3-1-1,Occasional Browsers
15459,53,2,120.48,3,3,1,7,3-3-1,Fading Customers
15462,81,1,469.8,2,1,3,6,2-1-3,Occasional Browsers
15465,5,15,1852.07,5,5,5,15,5-5-5,High-Value Regulars
15466,25,3,1128.38,4,3,4,11,4-3-4,Loyal Mid-Tier
15468,28,1,706.93,4,1,4,9,4-1-4,Promising Newcomers
15469,74,1,288.9,2,1,2,5,2-1-2,Disengaged Low-Value
15470,211,1,8.4,1,1,1,3,1-1-1,Disengaged Low-Value
15471,16,2,443.53,4,3,3,10,4-3-3,Loyal Mid-Tier
15474,231,1,124.85,1,1,1,3,1-1-1,Disengaged Low-Value
15476,16,4,1154.31,4,4,4,12,4-4-4,High-Value Regulars
15478,211,1,310.76,1,1,2,4,1-1-2,Disengaged Low-Value
15479,369,1,147.4,1,1,1,3,1-1-1,Disengaged Low-Value
15480,105,2,2060.96,2,3,5,10,2-3-5,Fading Customers
15481,37,1,269.4,3,1,2,6,3-1-2,Occasional Browsers
15482,22,3,327.45,4,3,3,10,4-3-3,Loyal Mid-Tier
15483,21,6,553.66,4,5,3,12,4-5-3,Loyal Mid-Tier
15484,176,2,761.03,2,3,4,9,2-3-4,Fading Customers
15485,9,4,514.39,5,4,3,12,5-4-3,Loyal Mid-Tier
15487,315,1,231.32,1,1,2,4,1-1-2,Disengaged Low-Value
15488,93,2,106.38,2,3,1,6,2-3-1,Fading Customers
15489,36,5,847.3,4,4,4,12,4-4-4,High-Value Regulars
15490,66,1,202.9,3,1,2,6,3-1-2,Occasional Browsers
15493,25,4,1515.64,4,4,5,13,4-4-5,High-Value Regulars
15494,114,3,1763.56,2,3,5,10,2-3-5,Fading Customers
15495,15,1,226.6,5,1,2,8,5-1-2,Promising Newcomers
15496,267,1,120.64,1,1,1,3,1-1-1,Disengaged Low-Value
15497,18,2,246.6,4,3,2,9,4-3-2,Occasional Browsers
15498,2,18,5836.46,5,5,5,15,5-5-5,High-Value Regulars
15499,359,1,134.8,1,1,1,3,1-1-1,Disengaged Low-Value
15501,40,2,322.0,3,3,3,9,3-3-3,Loyal Mid-Tier
15502,4,5,1700.49,5,4,5,14,5-4-5,High-Value Regulars
15503,362,1,116.26,1,1,1,3,1-1-1,Disengaged Low-Value
15504,156,3,294.17,2,3,2,7,2-3-2,Fading Customers
15506,17,3,903.09,4,3,4,11,4-3-4,Loyal Mid-Tier
15509,16,1,71.86,4,1,1,6,4-1-1,Promising Newcomers
15512,26,1,106.38,4,1,1,6,4-1-1,Promising Newcomers
15513,35,13,2340.99,4,5,5,14,4-5-5,High-Value Regulars
15514,15,7,1646.16,5,5,5,15,5-5-5,High-Value Regulars
15515,23,1,91.65,4,1,1,6,4-1-1,Promising Newcomers
15518,15,7,1708.85,5,5,5,15,5-5-5,High-Value Regulars
15519,19,2,156.15,4,3,1,8,4-3-1,Occasional Browsers
15521,36,8,2269.26,4,5,5,14,4-5-5,High-Value Regulars
15523,51,10,813.14,3,5,4,12,3-5-4,Loyal Mid-Tier
15524,242,1,15.0,1,1,1,3,1-1-1,Disengaged Low-Value
15525,9,2,343.38,5,3,3,11,5-3-3,Loyal Mid-Tier
15527,30,14,1904.51,4,5,5,14,4-5-5,High-Value Regulars
15529,2,2,998.82,5,3,4,12,5-3-4,Loyal Mid-Tier
15530,148,1,202.69,2,1,2,5,2-1-2,Disengaged Low-Value
15532,12,6,1653.12,5,5,5,15,5-5-5,High-Value Regulars
15534,361,1,154.3,1,1,1,3,1-1-1,Disengaged Low-Value
15535,40,2,317.17,3,3,3,9,3-3-3,Loyal Mid-Tier
15536,45,1,228.49,3,1,2,6,3-1-2,Occasional Browsers
15540,11,1,239.82,5,1,2,8,5-1-2,Promising Newcomers
15542,148,3,709.16,2,4,4,10,2-4-4,Dormant Spenders
15543,95,1,88.9,2,1,1,4,2-1-1,Disengaged Low-Value
15544,8,12,3789.46,5,5,5,15,5-5-5,High-Value Regulars
15545,7,1,100.98,5,1,1,7,5-1-1,Promising Newcomers
15547,12,12,3892.72,5,5,5,15,5-5-5,High-Value Regulars
15548,231,1,98.74,1,1,1,3,1-1-1,Disengaged Low-Value
15549,57,5,504.0,3,4,3,10,3-4-3,Loyal Mid-Tier
15550,14,8,1094.47,5,5,4,14,5-5-4,High-Value Regulars
15551,30,6,1117.4,4,5,4,13,4-5-4,High-Value Regulars
15552,259,1,131.2,1,1,1,3,1-1-1,Disengaged Low-Value
15555,1,21,5218.94,5,5,5,15,5-5-5,High-Value Regulars
15558,275,1,71.53,1,1,1,3,1-1-1,Disengaged Low-Value
15559,204,1,936.4,1,1,4,6,1-1-4,Dormant Spenders
15560,33,2,153.52,4,3,1,8,4-3-1,Occasional Browsers
15561,19,4,558.12,4,4,3,11,4-4-3,Loyal Mid-Tier
15562,60,2,120.86,3,3,1,7,3-3-1,Fading Customers
15563,150,3,1226.96,2,4,4,10,2-4-4,Dormant Spenders
15564,99,2,70.74,2,3,1,6,2-3-1,Fading Customers
15566,28,2,213.37,4,3,2,9,4-3-2,Occasional Browsers
15569,26,5,362.56,4,4,3,11,4-4-3,Loyal Mid-Tier
15570,5,13,3256.64,5,5,5,15,5-5-5,High-Value Regulars
15571,22,10,2376.89,4,5,5,14,4-5-5,High-Value Regulars
15572,16,3,1122.47,4,4,4,12,4-4-4,High-Value Regulars
15573,254,3,430.93,1,4,3,8,1-4-3,Occasional Browsers
15574,8,3,563.76,5,4,3,12,5-4-3,Loyal Mid-Tier
15575,255,1,30.1,1,1,1,3,1-1-1,Disengaged Low-Value
15577,359,2,97.35,1,3,1,5,1-3-1,Occasional Browsers
15579,19,3,636.63,4,4,4,12,4-4-4,High-Value Regulars
15580,12,8,1138.09,5,5,4,14,5-5-4,High-Value Regulars
15581,2,26,3147.76,5,5,5,15,5-5-5,High-Value Regulars
15583,12,1,87.46,5,1,1,7,5-1-1,Promising Newcomers
15584,35,2,408.09,4,3,3,10,4-3-3,Loyal Mid-Tier
15586,228,3,555.9,1,4,3,8,1-4-3,Occasional Browsers
15590,18,5,1337.3,4,4,5,13,4-4-5,High-Value Regulars
15591,218,2,53.2,1,3,1,5,1-3-1,Occasional Browsers
15595,123,1,64.8,2,1,1,4,2-1-1,Disengaged Low-Value
15596,1,5,1318.35,5,4,5,14,5-4-5,High-Value Regulars
15597,211,1,238.8,1,1,2,4,1-1-2,Disengaged Low-Value
15598,63,1,297.39,3,1,2,6,3-1-2,Occasional Browsers
15599,81,1,433.12,2,1,3,6,2-1-3,Occasional Browsers
15600,64,4,910.04,3,4,4,11,3-4-4,Loyal Mid-Tier
15601,8,17,6337.2,5,5,5,15,5-5-5,High-Value Regulars
15602,4,8,1161.9,5,5,4,14,5-5-4,High-Value Regulars
15603,284,1,40.0,1,1,1,3,1-1-1,Disengaged Low-Value
15605,9,5,650.92,5,4,4,13,5-4-4,High-Value Regulars
15606,26,8,789.95,4,5,4,13,4-5-4,High-Value Regulars
15607,179,8,1102.56,1,5,4,10,1-5-4,Dormant Spenders
15608,51,1,641.95,3,1,4,8,3-1-4,Big Spender Infrequent
15611,37,11,587.43,3,5,4,12,3-5-4,Loyal Mid-Tier
15613,246,1,305.5,1,1,2,4,1-1-2,Disengaged Low-Value
15614,73,4,710.08,2,4,4,10,2-4-4,Dormant Spenders
15615,26,23,6128.71,4,5,5,14,4-5-5,High-Value Regulars
15616,74,1,166.26,2,1,2,5,2-1-2,Disengaged Low-Value
15617,32,3,558.3,4,4,3,11,4-4-3,Loyal Mid-Tier
15620,45,1,304.01,3,1,2,6,3-1-2,Occasional Browsers
15622,63,8,3406.53,3,5,5,13,3-5-5,Loyal Mid-Tier
15623,29,7,1567.62,4,5,5,14,4-5-5,High-Value Regulars
15625,12,5,1499.34,5,4,5,14,5-4-5,High-Value Regulars
15626,57,1,376.6,3,1,3,7,3-1-3,Occasional Browsers
15627,93,2,296.42,2,3,2,7,2-3-2,Fading Customers
15628,2,9,2429.7,5,5,5,15,5-5-5,High-Value Regulars
15629,86,4,1076.0,2,4,4,10,2-4-4,Dormant Spenders
15630,280,1,295.05,1,1,2,4,1-1-2,Disengaged Low-Value
15631,278,1,508.39,1,1,3,5,1-1-3,Occasional Browsers
15633,145,12,2424.13,2,5,5,12,2-5-5,Dormant Spenders
15634,19,1,311.1,4,1,3,8,4-1-3,Promising Newcomers
15636,73,2,520.17,2,3,3,8,2-3-3,Fading Customers
15637,49,3,306.3,3,4,2,9,3-4-2,Occasional Browsers
15638,72,3,132.0,2,4,1,7,2-4-1,Occasional Browsers
15639,87,2,570.96,2,3,3,8,2-3-3,Fading Customers
15640,8,11,3261.88,5,5,5,15,5-5-5,High-Value Regulars
15641,32,8,2578.82,4,5,5,14,4-5-5,High-Value Regulars
15645,50,2,196.21,3,3,2,8,3-3-2,Fading Customers
15646,8,3,453.57,5,4,3,12,5-4-3,Loyal Mid-Tier
15647,51,1,169.0,3,1,2,6,3-1-2,Occasional Browsers
15649,23,1,35.6,4,1,1,6,4-1-1,Promising Newcomers
15650,157,2,451.33,2,3,3,8,2-3-3,Fading Customers
15651,56,2,325.4,3,3,3,9,3-3-3,Loyal Mid-Tier
15652,23,4,531.35,4,4,3,11,4-4-3,Loyal Mid-Tier
15658,8,4,1069.57,5,4,4,13,5-4-4,High-Value Regulars
15659,22,2,83.04,4,3,1,8,4-3-1,Occasional Browsers
15660,1,7,968.92,5,5,4,14,5-5-4,High-Value Regulars
15661,15,6,422.07,5,5,3,13,5-5-3,Loyal Mid-Tier
15662,297,2,145.42,1,3,1,5,1-3-1,Occasional Browsers
15664,85,3,705.85,2,4,4,10,2-4-4,Dormant Spenders
15665,47,3,1491.86,3,4,5,12,3-4-5,Loyal Mid-Tier
15666,108,2,506.33,2,3,3,8,2-3-3,Fading Customers
15670,192,1,80.0,1,1,1,3,1-1-1,Disengaged Low-Value
15672,361,1,32.55,1,1,1,3,1-1-1,Disengaged Low-Value
15673,87,5,1827.17,2,4,5,11,2-4-5,Dormant Spenders
15674,53,8,3319.89,3,5,5,13,3-5-5,Loyal Mid-Tier
15675,40,1,186.55,3,1,2,6,3-1-2,Occasional Browsers
15677,57,2,490.25,3,3,3,9,3-3-3,Loyal Mid-Tier
15678,31,2,979.27,4,3,4,11,4-3-4,Loyal Mid-Tier
15680,2,8,2729.94,5,5,5,15,5-5-5,High-Value Regulars
15681,15,5,401.9,5,4,3,12,5-4-3,Loyal Mid-Tier
15682,235,2,318.24,1,3,3,7,1-3-3,Occasional Browsers
15683,109,1,287.49,2,1,2,5,2-1-2,Disengaged Low-Value
15684,183,3,116.25,1,4,1,6,1-4-1,Occasional Browsers
15685,86,1,38.98,2,1,1,4,2-1-1,Disengaged Low-Value
15688,54,1,172.67,3,1,2,6,3-1-2,Occasional Browsers
15689,253,1,205.98,1,1,2,4,1-1-2,Disengaged Low-Value
15691,30,3,189.3,4,4,2,10,4-4-2,Occasional Browsers
15694,1,9,589.4,5,5,4,14,5-5-4,High-Value Regulars
15695,233,2,493.4,1,3,3,7,1-3-3,Occasional Browsers
15696,59,5,687.86,3,4,4,11,3-4-4,Loyal Mid-Tier
15697,325,1,219.9,1,1,2,4,1-1-2,Disengaged Low-Value
15698,260,1,15.0,1,1,1,3,1-1-1,Disengaged Low-Value
15702,112,1,86.72,2,1,1,4,2-1-1,Disengaged Low-Value
15704,138,2,1048.31,2,3,4,9,2-3-4,Fading Customers
15708,5,3,693.27,5,4,4,13,5-4-4,High-Value Regulars
15709,225,1,73.3,1,1,1,3,1-1-1,Disengaged Low-Value
15710,53,1,708.0,3,1,4,8,3-1-4,Big Spender Infrequent
15711,192,2,384.45,1,3,3,7,1-3-3,Occasional Browsers
15712,15,7,1742.35,5,5,5,15,5-5-5,High-Value Regulars
15713,2,3,511.94,5,4,3,12,5-4-3,Loyal Mid-Tier
15714,89,2,184.93,2,3,2,7,2-3-2,Fading Customers
15715,191,5,574.52,1,4,3,8,1-4-3,Occasional Browsers
15716,5,8,1533.83,5,5,5,15,5-5-5,High-Value Regulars
15717,57,4,338.3,3,4,3,10,3-4-3,Loyal Mid-Tier
15718,176,1,293.79,2,1,2,5,2-1-2,Disengaged Low-Value
15719,17,18,4407.25,4,5,5,14,4-5-5,High-Value Regulars
15720,186,1,91.39,1,1,1,3,1-1-1,Disengaged Low-Value
15722,81,5,895.5,2,4,4,10,2-4-4,Dormant Spenders
15723,47,3,456.86,3,4,3,10,3-4-3,Loyal Mid-Tier
15724,36,1,92.6,4,1,1,6,4-1-1,Promising Newcomers
15726,26,1,199.91,4,1,2,7,4-1-2,Promising Newcomers
15727,23,7,2966.75,4,5,5,14,4-5-5,High-Value Regulars
15728,15,2,166.6,5,3,2,10,5-3-2,Occasional Browsers
15729,36,2,107.55,4,3,1,8,4-3-1,Occasional Browsers
15730,17,2,525.95,4,3,3,10,4-3-3,Loyal Mid-Tier
15731,189,1,125.3,1,1,1,3,1-1-1,Disengaged Low-Value
15732,8,9,1236.66,5,5,4,14,5-5-4,High-Value Regulars
15734,72,2,167.3,2,3,2,7,2-3-2,Fading Customers
15735,57,1,293.78,3,1,2,6,3-1-2,Occasional Browsers
15736,71,2,1240.94,3,3,5,11,3-3-5,Loyal Mid-Tier
15738,8,26,3988.61,5,5,5,15,5-5-5,High-Value Regulars
15741,94,2,195.87,2,3,2,7,2-3-2,Fading Customers
15742,255,1,100.77,1,1,1,3,1-1-1,Disengaged Low-Value
15747,11,6,1171.57,5,5,4,14,5-5-4,High-Value Regulars
15748,85,2,51.1,2,3,1,6,2-3-1,Fading Customers
15750,2,12,3351.44,5,5,5,15,5-5-5,High-Value Regulars
15751,96,10,1000.72,2,5,4,11,2-5-4,Dormant Spenders
15752,8,3,1432.35,5,4,5,14,5-4-5,High-Value Regulars
15754,135,4,1453.34,2,4,5,11,2-4-5,Dormant Spenders
15755,15,11,3238.66,5,5,5,15,5-5-5,High-Value Regulars
15757,22,4,1779.19,4,4,5,13,4-4-5,High-Value Regulars
15759,147,3,115.65,2,4,1,7,2-4-1,Occasional Browsers
15761,78,1,37.95,2,1,1,4,2-1-1,Disengaged Low-Value
15764,70,2,974.32,3,3,4,10,3-3-4,Loyal Mid-Tier
15765,302,1,298.38,1,1,2,4,1-1-2,Disengaged Low-Value
15766,92,2,173.7,2,3,2,7,2-3-2,Fading Customers
15768,112,31,6742.22,2,5,5,12,2-5-5,Dormant Spenders
15769,10,1,30.6,5,1,1,7,5-1-1,Promising Newcomers
15770,248,1,283.2,1,1,2,4,1-1-2,Disengaged Low-Value
15771,240,3,368.65,1,4,3,8,1-4-3,Occasional Browsers
15772,54,1,224.08,3,1,2,6,3-1-2,Occasional Browsers
15773,45,1,122.94,3,1,1,5,3-1-1,Occasional Browsers
15774,54,5,749.84,3,4,4,11,3-4-4,Loyal Mid-Tier
15777,32,3,162.0,4,4,2,10,4-4-2,Occasional Browsers
15778,67,1,282.45,3,1,2,6,3-1-2,Occasional Browsers
15779,99,2,85.83,2,3,1,6,2-3-1,Fading Customers
15782,66,1,154.5,3,1,1,5,3-1-1,Occasional Browsers
15784,103,2,533.48,2,3,3,8,2-3-3,Fading Customers
15785,15,11,1555.65,5,5,5,15,5-5-5,High-Value Regulars
15786,53,2,2828.3,3,3,5,11,3-3-5,Loyal Mid-Tier
15788,144,1,157.33,2,1,1,4,2-1-1,Disengaged Low-Value
15789,67,5,1157.66,3,4,4,11,3-4-4,Loyal Mid-Tier
15791,165,3,1479.32,2,4,5,11,2-4-5,Dormant Spenders
15792,35,2,888.12,4,3,4,11,4-3-4,Loyal Mid-Tier
15793,14,5,120.0,5,4,1,10,5-4-1,Occasional Browsers
15794,373,1,123.15,1,1,1,3,1-1-1,Disengaged Low-Value
15795,66,7,1298.38,3,5,5,13,3-5-5,Loyal Mid-Tier
15796,10,9,1467.52,5,5,5,15,5-5-5,High-Value Regulars
15798,128,3,1382.28,2,4,5,11,2-4-5,Dormant Spenders
15799,54,1,387.68,3,1,3,7,3-1-3,Occasional Browsers
15800,89,5,306.63,2,4,2,8,2-4-2,Occasional Browsers
15803,81,2,515.7,2,3,3,8,2-3-3,Fading Customers
15805,21,13,3391.73,4,5,5,14,4-5-5,High-Value Regulars
15807,44,2,653.88,3,3,4,10,3-3-4,Loyal Mid-Tier
15808,5,18,6905.36,5,5,5,15,5-5-5,High-Value Regulars
15809,95,2,257.04,2,3,2,7,2-3-2,Fading Customers
15810,22,4,1069.76,4,4,4,12,4-4-4,High-Value Regulars
15811,1,2,1202.08,5,3,4,12,5-3-4,Loyal Mid-Tier
15812,71,7,425.02,3,5,3,11,3-5-3,Loyal Mid-Tier
15814,29,2,380.51,4,3,3,10,4-3-3,Loyal Mid-Tier
15816,178,2,93.3,1,3,1,5,1-3-1,Occasional Browsers
15817,56,3,2279.4,3,4,5,12,3-4-5,Loyal Mid-Tier
15818,224,1,123.5,1,1,1,3,1-1-1,Disengaged Low-Value
15819,67,6,1902.06,3,5,5,13,3-5-5,Loyal Mid-Tier
15822,129,4,441.09,2,4,3,9,2-4-3,Occasional Browsers
15823,367,1,2400.67,1,1,5,7,1-1-5,Dormant Spenders
15824,89,2,249.3,2,3,2,7,2-3-2,Fading Customers
15826,204,1,509.26,1,1,3,5,1-1-3,Occasional Browsers
15827,8,15,1021.68,5,5,4,14,5-5-4,High-Value Regulars
15828,11,1,692.57,5,1,4,10,5-1-4,Promising Newcomers
15833,373,1,80.4,1,1,1,3,1-1-1,Disengaged Low-Value
15834,12,3,1302.94,5,4,5,14,5-4-5,High-Value Regulars
15837,121,1,322.38,2,1,3,6,2-1-3,Occasional Browsers
15841,22,4,350.9,4,4,3,11,4-4-3,Loyal Mid-Tier
15842,29,2,389.68,4,3,3,10,4-3-3,Loyal Mid-Tier
15845,172,3,499.96,2,4,3,9,2-4-3,Occasional Browsers
15846,21,1,107.01,4,1,1,6,4-1-1,Promising Newcomers
15847,64,3,356.8,3,4,3,10,3-4-3,Loyal Mid-Tier
15848,257,1,121.04,1,1,1,3,1-1-1,Disengaged Low-Value
15850,12,4,611.18,5,4,4,13,5-4-4,High-Value Regulars
15851,162,1,70.73,2,1,1,4,2-1-1,Disengaged Low-Value
15852,162,1,9.35,2,1,1,4,2-1-1,Disengaged Low-Value
15854,12,8,1083.77,5,5,4,14,5-5-4,High-Value Regulars
15855,112,1,128.8,2,1,1,4,2-1-1,Disengaged Low-Value
15856,1,26,4479.82,5,5,5,15,5-5-5,High-Value Regulars
15857,66,1,73.08,3,1,1,5,3-1-1,Occasional Browsers
15858,3,9,1845.58,5,5,5,15,5-5-5,High-Value Regulars
15859,68,1,244.16,3,1,2,6,3-1-2,Occasional Browsers
15860,4,10,1196.08,5,5,4,14,5-5-4,High-Value Regulars
15861,92,4,1037.64,2,4,4,10,2-4-4,Dormant Spenders
15862,9,10,1577.82,5,5,5,15,5-5-5,High-Value Regulars
15863,253,3,245.11,1,4,2,7,1-4-2,Occasional Browsers
15864,17,1,12.6,4,1,1,6,4-1-1,Promising Newcomers
15865,49,2,930.03,3,3,4,10,3-3-4,Loyal Mid-Tier
15867,5,16,3746.16,5,5,5,15,5-5-5,High-Value Regulars
15868,219,1,41.43,1,1,1,3,1-1-1,Disengaged Low-Value
15869,262,1,171.47,1,1,2,4,1-1-2,Disengaged Low-Value
15870,32,3,291.47,4,4,2,10,4-4-2,Occasional Browsers
15871,73,1,6.7,2,1,1,4,2-1-1,Disengaged Low-Value
15872,14,2,306.7,5,3,2,10,5-3-2,Occasional Browsers
15874,23,12,2977.81,4,5,5,14,4-5-5,High-Value Regulars
15875,282,1,108.52,1,1,1,3,1-1-1,Disengaged Low-Value
15878,197,2,206.06,1,3,2,6,1-3-2,Occasional Browsers
15879,40,3,733.91,3,4,4,11,3-4-4,Loyal Mid-Tier
15880,5,1,292.18,5,1,2,8,5-1-2,Promising Newcomers
15882,4,5,518.65,5,4,3,12,5-4-3,Loyal Mid-Tier
15884,68,2,96.7,3,3,1,7,3-3-1,Fading Customers
15885,52,9,578.07,3,5,3,11,3-5-3,Loyal Mid-Tier
15886,52,3,391.3,3,4,3,10,3-4-3,Loyal Mid-Tier
15887,191,1,383.15,1,1,3,5,1-1-3,Occasional Browsers
15888,36,2,139.0,4,3,1,8,4-3-1,Occasional Browsers
15889,5,7,1069.23,5,5,4,14,5-5-4,High-Value Regulars
15890,30,3,96.65,4,4,1,9,4-4-1,Occasional Browsers
15892,305,1,94.75,1,1,1,3,1-1-1,Disengaged Low-Value
15894,5,1,143.49,5,1,1,7,5-1-1,Promising Newcomers
15898,3,22,3581.73,5,5,5,15,5-5-5,High-Value Regulars
15899,4,1,43.5,5,1,1,7,5-1-1,Promising Newcomers
15900,49,3,370.73,3,4,3,10,3-4-3,Loyal Mid-Tier
15901,87,2,291.24,2,3,2,7,2-3-2,Fading Customers
15902,16,1,107.85,4,1,1,6,4-1-1,Promising Newcomers
15903,113,1,61.2,2,1,1,4,2-1-1,Disengaged Low-Value
15905,179,1,98.79,1,1,1,3,1-1-1,Disengaged Low-Value
15906,10,3,350.1,5,4,3,12,5-4-3,Loyal Mid-Tier
15908,148,1,146.39,2,1,1,4,2-1-1,Disengaged Low-Value
15910,36,7,1256.43,4,5,5,14,4-5-5,High-Value Regulars
15911,259,8,1482.24,1,5,5,11,1-5-5,Dormant Spenders
15912,72,7,435.32,2,5,3,10,2-5-3,Occasional Browsers
15913,170,1,6.3,2,1,1,4,2-1-1,Disengaged Low-Value
15914,14,2,44.73,5,3,1,9,5-3-1,Occasional Browsers
15915,37,1,286.26,3,1,2,6,3-1-2,Occasional Browsers
15916,2,6,1262.03,5,5,5,15,5-5-5,High-Value Regulars
15917,242,4,348.27,1,4,3,8,1-4-3,Occasional Browsers
15918,267,1,248.65,1,1,2,4,1-1-2,Disengaged Low-Value
15919,4,1,172.13,5,2,2,9,5-2-2,Promising Newcomers
15920,60,4,173.14,3,4,2,9,3-4-2,Occasional Browsers
15921,32,3,283.48,4,4,2,10,4-4-2,Occasional Browsers
15922,9,1,167.6,5,2,2,9,5-2-2,Promising Newcomers
15923,8,1,78.3,5,2,1,8,5-2-1,Promising Newcomers
15924,367,1,77.75,1,2,1,4,1-2-1,Disengaged Low-Value
15926,178,1,82.54,1,2,1,4,1-2-1,Disengaged Low-Value
15927,283,1,93.1,1,2,1,4,1-2-1,Disengaged Low-Value
15928,292,1,101.53,1,2,1,4,1-2-1,Disengaged Low-Value
15931,64,1,199.95,3,2,2,7,3-2-2,Fading Customers
15934,53,1,29.52,3,2,1,6,3-2-1,Fading Customers
15936,15,2,241.39,5,3,2,10,5-3-2,Occasional Browsers
15938,92,4,310.33,2,4,2,8,2-4-2,Occasional Browsers
15939,10,1,690.04,5,2,4,11,5-2-4,Promising Newcomers
15943,285,2,232.14,1,3,2,6,1-3-2,Occasional Browsers
15944,29,3,317.4,4,4,3,11,4-4-3,Loyal Mid-Tier
15945,1,4,186.41,5,4,2,11,5-4-2,Occasional Browsers
15946,138,1,15.0,2,2,1,5,2-2-1,Fading Customers
15948,60,1,530.45,3,2,3,8,3-2-3,Fading Customers
15950,11,6,2983.98,5,5,5,15,5-5-5,High-Value Regulars
15951,17,1,229.45,4,2,2,8,4-2-2,Promising Newcomers
15953,5,10,699.43,5,5,4,14,5-5-4,High-Value Regulars
15954,225,1,151.75,1,2,1,4,1-2-1,Disengaged Low-Value
15955,8,8,3129.62,5,5,5,15,5-5-5,High-Value Regulars
15956,187,1,249.95,1,2,2,5,1-2-2,Disengaged Low-Value
15957,56,2,475.46,3,3,3,9,3-3-3,Loyal Mid-Tier
15958,39,3,313.02,3,4,3,10,3-4-3,Loyal Mid-Tier
15959,318,2,403.39,1,3,3,7,1-3-3,Occasional Browsers
15960,10,4,303.45,5,4,2,11,5-4-2,Occasional Browsers
15961,15,1,183.92,5,2,2,9,5-2-2,Promising Newcomers
15962,85,1,280.98,2,2,2,6,2-2-2,Fading Customers
15964,299,1,269.21,1,2,2,5,1-2-2,Disengaged Low-Value
15965,3,8,1508.31,5,5,5,15,5-5-5,High-Value Regulars
15966,86,1,426.53,2,2,3,7,2-2-3,Fading Customers
15967,15,10,2074.87,5,5,5,15,5-5-5,High-Value Regulars
15968,24,1,295.1,4,2,2,8,4-2-2,Promising Newcomers
15969,61,2,177.9,3,3,2,8,3-3-2,Fading Customers
15970,234,1,182.72,1,2,2,5,1-2-2,Disengaged Low-Value
15972,92,4,1128.53,2,4,4,10,2-4-4,Dormant Spenders
15973,2,2,104.6,5,3,1,9,5-3-1,Occasional Browsers
15976,46,4,1027.22,3,4,4,11,3-4-4,Loyal Mid-Tier
15978,68,2,1121.32,3,3,4,10,3-3-4,Loyal Mid-Tier
15979,238,1,291.3,1,2,2,5,1-2-2,Disengaged Low-Value
15980,126,3,548.0,2,4,3,9,2-4-3,Occasional Browsers
15981,101,6,2110.99,2,5,5,12,2-5-5,Dormant Spenders
15982,241,1,255.91,1,2,2,5,1-2-2,Disengaged Low-Value
15983,1,6,1654.75,5,5,5,15,5-5-5,High-Value Regulars
15984,4,17,3025.27,5,5,5,15,5-5-5,High-Value Regulars
15985,72,5,1084.34,2,4,4,10,2-4-4,Dormant Spenders
15986,17,1,186.3,4,2,2,8,4-2-2,Promising Newcomers
15987,4,2,208.75,5,3,2,10,5-3-2,Occasional Browsers
15988,187,2,523.96,1,3,3,7,1-3-3,Occasional Browsers
15989,11,2,277.22,5,3,2,10,5-3-2,Occasional Browsers
15990,130,5,981.49,2,4,4,10,2-4-4,Dormant Spenders
15991,170,1,42.1,2,2,1,5,2-2-1,Fading Customers
15992,32,2,821.71,4,3,4,11,4-3-4,Loyal Mid-Tier
15994,47,2,624.85,3,3,4,10,3-3-4,Loyal Mid-Tier
15995,50,1,464.44,3,2,3,8,3-2-3,Fading Customers
15996,2,2,451.93,5,3,3,11,5-3-3,Loyal Mid-Tier
15998,29,11,4458.26,4,5,5,14,4-5-5,High-Value Regulars
15999,371,1,20.4,1,2,1,4,1-2-1,Disengaged Low-Value
16001,17,1,499.84,4,2,3,9,4-2-3,Promising Newcomers
16002,261,1,148.51,1,2,1,4,1-2-1,Disengaged Low-Value
16003,17,4,1296.27,4,4,5,13,4-4-5,High-Value Regulars
16004,110,5,1444.9,2,4,5,11,2-4-5,Dormant Spenders
16005,11,6,1573.63,5,5,5,15,5-5-5,High-Value Regulars
16006,23,1,215.52,4,2,2,8,4-2-2,Promising Newcomers
16007,19,3,1251.57,4,4,5,13,4-4-5,High-Value Regulars
16008,18,12,2785.24,4,5,5,14,4-5-5,High-Value Regulars
16010,12,8,1302.46,5,5,5,15,5-5-5,High-Value Regulars
16011,2,14,2083.2,5,5,5,15,5-5-5,High-Value Regulars
16012,37,2,1379.4,3,3,5,11,3-3-5,Loyal Mid-Tier
16013,330,1,220.2,1,2,2,5,1-2-2,Disengaged Low-Value
16014,44,2,409.15,3,3,3,9,3-3-3,Loyal Mid-Tier
16016,2,4,736.71,5,4,4,13,5-4-4,High-Value Regulars
16017,53,4,1118.1,3,4,4,11,3-4-4,Loyal Mid-Tier
16018,32,2,126.63,4,3,1,8,4-3-1,Occasional Browsers
16019,28,13,1302.71,4,5,5,14,4-5-5,High-Value Regulars
16021,31,2,386.68,4,3,3,10,4-3-3,Loyal Mid-Tier
16024,47,2,51.96,3,3,1,7,3-3-1,Fading Customers
16027,217,3,96.0,1,4,1,6,1-4-1,Occasional Browsers
16028,231,1,65.2,1,2,1,4,1-2-1,Disengaged Low-Value
16032,92,6,1813.01,2,5,5,12,2-5-5,Dormant Spenders
16033,5,8,1194.78,5,5,4,14,5-5-4,High-Value Regulars
16034,30,2,281.92,4,3,2,9,4-3-2,Occasional Browsers
16035,196,1,82.43,1,2,1,4,1-2-1,Disengaged Low-Value
16036,60,2,1024.27,3,3,4,10,3-3-4,Loyal Mid-Tier
16037,180,2,454.82,1,3,3,7,1-3-3,Occasional Browsers
16039,59,2,438.5,3,3,3,9,3-3-3,Loyal Mid-Tier
16040,66,4,915.2,3,4,4,11,3-4-4,Loyal Mid-Tier
16042,15,3,824.28,5,4,4,13,5-4-4,High-Value Regulars
16043,18,3,423.6,4,4,3,11,4-4-3,Loyal Mid-Tier
16044,71,1,307.94,3,2,2,7,3-2-2,Fading Customers
16045,52,4,891.4,3,4,4,11,3-4-4,Loyal Mid-Tier
16046,198,1,168.79,1,2,2,5,1-2-2,Disengaged Low-Value
16048,9,4,579.99,5,4,3,12,5-4-3,Loyal Mid-Tier
16049,11,3,591.19,5,4,4,13,5-4-4,High-Value Regulars
16050,19,2,145.8,4,3,1,8,4-3-1,Occasional Browsers
16051,317,1,188.44,1,2,2,5,1-2-2,Disengaged Low-Value
16053,49,4,1502.21,3,4,5,12,3-4-5,Loyal Mid-Tier
16054,54,3,620.81,3,4,4,11,3-4-4,Loyal Mid-Tier
16057,155,3,1407.38,2,4,5,11,2-4-5,Dormant Spenders
16058,42,1,17.7,3,2,1,6,3-2-1,Fading Customers
16059,3,7,1531.21,5,5,5,15,5-5-5,High-Value Regulars
16060,66,2,332.15,3,3,3,9,3-3-3,Loyal Mid-Tier
16061,67,1,29.75,3,2,1,6,3-2-1,Fading Customers
16062,15,4,1346.57,5,4,5,14,5-4-5,High-Value Regulars
16064,361,1,93.41,1,2,1,4,1-2-1,Disengaged Low-Value
16065,1,8,1774.88,5,5,5,15,5-5-5,High-Value Regulars
16067,198,3,558.21,1,4,3,8,1-4-3,Occasional Browsers
16068,229,1,97.28,1,2,1,4,1-2-1,Disengaged Low-Value
16069,53,1,220.4,3,2,2,7,3-2-2,Fading Customers
16071,163,3,739.61,2,4,4,10,2-4-4,Dormant Spenders
16072,64,3,2416.77,3,4,5,12,3-4-5,Loyal Mid-Tier
16074,26,1,102.35,4,2,1,7,4-2-1,Promising Newcomers
16075,138,2,515.23,2,3,3,8,2-3-3,Fading Customers
16078,305,1,278.75,1,2,2,5,1-2-2,Disengaged Low-Value
16080,21,2,307.05,4,3,2,9,4-3-2,Occasional Browsers
16081,2,4,1295.13,5,4,5,14,5-4-5,High-Value Regulars
16082,306,1,66.85,1,2,1,4,1-2-1,Disengaged Low-Value
16083,18,2,571.2,4,3,3,10,4-3-3,Loyal Mid-Tier
16085,16,7,1063.52,4,5,4,13,4-5-4,High-Value Regulars
16086,3,6,1141.15,5,5,4,14,5-5-4,High-Value Regulars
16088,227,1,33.75,1,2,1,4,1-2-1,Disengaged Low-Value
16089,22,2,213.69,4,3,2,9,4-3-2,Occasional Browsers
16090,260,1,129.56,1,2,1,4,1-2-1,Disengaged Low-Value
16092,140,3,493.84,2,4,3,9,2-4-3,Occasional Browsers
16094,11,7,1435.03,5,5,5,15,5-5-5,High-Value Regulars
16095,92,1,447.05,2,2,3,7,2-2-3,Fading Customers
16096,52,3,594.45,3,4,4,11,3-4-4,Loyal Mid-Tier
16098,9,8,976.53,5,5,4,14,5-5-4,High-Value Regulars
16099,53,3,250.6,3,4,2,9,3-4-2,Occasional Browsers
16100,98,1,565.64,2,2,3,7,2-2-3,Fading Customers
16101,70,3,1577.11,3,4,5,12,3-4-5,Loyal Mid-Tier
16103,25,16,1869.36,4,5,5,14,4-5-5,High-Value Regulars
16104,54,8,1455.24,3,5,5,13,3-5-5,Loyal Mid-Tier
16105,74,4,1426.03,2,4,5,11,2-4-5,Dormant Spenders
16108,70,3,1239.67,3,4,5,12,3-4-5,Loyal Mid-Tier
16109,334,1,75.6,1,2,1,4,1-2-1,Disengaged Low-Value
16110,158,1,302.35,2,2,2,6,2-2-2,Fading Customers
16111,64,1,418.83,3,2,3,8,3-2-3,Fading Customers
16115,33,4,850.02,4,4,4,12,4-4-4,High-Value Regulars
16117,38,2,353.34,3,3,3,9,3-3-3,Loyal Mid-Tier
16118,288,1,67.44,1,2,1,4,1-2-1,Disengaged Low-Value
16119,30,5,535.63,4,4,3,11,4-4-3,Loyal Mid-Tier
16120,58,2,251.57,3,3,2,8,3-3-2,Fading Customers
16121,26,3,515.83,4,4,3,11,4-4-3,Loyal Mid-Tier
16122,2,3,303.06,5,4,2,11,5-4-2,Occasional Browsers
16124,54,3,1125.09,3,4,4,11,3-4-4,Loyal Mid-Tier
16125,3,14,3259.59,5,5,5,15,5-5-5,High-Value Regulars
16126,15,11,2973.39,5,5,5,15,5-5-5,High-Value Regulars
16127,362,1,116.41,1,2,1,4,1-2-1,Disengaged Low-Value
16128,16,5,1461.19,4,4,5,13,4-4-5,High-Value Regulars
16129,43,3,1137.99,3,4,4,11,3-4-4,Loyal Mid-Tier
16130,58,4,588.73,3,4,4,11,3-4-4,Loyal Mid-Tier
16131,11,4,1346.89,5,4,5,14,5-4-5,High-Value Regulars
16132,180,2,153.8,1,3,1,5,1-3-1,Occasional Browsers
16133,12,17,1681.21,5,5,5,15,5-5-5,High-Value Regulars
16134,59,3,1239.74,3,4,5,12,3-4-5,Loyal Mid-Tier
16135,219,1,264.5,1,2,2,5,1-2-2,Disengaged Low-Value
16136,299,1,97.5,1,2,1,4,1-2-1,Disengaged Low-Value
16137,316,1,382.2,1,2,3,6,1-2-3,Occasional Browsers
16138,14,3,393.5,5,4,3,12,5-4-3,Loyal Mid-Tier
16139,358,2,425.73,1,3,3,7,1-3-3,Occasional Browsers
16140,7,2,577.66,5,3,3,11,5-3-3,Loyal Mid-Tier
16141,53,1,219.89,3,2,2,7,3-2-2,Fading Customers
16143,5,7,1842.59,5,5,5,15,5-5-5,High-Value Regulars
16145,24,8,2301.26,4,5,5,14,4-5-5,High-Value Regulars
16146,84,1,212.25,2,2,2,6,2-2-2,Fading Customers
16147,36,4,1589.18,4,4,5,13,4-4-5,High-Value Regulars
16148,72,1,70.2,2,2,1,5,2-2-1,Fading Customers
16149,65,1,105.22,3,2,1,6,3-2-1,Fading Customers
16150,8,6,1767.27,5,5,5,15,5-5-5,High-Value Regulars
16153,56,6,2177.38,3,5,5,13,3-5-5,Loyal Mid-Tier
16155,17,5,646.45,4,4,4,12,4-4-4,High-Value Regulars
16156,18,10,1910.26,4,5,5,14,4-5-5,High-Value Regulars
16158,158,7,347.5,2,5,3,10,2-5-3,Occasional Browsers
16159,106,3,817.54,2,4,4,10,2-4-4,Dormant Spenders
16161,4,25,6036.65,5,5,5,15,5-5-5,High-Value Regulars
16163,1,5,721.88,5,4,4,13,5-4-4,High-Value Regulars
16166,64,2,339.38,3,3,3,9,3-3-3,Loyal Mid-Tier
16167,50,5,794.43,3,4,4,11,3-4-4,Loyal Mid-Tier
16168,5,35,2591.7,5,5,5,15,5-5-5,High-Value Regulars
16170,31,14,4223.12,4,5,5,14,4-5-5,High-Value Regulars
16172,109,2,666.25,2,3,4,9,2-3-4,Fading Customers
16174,127,4,753.7,2,4,4,10,2-4-4,Dormant Spenders
16175,107,3,581.45,2,4,3,9,2-4-3,Occasional Browsers
16176,57,3,902.04,3,4,4,11,3-4-4,Loyal Mid-Tier
16177,72,7,1663.01,2,5,5,12,2-5-5,Dormant Spenders
16178,37,1,235.84,3,2,2,7,3-2-2,Fading Customers
16180,114,5,2315.35,2,4,5,11,2-4-5,Dormant Spenders
16182,226,1,40.08,1,2,1,4,1-2-1,Disengaged Low-Value
16183,30,3,417.5,4,4,3,11,4-4-3,Loyal Mid-Tier
16185,200,1,104.36,1,2,1,4,1-2-1,Disengaged Low-Value
16186,8,15,4425.2,5,5,5,15,5-5-5,High-Value Regulars
16188,44,1,95.85,3,2,1,6,3-2-1,Fading Customers
16190,30,7,1688.85,4,5,5,14,4-5-5,High-Value Regulars
16191,53,4,336.65,3,4,3,10,3-4-3,Loyal Mid-Tier
16192,371,1,129.6,1,2,1,4,1-2-1,Disengaged Low-Value
16193,46,1,301.03,3,2,2,7,3-2-2,Fading Customers
16194,11,1,80.4,5,2,1,8,5-2-1,Promising Newcomers
16195,359,1,323.25,1,2,3,6,1-2-3,Occasional Browsers
16196,124,1,93.3,2,2,1,5,2-2-1,Fading Customers
16197,105,8,1184.56,2,5,4,11,2-5-4,Dormant Spenders
16198,73,1,381.51,2,2,3,7,2-2-3,Fading Customers
16199,107,1,29.7,2,2,1,5,2-2-1,Fading Customers
16200,18,10,3596.92,4,5,5,14,4-5-5,High-Value Regulars
16201,51,1,207.25,3,2,2,7,3-2-2,Fading Customers
16202,53,8,1372.95,3,5,5,13,3-5-5,Loyal Mid-Tier
16203,8,3,441.28,5,4,3,12,5-4-3,Loyal Mid-Tier
16204,16,2,411.64,4,3,3,10,4-3-3,Loyal Mid-Tier
16205,32,3,625.42,4,4,4,12,4-4-4,High-Value Regulars
16206,23,9,1594.04,4,5,5,14,4-5-5,High-Value Regulars
16208,30,8,2021.34,4,5,5,14,4-5-5,High-Value Regulars
16209,18,1,205.3,4,2,2,8,4-2-2,Promising Newcomers
16210,4,11,1271.99,5,5,5,15,5-5-5,High-Value Regulars
16211,74,1,243.57,2,2,2,6,2-2-2,Fading Customers
16212,254,2,540.32,1,3,3,7,1-3-3,Occasional Browsers
16214,71,1,706.5,3,2,4,9,3-2-4,Fading Customers
16218,9,7,1181.87,5,5,4,14,5-5-4,High-Value Regulars
16221,3,7,928.09,5,5,4,14,5-5-4,High-Value Regulars
16222,357,1,389.15,1,2,3,6,1-2-3,Occasional Browsers
16223,10,2,868.5,5,3,4,12,5-3-4,Loyal Mid-Tier
16224,23,1,147.3,4,2,1,7,4-2-1,Promising Newcomers
16225,38,10,1469.79,3,5,5,13,3-5-5,Loyal Mid-Tier
16226,14,2,346.05,5,3,3,11,5-3-3,Loyal Mid-Tier
16227,130,2,360.1,2,3,3,8,2-3-3,Fading Customers
16228,21,3,397.79,4,4,3,11,4-4-3,Loyal Mid-Tier
16229,17,4,1492.46,4,4,5,13,4-4-5,High-Value Regulars
16231,15,4,696.05,5,4,4,13,5-4-4,High-Value Regulars
16232,56,3,870.49,3,4,4,11,3-4-4,Loyal Mid-Tier
16233,15,6,615.68,5,5,4,14,5-5-4,High-Value Regulars
16234,112,2,191.88,2,3,2,7,2-3-2,Fading Customers
16235,11,4,841.45,5,4,4,13,5-4-4,High-Value Regulars
16237,73,1,104.85,2,2,1,5,2-2-1,Fading Customers
16238,58,1,63.66,3,2,1,6,3-2-1,Fading Customers
16239,18,3,129.6,4,4,1,9,4-4-1,Occasional Browsers
16241,5,4,1293.65,5,4,5,14,5-4-5,High-Value Regulars
16242,17,6,3043.26,4,5,5,14,4-5-5,High-Value Regulars
16244,8,1,1024.83,5,2,4,11,5-2-4,Promising Newcomers
16246,95,2,670.25,2,3,4,9,2-3-4,Fading Customers
16250,9,2,338.34,5,3,3,11,5-3-3,Loyal Mid-Tier
16251,148,1,104.46,2,2,1,5,2-2-1,Fading Customers
16252,18,1,251.14,4,2,2,8,4-2-2,Promising Newcomers
16253,56,5,2027.59,3,4,5,12,3-4-5,Loyal Mid-Tier
16254,14,3,780.97,5,4,4,13,5-4-4,High-Value Regulars
16255,1,8,1788.34,5,5,5,15,5-5-5,High-Value Regulars
16256,129,1,57.6,2,2,1,5,2-2-1,Fading Customers
16258,23,9,2773.74,4,5,5,14,4-5-5,High-Value Regulars
16259,46,3,314.39,3,4,3,10,3-4-3,Loyal Mid-Tier
16261,22,2,312.62,4,3,3,10,4-3-3,Loyal Mid-Tier
16262,14,1,588.55,5,2,4,11,5-2-4,Promising Newcomers
16263,59,1,155.68,3,2,1,6,3-2-1,Fading Customers
16264,74,2,654.58,2,3,4,9,2-3-4,Fading Customers
16265,22,3,835.47,4,4,4,12,4-4-4,High-Value Regulars
16266,59,5,494.11,3,4,3,10,3-4-3,Loyal Mid-Tier
16267,227,1,41.1,1,2,1,4,1-2-1,Disengaged Low-Value
16269,73,1,662.25,2,2,4,8,2-2-4,Fading Customers
16271,106,4,1703.86,2,4,5,11,2-4-5,Dormant Spenders
16273,292,1,79.89,1,2,1,4,1-2-1,Disengaged Low-Value
16274,9,1,195.45,5,2,2,9,5-2-2,Promising Newcomers
16275,110,2,1236.58,2,3,4,9,2-3-4,Fading Customers
16276,115,2,151.28,2,3,1,6,2-3-1,Fading Customers
16277,369,1,62.94,1,2,1,4,1-2-1,Disengaged Low-Value
16278,116,2,298.96,2,3,2,7,2-3-2,Fading Customers
16279,21,6,3185.58,4,5,5,14,4-5-5,High-Value Regulars
16280,361,1,202.25,1,2,2,5,1-2-2,Disengaged Low-Value
16281,59,1,187.8,3,2,2,7,3-2-2,Fading Customers
16282,123,2,159.35,2,3,1,6,2-3-1,Fading Customers
16283,54,3,2435.15,3,4,5,12,3-4-5,Loyal Mid-Tier
16284,29,1,205.8,4,2,2,8,4-2-2,Promising Newcomers
16285,282,1,176.9,1,2,2,5,1-2-2,Disengaged Low-Value
16286,113,2,235.75,2,3,2,7,2-3-2,Fading Customers
16287,12,4,381.9,5,4,3,12,5-4-3,Loyal Mid-Tier
16288,106,1,39.5,2,2,1,5,2-2-1,Fading Customers
16289,98,1,95.06,2,2,1,5,2-2-1,Fading Customers
16290,100,4,1062.25,2,4,4,10,2-4-4,Dormant Spenders
16292,16,4,428.0,4,4,3,11,4-4-3,Loyal Mid-Tier
16293,3,6,1887.11,5,5,5,15,5-5-5,High-Value Regulars
16294,112,1,126.05,2,2,1,5,2-2-1,Fading Customers
16296,262,4,1117.97,1,4,4,9,1-4-4,Dormant Spenders
16298,33,3,218.15,4,4,2,10,4-4-2,Occasional Browsers
16299,113,1,193.65,2,2,2,6,2-2-2,Fading Customers
16300,66,3,1250.72,3,4,5,12,3-4-5,Loyal Mid-Tier
16301,372,1,107.33,1,2,1,4,1-2-1,Disengaged Low-Value
16303,28,4,2211.64,4,4,5,13,4-4-5,High-Value Regulars
16304,330,1,357.79,1,2,3,6,1-2-3,Occasional Browsers
16306,3,2,417.75,5,3,3,11,5-3-3,Loyal Mid-Tier
16307,65,3,979.76,3,4,4,11,3-4-4,Loyal Mid-Tier
16310,50,2,421.83,3,3,3,9,3-3-3,Loyal Mid-Tier
16312,68,1,158.4,3,2,1,6,3-2-1,Fading Customers
16314,25,3,786.8,4,4,4,12,4-4-4,High-Value Regulars
16315,172,1,106.89,2,2,1,5,2-2-1,Fading Customers
16316,16,5,1836.55,4,4,5,13,4-4-5,High-Value Regulars
16317,186,2,607.81,1,3,4,8,1-3-4,Dormant Spenders
16320,89,4,2504.8,2,4,5,11,2-4-5,Dormant Spenders
16321,262,2,230.9,1,3,2,6,1-3-2,Occasional Browsers
16325,64,8,1532.85,3,5,5,13,3-5-5,Loyal Mid-Tier
16326,19,9,1210.38,4,5,4,13,4-5-4,High-Value Regulars
16327,5,11,5859.81,5,5,5,15,5-5-5,High-Value Regulars
16328,199,1,310.83,1,2,3,6,1-2-3,Occasional Browsers
16329,63,4,651.77,3,4,4,11,3-4-4,Loyal Mid-Tier
16330,60,4,356.02,3,4,3,10,3-4-3,Loyal Mid-Tier
16331,68,5,412.05,3,4,3,10,3-4-3,Loyal Mid-Tier
16332,67,3,319.54,3,4,3,10,3-4-3,Loyal Mid-Tier
16334,128,1,234.36,2,2,2,6,2-2-2,Fading Customers
16335,187,7,2065.32,1,5,5,11,1-5-5,Dormant Spenders
16336,94,3,638.06,2,4,4,10,2-4-4,Dormant Spenders
16340,75,2,896.68,2,3,4,9,2-3-4,Fading Customers
16341,73,3,1094.34,2,4,4,10,2-4-4,Dormant Spenders
16343,43,1,181.39,3,2,2,7,3-2-2,Fading Customers
16344,145,3,725.42,2,4,4,10,2-4-4,Dormant Spenders
16345,119,1,596.33,2,2,4,8,2-2-4,Fading Customers
16346,21,1,207.0,4,2,2,8,4-2-2,Promising Newcomers
16347,24,8,1802.65,4,5,5,14,4-5-5,High-Value Regulars
16348,66,1,265.29,3,2,2,7,3-2-2,Fading Customers
16350,10,4,841.81,5,4,4,13,5-4-4,High-Value Regulars
16351,47,12,2798.03,3,5,5,13,3-5-5,Loyal Mid-Tier
16353,10,10,1091.75,5,5,4,14,5-5-4,High-Value Regulars
16354,15,3,628.4,5,4,4,13,5-4-4,High-Value Regulars
16355,11,1,299.4,5,2,2,9,5-2-2,Promising Newcomers
16356,12,3,204.1,5,4,2,11,5-4-2,Occasional Browsers
16357,17,1,169.89,4,2,2,8,4-2-2,Promising Newcomers
16358,30,1,614.53,4,2,4,10,4-2-4,Promising Newcomers
16359,12,6,496.05,5,5,3,13,5-5-3,Loyal Mid-Tier
16362,73,1,192.27,2,2,2,6,2-2-2,Fading Customers
16365,3,7,389.9,5,5,3,13,5-5-3,Loyal Mid-Tier
16366,218,3,856.13,1,4,4,9,1-4-4,Dormant Spenders
16367,19,1,542.25,4,2,3,9,4-2-3,Promising Newcomers
16368,71,1,133.03,3,2,1,6,3-2-1,Fading Customers
16369,72,4,775.7,2,4,4,10,2-4-4,Dormant Spenders
16371,84,1,120.0,2,2,1,5,2-2-1,Fading Customers
16372,45,3,882.68,3,4,4,11,3-4-4,Loyal Mid-Tier
16373,18,2,218.79,4,3,2,9,4-3-2,Occasional Browsers
16374,38,3,935.82,3,4,4,11,3-4-4,Loyal Mid-Tier
16375,106,2,104.0,2,3,1,6,2-3-1,Fading Customers
16381,31,2,200.2,4,3,2,9,4-3-2,Occasional Browsers
16382,44,2,215.75,3,3,2,8,3-3-2,Fading Customers
16383,32,5,1779.97,4,4,5,13,4-4-5,High-Value Regulars
16384,65,2,698.41,3,3,4,10,3-3-4,Loyal Mid-Tier
16385,2,3,437.34,5,4,3,12,5-4-3,Loyal Mid-Tier
16386,23,1,447.57,4,2,3,9,4-2-3,Promising Newcomers
16387,31,4,481.41,4,4,3,11,4-4-3,Loyal Mid-Tier
16388,289,1,186.05,1,2,2,5,1-2-2,Disengaged Low-Value
16390,173,2,275.8,2,3,2,7,2-3-2,Fading Customers
16391,36,4,891.36,4,4,4,12,4-4-4,High-Value Regulars
16392,49,2,494.91,3,3,3,9,3-3-3,Loyal Mid-Tier
16393,5,11,2336.96,5,5,5,15,5-5-5,High-Value Regulars
16395,29,9,1848.71,4,5,5,14,4-5-5,High-Value Regulars
16396,112,1,137.8,2,2,1,5,2-2-1,Fading Customers
16397,264,1,20.38,1,2,1,4,1-2-1,Disengaged Low-Value
16399,25,1,178.19,4,2,2,8,4-2-2,Promising Newcomers
16400,31,8,1585.92,4,5,5,14,4-5-5,High-Value Regulars
16401,15,9,1266.88,5,5,5,15,5-5-5,High-Value Regulars
16402,5,1,173.0,5,2,2,9,5-2-2,Promising Newcomers
16406,86,2,291.71,2,3,2,7,2-3-2,Fading Customers
16407,25,3,490.21,4,4,3,11,4-4-3,Loyal Mid-Tier
16408,227,1,231.93,1,2,2,5,1-2-2,Disengaged Low-Value
16409,16,7,2966.82,4,5,5,14,4-5-5,High-Value Regulars
16410,370,1,25.2,1,2,1,4,1-2-1,Disengaged Low-Value
16411,5,3,655.34,5,4,4,13,5-4-4,High-Value Regulars
16412,29,4,368.95,4,4,3,11,4-4-3,Loyal Mid-Tier
16413,11,1,239.13,5,2,2,9,5-2-2,Promising Newcomers
16414,67,3,330.61,3,4,3,10,3-4-3,Loyal Mid-Tier
16415,219,2,468.94,1,3,3,7,1-3-3,Occasional Browsers
16416,26,6,985.28,4,5,4,13,4-5-4,High-Value Regulars
16417,128,1,35.7,2,2,1,5,2-2-1,Fading Customers
16418,44,2,308.82,3,3,2,8,3-3-2,Fading Customers
16419,213,2,263.21,1,3,2,6,1-3-2,Occasional Browsers
16420,32,1,33.0,4,2,1,7,4-2-1,Promising Newcomers
16421,12,3,315.82,5,4,3,12,5-4-3,Loyal Mid-Tier
16422,5,33,2217.44,5,5,5,15,5-5-5,High-Value Regulars
16424,18,1,63.5,4,2,1,7,4-2-1,Promising Newcomers
16428,49,3,507.99,3,4,3,10,3-4-3,Loyal Mid-Tier
16430,17,5,310.54,4,4,2,10,4-4-2,Occasional Browsers
16433,44,1,150.76,3,2,1,6,3-2-1,Fading Customers
16434,82,5,574.51,2,4,3,9,2-4-3,Occasional Browsers
16435,148,3,580.47,2,4,3,9,2-4-3,Occasional Browsers
16436,304,3,310.64,1,4,2,7,1-4-2,Occasional Browsers
16437,17,2,222.05,4,3,2,9,4-3-2,Occasional Browsers
16439,358,1,122.7,1,2,1,4,1-2-1,Disengaged Low-Value
16440,129,1,216.3,2,2,2,6,2-2-2,Fading Customers
16441,53,3,568.13,3,4,3,10,3-4-3,Loyal Mid-Tier
16442,240,2,240.68,1,3,2,6,1-3-2,Occasional Browsers
16444,26,12,2337.95,4,5,5,14,4-5-5,High-Value Regulars
16445,22,3,344.7,4,4,3,11,4-4-3,Loyal Mid-Tier
16447,226,2,442.49,1,3,3,7,1-3-3,Occasional Browsers
16448,107,1,178.13,2,2,2,6,2-2-2,Fading Customers
16450,220,2,404.18,1,3,3,7,1-3-3,Occasional Browsers
16451,197,2,697.23,1,3,4,8,1-3-4,Dormant Spenders
16452,266,2,147.67,1,3,1,5,1-3-1,Occasional Browsers
16453,166,2,144.06,2,3,1,6,2-3-1,Fading Customers
16454,242,2,24.05,1,3,1,5,1-3-1,Occasional Browsers
16455,7,6,1872.75,5,5,5,15,5-5-5,High-Value Regulars
16456,9,9,2426.75,5,5,5,15,5-5-5,High-Value Regulars
16458,11,12,1893.95,5,5,5,15,5-5-5,High-Value Regulars
16459,365,1,61.35,1,2,1,4,1-2-1,Disengaged Low-Value
16461,226,2,1140.68,1,3,4,8,1-3-4,Dormant Spenders
16465,56,2,542.54,3,3,3,9,3-3-3,Loyal Mid-Tier
16466,19,8,1352.43,4,5,5,14,4-5-5,High-Value Regulars
16468,106,2,497.22,2,3,3,8,2-3-3,Fading Customers
16469,150,1,97.84,2,2,1,5,2-2-1,Fading Customers
16470,32,7,1391.03,4,5,5,14,4-5-5,High-Value Regulars
16471,29,3,624.63,4,4,4,12,4-4-4,High-Value Regulars
16472,70,2,390.0,3,3,3,9,3-3-3,Loyal Mid-Tier
16473,10,1,154.72,5,2,1,8,5-2-1,Promising Newcomers
16476,67,1,290.85,3,2,2,7,3-2-2,Fading Customers
16477,7,5,1673.17,5,4,5,14,5-4-5,High-Value Regulars
16481,318,1,193.1,1,2,2,5,1-2-2,Disengaged Low-Value
16485,68,4,1283.42,3,4,5,12,3-4-5,Loyal Mid-Tier
16486,173,1,134.36,2,2,1,5,2-2-1,Fading Customers
16487,213,2,170.65,1,3,2,6,1-3-2,Occasional Browsers
16489,16,2,45.7,4,3,1,8,4-3-1,Occasional Browsers
16490,72,1,205.41,2,2,2,6,2-2-2,Fading Customers
16491,49,1,754.9,3,2,4,9,3-2-4,Fading Customers
16492,176,1,321.96,2,2,3,7,2-2-3,Fading Customers
16493,80,3,400.92,2,4,3,9,2-4-3,Occasional Browsers
16496,67,3,602.82,3,4,4,11,3-4-4,Loyal Mid-Tier
16497,49,17,2839.99,3,5,5,13,3-5-5,Loyal Mid-Tier
16499,10,6,1800.87,5,5,5,15,5-5-5,High-Value Regulars
16500,10,3,318.75,5,4,3,12,5-4-3,Loyal Mid-Tier
16501,19,1,898.23,4,2,4,10,4-2-4,Promising Newcomers
16502,256,1,133.67,1,2,1,4,1-2-1,Disengaged Low-Value
16503,31,7,1750.16,4,5,5,14,4-5-5,High-Value Regulars
16507,208,1,132.76,1,2,1,4,1-2-1,Disengaged Low-Value
16508,266,1,205.5,1,2,2,5,1-2-2,Disengaged Low-Value
16510,8,6,1391.75,5,5,5,15,5-5-5,High-Value Regulars
16511,33,3,660.92,4,4,4,12,4-4-4,High-Value Regulars
16515,15,5,911.24,5,4,4,13,5-4-4,High-Value Regulars
16518,57,2,365.8,3,3,3,9,3-3-3,Loyal Mid-Tier
16519,1,3,259.68,5,4,2,11,5-4-2,Occasional Browsers
16520,1,4,1253.97,5,4,5,14,5-4-5,High-Value Regulars
16521,51,3,915.66,3,4,4,11,3-4-4,Loyal Mid-Tier
16522,71,2,254.5,3,3,2,8,3-3-2,Fading Customers
16523,51,6,830.26,3,5,4,12,3-5-4,Loyal Mid-Tier
16524,82,2,255.64,2,3,2,7,2-3-2,Fading Customers
16525,2,21,1189.42,5,5,4,14,5-5-4,High-Value Regulars
16526,220,1,142.55,1,2,1,4,1-2-1,Disengaged Low-Value
16527,60,1,815.38,3,2,4,9,3-2-4,Fading Customers
16529,113,3,1182.95,2,4,4,10,2-4-4,Dormant Spenders
16530,304,1,38.4,1,2,1,4,1-2-1,Disengaged Low-Value
16531,17,4,844.56,4,4,4,12,4-4-4,High-Value Regulars
16534,278,1,300.85,1,2,2,5,1-2-2,Disengaged Low-Value
16535,21,1,307.54,4,2,2,8,4-2-2,Promising Newcomers
16537,277,1,23.35,1,2,1,4,1-2-1,Disengaged Low-Value
16538,177,3,206.35,2,4,2,8,2-4-2,Occasional Browsers
16539,9,7,1276.0,5,5,5,15,5-5-5,High-Value Regulars
16540,50,1,205.75,3,2,2,7,3-2-2,Fading Customers
16541,371,1,260.18,1,2,2,5,1-2-2,Disengaged Low-Value
16542,37,1,137.7,3,2,1,6,3-2-1,Fading Customers
16543,227,1,218.47,1,2,2,5,1-2-2,Disengaged Low-Value
16544,155,2,140.3,2,3,1,6,2-3-1,Fading Customers
16545,11,1,15.0,5,2,1,8,5-2-1,Promising Newcomers
16546,8,3,370.7,5,4,3,12,5-4-3,Loyal Mid-Tier
16547,182,1,73.4,1,2,1,4,1-2-1,Disengaged Low-Value
16548,235,1,17.4,1,2,1,4,1-2-1,Disengaged Low-Value
16549,33,24,7953.9,4,5,5,14,4-5-5,High-Value Regulars
16550,4,14,5535.64,5,5,5,15,5-5-5,High-Value Regulars
16551,59,4,573.07,3,4,3,10,3-4-3,Loyal Mid-Tier
16552,9,1,69.79,5,2,1,8,5-2-1,Promising Newcomers
16553,33,9,1270.23,4,5,5,14,4-5-5,High-Value Regulars
16554,22,5,1626.07,4,4,5,13,4-4-5,High-Value Regulars
16555,141,3,364.69,2,4,3,9,2-4-3,Occasional Browsers
16556,11,10,3622.19,5,5,5,15,5-5-5,High-Value Regulars
16558,2,19,3917.11,5,5,5,15,5-5-5,High-Value Regulars
16559,33,1,151.15,4,2,1,7,4-2-1,Promising Newcomers
16560,33,6,1655.17,4,5,5,14,4-5-5,High-Value Regulars
16562,112,1,223.86,2,2,2,6,2-2-2,Fading Customers
16563,36,5,517.39,4,4,3,11,4-4-3,Loyal Mid-Tier
16564,205,1,87.8,1,2,1,4,1-2-1,Disengaged Low-Value
16565,122,2,80.1,2,3,1,6,2-3-1,Fading Customers
16569,267,4,255.97,1,4,2,7,1-4-2,Occasional Browsers
16570,15,10,1407.6,5,5,5,15,5-5-5,High-Value Regulars
16571,31,7,2464.1,4,5,5,14,4-5-5,High-Value Regulars
16574,59,2,834.44,3,3,4,10,3-3-4,Loyal Mid-Tier
16576,56,2,515.37,3,3,3,9,3-3-3,Loyal Mid-Tier
16577,302,1,329.0,1,2,3,6,1-2-3,Occasional Browsers
16578,262,1,156.6,1,2,1,4,1-2-1,Disengaged Low-Value
16579,61,1,224.7,3,2,2,7,3-2-2,Fading Customers
16583,9,2,297.95,5,3,2,10,5-3-2,Occasional Browsers
16584,68,3,493.86,3,4,3,10,3-4-3,Loyal Mid-Tier
16585,229,2,294.19,1,3,2,6,1-3-2,Occasional Browsers
16586,80,2,155.7,2,3,1,6,2-3-1,Fading Customers
16588,22,4,1048.08,4,4,4,12,4-4-4,High-Value Regulars
16589,86,1,153.12,2,2,1,5,2-2-1,Fading Customers
16590,36,2,366.2,4,3,3,10,4-3-3,Loyal Mid-Tier
16592,11,12,3188.68,5,5,5,15,5-5-5,High-Value Regulars
16593,26,4,408.06,4,4,3,11,4-4-3,Loyal Mid-Tier
16595,12,4,1245.11,5,4,5,14,5-4-5,High-Value Regulars
16596,2,3,289.68,5,4,2,11,5-4-2,Occasional Browsers
16599,21,1,141.0,4,2,1,7,4-2-1,Promising Newcomers
16600,10,7,1156.79,5,5,4,14,5-5-4,High-Value Regulars
16601,26,2,250.08,4,3,2,9,4-3-2,Occasional Browsers
16602,24,1,120.45,4,2,1,7,4-2-1,Promising Newcomers
16604,204,1,139.0,1,2,1,4,1-2-1,Disengaged Low-Value
16606,40,2,293.91,3,3,2,8,3-3-2,Fading Customers
16607,35,11,1760.82,4,5,5,14,4-5-5,High-Value Regulars
16608,89,2,954.3,2,3,4,9,2-3-4,Fading Customers
16611,39,5,1326.84,3,4,5,12,3-4-5,Loyal Mid-Tier
16612,15,5,1401.17,5,4,5,14,5-4-5,High-Value Regulars
16614,38,2,163.25,3,3,2,8,3-3-2,Fading Customers
16615,262,1,263.8,1,2,2,5,1-2-2,Disengaged Low-Value
16619,19,3,1302.44,4,4,5,13,4-4-5,High-Value Regulars
16620,25,4,1227.28,4,4,4,12,4-4-4,High-Value Regulars
16622,179,1,147.35,1,2,1,4,1-2-1,Disengaged Low-Value
16623,37,3,621.14,3,4,4,11,3-4-4,Loyal Mid-Tier
16625,58,4,1214.33,3,4,4,11,3-4-4,Loyal Mid-Tier
16628,43,2,117.3,3,3,1,7,3-3-1,Fading Customers
16630,43,1,106.8,3,2,1,6,3-2-1,Fading Customers
16631,117,7,1171.31,2,5,4,11,2-5-4,Dormant Spenders
16632,121,2,406.4,2,3,3,8,2-3-3,Fading Customers
16634,8,5,994.9,5,4,4,13,5-4-4,High-Value Regulars
16635,42,1,473.0,3,2,3,8,3-2-3,Fading Customers
16636,74,3,703.03,2,4,4,10,2-4-4,Dormant Spenders
16638,4,6,733.91,5,5,4,14,5-5-4,High-Value Regulars
16639,45,1,409.67,3,2,3,8,3-2-3,Fading Customers
16640,33,1,179.4,4,2,2,8,4-2-2,Promising Newcomers
16641,337,1,323.4,1,2,3,6,1-2-3,Occasional Browsers
16642,51,1,275.04,3,2,2,7,3-2-2,Fading Customers
16643,58,1,435.6,3,2,3,8,3-2-3,Fading Customers
16645,371,1,160.39,1,2,1,4,1-2-1,Disengaged Low-Value
16646,85,1,406.8,2,2,3,7,2-2-3,Fading Customers
16647,78,2,235.58,2,3,2,7,2-3-2,Fading Customers
16648,91,2,308.54,2,3,2,7,2-3-2,Fading Customers
16649,156,1,140.18,2,2,1,5,2-2-1,Fading Customers
16650,56,6,1017.75,3,5,4,12,3-5-4,Loyal Mid-Tier
16651,222,1,136.2,1,2,1,4,1-2-1,Disengaged Low-Value
16652,67,4,703.06,3,4,4,11,3-4-4,Loyal Mid-Tier
16654,4,5,716.25,5,4,4,13,5-4-4,High-Value Regulars
16655,47,7,1741.61,3,5,5,13,3-5-5,Loyal Mid-Tier
16656,56,8,196.15,3,5,2,10,3-5-2,Occasional Browsers
16658,4,5,380.56,5,4,3,12,5-4-3,Loyal Mid-Tier
16660,58,2,88.7,3,3,1,7,3-3-1,Fading Customers
16661,176,3,474.86,2,4,3,9,2-4-3,Occasional Browsers
16662,30,1,120.85,4,2,1,7,4-2-1,Promising Newcomers
16664,205,1,83.7,1,2,1,4,1-2-1,Disengaged Low-Value
16666,257,1,80.15,1,2,1,4,1-2-1,Disengaged Low-Value
16668,23,7,422.32,4,5,3,12,4-5-3,Loyal Mid-Tier
16670,29,9,3273.64,4,5,5,14,4-5-5,High-Value Regulars
16673,315,1,151.23,1,2,1,4,1-2-1,Disengaged Low-Value
16675,77,2,239.06,2,3,2,7,2-3-2,Fading Customers
16676,38,2,410.6,3,3,3,9,3-3-3,Loyal Mid-Tier
16677,47,2,698.82,3,3,4,10,3-3-4,Loyal Mid-Tier
16679,2,3,143.16,5,4,1,10,5-4-1,Occasional Browsers
16680,170,1,240.35,2,2,2,6,2-2-2,Fading Customers
16681,277,1,111.9,1,2,1,4,1-2-1,Disengaged Low-Value
16683,169,1,278.85,2,2,2,6,2-2-2,Fading Customers
16684,23,4,2048.36,4,4,5,13,4-4-5,High-Value Regulars
16686,25,9,1770.3,4,5,5,14,4-5-5,High-Value Regulars
16687,26,1,111.13,4,2,1,7,4-2-1,Promising Newcomers
16690,29,2,127.45,4,3,1,8,4-3-1,Occasional Browsers
16691,54,2,118.98,3,3,1,7,3-3-1,Fading Customers
16693,47,3,568.16,3,4,3,10,3-4-3,Loyal Mid-Tier
16695,197,1,135.3,1,2,1,4,1-2-1,Disengaged Low-Value
16699,16,6,567.89,4,5,3,12,4-5-3,Loyal Mid-Tier
16700,2,13,3091.9,5,5,5,15,5-5-5,High-Value Regulars
16701,59,13,1147.23,3,5,4,12,3-5-4,Loyal Mid-Tier
16702,51,4,622.39,3,4,4,11,3-4-4,Loyal Mid-Tier
16704,254,2,520.36,1,3,3,7,1-3-3,Occasional Browsers
16705,38,15,2573.5,3,5,5,13,3-5-5,Loyal Mid-Tier
16707,36,4,362.2,4,4,3,11,4-4-3,Loyal Mid-Tier
16709,15,7,2414.74,5,5,5,15,5-5-5,High-Value Regulars
16710,4,13,3153.2,5,5,5,15,5-5-5,High-Value Regulars
16711,15,2,51.5,5,3,1,9,5-3-1,Occasional Browsers
16712,37,2,438.29,3,3,3,9,3-3-3,Loyal Mid-Tier
16713,2,18,4003.64,5,5,5,15,5-5-5,High-Value Regulars
16714,306,1,341.42,1,2,3,6,1-2-3,Occasional Browsers
16715,198,1,49.18,1,2,1,4,1-2-1,Disengaged Low-Value
16717,2,9,2612.1,5,5,5,15,5-5-5,High-Value Regulars
16718,5,5,1961.42,5,4,5,14,5-4-5,High-Value Regulars
16719,4,8,1406.83,5,5,5,15,5-5-5,High-Value Regulars
16720,12,2,333.09,5,3,3,11,5-3-3,Loyal Mid-Tier
16722,2,10,2697.58,5,5,5,15,5-5-5,High-Value Regulars
16723,79,2,506.85,2,3,3,8,2-3-3,Fading Customers
16724,40,1,147.35,3,2,1,6,3-2-1,Fading Customers
16725,7,8,829.35,5,5,4,14,5-5-4,High-Value Regulars
16726,19,2,506.93,4,3,3,10,4-3-3,Loyal Mid-Tier
16727,28,3,890.9,4,4,4,12,4-4-4,High-Value Regulars
16731,284,1,170.3,1,2,2,5,1-2-2,Disengaged Low-Value
16732,39,3,2535.33,3,4,5,12,3-4-5,Loyal Mid-Tier
16733,165,1,188.28,2,2,2,6,2-2-2,Fading Customers
16735,29,9,2995.92,4,5,5,14,4-5-5,High-Value Regulars
16736,141,4,1985.98,2,4,5,11,2-4-5,Dormant Spenders
16739,172,1,421.63,2,2,3,7,2-2-3,Fading Customers
16740,31,1,144.26,4,2,1,7,4-2-1,Promising Newcomers
16741,261,1,157.16,1,2,1,4,1-2-1,Disengaged Low-Value
16742,128,13,732.29,2,5,4,11,2-5-4,Dormant Spenders
16743,92,7,1556.75,2,5,5,12,2-5-5,Dormant Spenders
16746,19,23,5048.51,4,5,5,14,4-5-5,High-Value Regulars
16748,24,9,1341.43,4,5,5,14,4-5-5,High-Value Regulars
16749,227,2,681.68,1,3,4,8,1-3-4,Dormant Spenders
16752,8,1,77.7,5,2,1,8,5-2-1,Promising Newcomers
16755,103,4,1253.35,2,4,5,11,2-4-5,Dormant Spenders
16756,40,6,961.42,3,5,4,12,3-5-4,Loyal Mid-Tier
16757,45,1,157.35,3,2,1,6,3-2-1,Fading Customers
16760,66,1,228.0,3,2,2,7,3-2-2,Fading Customers
16763,374,1,283.85,1,2,2,5,1-2-2,Disengaged Low-Value
16765,18,1,338.75,4,2,3,9,4-2-3,Promising Newcomers
16767,54,4,919.16,3,4,4,11,3-4-4,Loyal Mid-Tier
16768,19,6,691.98,4,5,4,13,4-5-4,High-Value Regulars
16769,114,3,559.76,2,4,3,9,2-4-3,Occasional Browsers
16770,8,5,940.53,5,4,4,13,5-4-4,High-Value Regulars
16771,180,4,1338.43,1,4,5,10,1-4-5,Dormant Spenders
16772,59,3,725.6,3,4,4,11,3-4-4,Loyal Mid-Tier
16773,72,2,204.25,2,3,2,7,2-3-2,Fading Customers
16774,59,4,789.63,3,4,4,11,3-4-4,Loyal Mid-Tier
16775,3,6,1006.18,5,5,4,14,5-5-4,High-Value Regulars
16776,51,1,220.97,3,2,2,7,3-2-2,Fading Customers
16777,49,3,821.91,3,4,4,11,3-4-4,Loyal Mid-Tier
16779,2,31,6676.71,5,5,5,15,5-5-5,High-Value Regulars
16780,43,1,135.01,3,2,1,6,3-2-1,Fading Customers
16781,8,2,438.55,5,3,3,11,5-3-3,Loyal Mid-Tier
16782,1,26,5736.41,5,5,5,15,5-5-5,High-Value Regulars
16783,72,1,376.05,2,2,3,7,2-2-3,Fading Customers
16784,12,4,768.83,5,4,4,13,5-4-4,High-Value Regulars
16785,45,1,460.83,3,2,3,8,3-2-3,Fading Customers
16787,33,4,860.13,4,4,4,12,4-4-4,High-Value Regulars
16788,40,3,1228.79,3,4,4,11,3-4-4,Loyal Mid-Tier
16791,19,8,1905.71,4,5,5,14,4-5-5,High-Value Regulars
16792,19,3,470.43,4,4,3,11,4-4-3,Loyal Mid-Tier
16794,16,5,743.55,4,4,4,12,4-4-4,High-Value Regulars
16795,1,3,1961.51,5,4,5,14,5-4-5,High-Value Regulars
16797,29,5,1464.62,4,4,5,13,4-4-5,High-Value Regulars
16798,190,3,540.56,1,4,3,8,1-4-3,Occasional Browsers
16799,68,2,371.38,3,3,3,9,3-3-3,Loyal Mid-Tier
16802,315,2,488.86,1,3,3,7,1-3-3,Occasional Browsers
16805,213,2,578.43,1,3,3,7,1-3-3,Occasional Browsers
16807,106,3,909.89,2,4,4,10,2-4-4,Dormant Spenders
16809,68,4,796.84,3,4,4,11,3-4-4,Loyal Mid-Tier
16810,56,1,308.4,3,2,2,7,3-2-2,Fading Customers
16812,14,3,1439.63,5,4,5,14,5-4-5,High-Value Regulars
16814,5,16,4277.53,5,5,5,15,5-5-5,High-Value Regulars
16815,89,2,330.72,2,3,3,8,2-3-3,Fading Customers
16817,4,5,892.1,5,4,4,13,5-4-4,High-Value Regulars
16819,101,2,112.45,2,3,1,6,2-3-1,Fading Customers
16821,17,1,35.7,4,2,1,7,4-2-1,Promising Newcomers
16822,322,1,138.25,1,2,1,4,1-2-1,Disengaged Low-Value
16823,23,6,1398.25,4,5,5,14,4-5-5,High-Value Regulars
16824,29,1,200.1,4,2,2,8,4-2-2,Promising Newcomers
16825,14,2,353.95,5,3,3,11,5-3-3,Loyal Mid-Tier
16827,29,3,44.15,4,4,1,9,4-4-1,Occasional Browsers
16829,24,1,219.05,4,2,2,8,4-2-2,Promising Newcomers
16830,78,3,736.35,2,4,4,10,2-4-4,Dormant Spenders
16831,200,1,91.8,1,2,1,4,1-2-1,Disengaged Low-Value
16832,64,2,90.6,3,3,1,7,3-3-1,Fading Customers
16833,75,2,529.36,2,3,3,8,2-3-3,Fading Customers
16834,310,1,365.8,1,2,3,6,1-2-3,Occasional Browsers
16835,9,5,1098.46,5,4,4,13,5-4-4,High-Value Regulars
16836,42,2,496.5,3,3,3,9,3-3-3,Loyal Mid-Tier
16838,166,2,474.16,2,3,3,8,2-3-3,Fading Customers
16839,16,9,817.3,4,5,4,13,4-5-4,High-Value Regulars
16840,239,2,122.85,1,3,1,5,1-3-1,Occasional Browsers
16841,64,6,1533.24,3,5,5,13,3-5-5,Loyal Mid-Tier
16843,58,16,2086.56,3,5,5,13,3-5-5,Loyal Mid-Tier
16844,198,2,454.84,1,3,3,7,1-3-3,Occasional Browsers
16845,254,1,201.18,1,2,2,5,1-2-2,Disengaged Low-Value
16846,213,2,587.41,1,3,4,8,1-3-4,Dormant Spenders
16847,254,1,257.1,1,2,2,5,1-2-2,Disengaged Low-Value
16848,12,3,1113.2,5,4,4,13,5-4-4,High-Value Regulars
16854,53,2,1078.08,3,3,4,10,3-3-4,Loyal Mid-Tier
16856,53,2,307.19,3,3,2,8,3-3-2,Fading Customers
16857,78,1,220.2,2,2,2,6,2-2-2,Fading Customers
16858,4,10,1653.66,5,5,5,15,5-5-5,High-Value Regulars
16859,52,5,721.6,3,4,4,11,3-4-4,Loyal Mid-Tier
16860,88,3,565.08,2,4,3,9,2-4-3,Occasional Browsers
16861,26,3,566.83,4,4,3,11,4-4-3,Loyal Mid-Tier
16862,183,4,476.85,1,4,3,8,1-4-3,Occasional Browsers
16863,2,2,475.82,5,3,3,11,5-3-3,Loyal Mid-Tier
16864,70,2,269.73,3,3,2,8,3-3-2,Fading Customers
16865,37,1,73.35,3,2,1,6,3-2-1,Fading Customers
16867,325,1,76.74,1,2,1,4,1-2-1,Disengaged Low-Value
16868,30,3,213.36,4,4,2,10,4-4-2,Occasional Browsers
16870,105,1,385.56,2,2,3,7,2-2-3,Fading Customers
16872,99,1,29.7,2,2,1,5,2-2-1,Fading Customers
16873,65,6,3449.9,3,5,5,13,3-5-5,Loyal Mid-Tier
16874,15,1,191.44,5,2,2,9,5-2-2,Promising Newcomers
16875,73,6,1530.29,2,5,5,12,2-5-5,Dormant Spenders
16876,39,1,127.51,3,2,1,6,3-2-1,Fading Customers
16880,129,1,116.85,2,2,1,5,2-2-1,Fading Customers
16883,7,16,1233.11,5,5,4,14,5-5-4,High-Value Regulars
16884,192,2,360.58,1,3,3,7,1-3-3,Occasional Browsers
16885,21,1,150.29,4,2,1,7,4-2-1,Promising Newcomers
16886,92,1,134.0,2,2,1,5,2-2-1,Fading Customers
16887,36,2,363.49,4,3,3,10,4-3-3,Loyal Mid-Tier
16888,36,3,280.35,4,4,2,10,4-4-2,Occasional Browsers
16889,33,3,717.98,4,4,4,12,4-4-4,High-Value Regulars
16890,218,1,108.29,1,2,1,4,1-2-1,Disengaged Low-Value
16891,7,7,1022.92,5,5,4,14,5-5-4,High-Value Regulars
16892,190,2,165.25,1,3,2,6,1-3-2,Occasional Browsers
16893,2,2,209.29,5,3,2,10,5-3-2,Occasional Browsers
16894,171,1,918.29,2,2,4,8,2-2-4,Fading Customers
16895,74,4,602.43,2,4,4,10,2-4-4,Dormant Spenders
16896,191,1,56.95,1,2,1,4,1-2-1,Disengaged Low-Value
16898,4,3,408.41,5,4,3,12,5-4-3,Loyal Mid-Tier
16899,14,2,289.89,5,3,2,10,5-3-2,Occasional Browsers
16901,365,1,118.21,1,2,1,4,1-2-1,Disengaged Low-Value
16903,16,2,605.5,4,3,4,11,4-3-4,Loyal Mid-Tier
16904,3,6,1138.79,5,5,4,14,5-5-4,High-Value Regulars
16905,7,11,1035.56,5,5,4,14,5-5-4,High-Value Regulars
16906,64,3,603.74,3,4,4,11,3-4-4,Loyal Mid-Tier
16907,1,5,302.3,5,4,2,11,5-4-2,Occasional Browsers
16908,358,1,143.69,1,2,1,4,1-2-1,Disengaged Low-Value
16911,271,2,245.3,1,3,2,6,1-3-2,Occasional Browsers
16912,57,4,904.36,3,4,4,11,3-4-4,Loyal Mid-Tier
16913,287,1,25.99,1,2,1,4,1-2-1,Disengaged Low-Value
16915,22,3,106.5,4,4,1,9,4-4-1,Occasional Browsers
16916,8,3,432.34,5,4,3,12,5-4-3,Loyal Mid-Tier
16917,268,1,501.21,1,2,3,6,1-2-3,Occasional Browsers
16918,58,10,1865.82,3,5,5,13,3-5-5,Loyal Mid-Tier
16919,4,12,1634.91,5,5,5,15,5-5-5,High-Value Regulars
16920,47,1,209.7,3,2,2,7,3-2-2,Fading Customers
16921,78,2,107.43,2,3,1,6,2-3-1,Fading Customers
16922,208,1,507.73,1,2,3,6,1-2-3,Occasional Browsers
16923,11,12,4444.79,5,5,5,15,5-5-5,High-Value Regulars
16925,176,1,108.65,2,2,1,5,2-2-1,Fading Customers
16926,7,5,393.86,5,4,3,12,5-4-3,Loyal Mid-Tier
16928,9,10,575.02,5,5,3,13,5-5-3,Loyal Mid-Tier
16931,5,3,619.45,5,4,4,13,5-4-4,High-Value Regulars
16932,59,2,223.67,3,3,2,8,3-3-2,Fading Customers
16933,25,7,1753.37,4,5,5,14,4-5-5,High-Value Regulars
16934,19,4,915.97,4,4,4,12,4-4-4,High-Value Regulars
16935,17,3,530.86,4,4,3,11,4-4-3,Loyal Mid-Tier
16936,21,1,286.39,4,2,2,8,4-2-2,Promising Newcomers
16937,135,1,196.25,2,2,2,6,2-2-2,Fading Customers
16938,17,5,3634.23,4,4,5,13,4-4-5,High-Value Regulars
16939,124,3,316.59,2,4,3,9,2-4-3,Occasional Browsers
16940,86,5,2857.44,2,4,5,11,2-4-5,Dormant Spenders
16941,247,1,33.0,1,2,1,4,1-2-1,Disengaged Low-Value
16944,245,1,67.36,1,2,1,4,1-2-1,Disengaged Low-Value
16945,29,14,2848.71,4,5,5,14,4-5-5,High-Value Regulars
16946,19,5,984.29,4,4,4,12,4-4-4,High-Value Regulars
16947,197,2,431.27,1,3,3,7,1-3-3,Occasional Browsers
16948,65,4,294.0,3,4,2,9,3-4-2,Occasional Browsers
16950,26,7,1486.03,4,5,5,14,4-5-5,High-Value Regulars
16952,77,3,523.62,2,4,3,9,2-4-3,Occasional Browsers
16954,15,11,2014.34,5,5,5,15,5-5-5,High-Value Regulars
16955,4,4,374.45,5,4,3,12,5-4-3,Loyal Mid-Tier
16958,71,1,617.95,3,2,4,9,3-2-4,Fading Customers
16960,26,5,1333.87,4,4,5,13,4-4-5,High-Value Regulars
16961,24,2,445.84,4,3,3,10,4-3-3,Loyal Mid-Tier
16962,45,1,241.09,3,2,2,7,3-2-2,Fading Customers
16964,369,2,53.65,1,3,1,5,1-3-1,Occasional Browsers
16970,262,1,71.4,1,2,1,4,1-2-1,Disengaged Low-Value
16972,18,2,472.0,4,3,3,10,4-3-3,Loyal Mid-Tier
16973,22,1,127.0,4,2,1,7,4-2-1,Promising Newcomers
16974,158,2,133.45,2,3,1,6,2-3-1,Fading Customers
16975,59,3,640.88,3,4,4,11,3-4-4,Loyal Mid-Tier
16977,31,3,216.5,4,4,2,10,4-4-2,Occasional Browsers
16978,302,2,225.05,1,3,2,6,1-3-2,Occasional Browsers
16979,19,3,532.39,4,4,3,11,4-4-3,Loyal Mid-Tier
16980,64,1,384.42,3,2,3,8,3-2-3,Fading Customers
16983,5,5,898.99,5,4,4,13,5-4-4,High-Value Regulars
16984,40,7,4253.45,3,5,5,13,3-5-5,Loyal Mid-Tier
16985,108,9,875.77,2,5,4,11,2-5-4,Dormant Spenders
16986,81,8,2215.9,2,5,5,12,2-5-5,Dormant Spenders
16987,12,4,691.75,5,4,4,13,5-4-4,High-Value Regulars
16988,15,1,170.7,5,2,2,9,5-2-2,Promising Newcomers
16991,57,1,942.69,3,2,4,9,3-2-4,Fading Customers
16992,23,8,2219.59,4,5,5,14,4-5-5,High-Value Regulars
16993,99,2,181.6,2,3,2,7,2-3-2,Fading Customers
16996,18,3,590.29,4,4,4,12,4-4-4,High-Value Regulars
16998,80,1,17.0,2,2,1,5,2-2-1,Fading Customers
17000,32,2,218.7,4,3,2,9,4-3-2,Occasional Browsers
17001,12,8,1270.8,5,5,5,15,5-5-5,High-Value Regulars
17002,79,4,384.0,2,4,3,9,2-4-3,Occasional Browsers
17003,38,4,695.46,3,4,4,11,3-4-4,Loyal Mid-Tier
17004,28,2,295.7,4,3,2,9,4-3-2,Occasional Browsers
17005,106,2,209.35,2,3,2,7,2-3-2,Fading Customers
17006,28,4,548.19,4,4,3,11,4-4-3,Loyal Mid-Tier
17007,73,1,171.2,2,2,2,6,2-2-2,Fading Customers
17009,187,1,39.54,1,2,1,4,1-2-1,Disengaged Low-Value
17011,287,1,137.4,1,2,1,4,1-2-1,Disengaged Low-Value
17012,361,1,347.17,1,2,3,6,1-2-3,Occasional Browsers
17016,212,1,297.85,1,2,2,5,1-2-2,Disengaged Low-Value
17017,3,11,2222.61,5,5,5,15,5-5-5,High-Value Regulars
17018,370,1,50.4,1,2,1,4,1-2-1,Disengaged Low-Value
17019,4,8,2222.4,5,5,5,15,5-5-5,High-Value Regulars
17020,178,2,895.22,1,3,4,8,1-3-4,Dormant Spenders
17021,89,4,300.02,2,4,2,8,2-4-2,Occasional Browsers
17022,68,1,129.3,3,2,1,6,3-2-1,Fading Customers
17023,53,3,756.58,3,4,4,11,3-4-4,Loyal Mid-Tier
17025,9,4,457.55,5,4,3,12,5-4-3,Loyal Mid-Tier
17026,5,2,41.4,5,3,1,9,5-3-1,Occasional Browsers
17027,82,2,161.96,2,3,1,6,2-3-1,Fading Customers
17028,217,3,1251.82,1,4,5,10,1-4-5,Dormant Spenders
17029,72,2,309.4,2,3,2,7,2-3-2,Fading Customers
17031,217,1,168.0,1,2,2,5,1-2-2,Disengaged Low-Value
17032,239,5,2501.95,1,4,5,10,1-4-5,Dormant Spenders
17033,33,1,61.55,4,2,1,7,4-2-1,Promising Newcomers
17034,45,2,472.5,3,3,3,9,3-3-3,Loyal Mid-Tier
17035,372,1,15.0,1,2,1,4,1-2-1,Disengaged Low-Value
17036,19,1,114.55,4,2,1,7,4-2-1,Promising Newcomers
17038,51,1,443.97,3,2,3,8,3-2-3,Fading Customers
17039,240,1,449.11,1,2,3,6,1-2-3,Occasional Browsers
17040,186,1,13.52,1,2,1,4,1-2-1,Disengaged Low-Value
17041,33,3,531.96,4,4,3,11,4-4-3,Loyal Mid-Tier
17043,11,4,532.97,5,4,3,12,5-4-3,Loyal Mid-Tier
17044,107,4,647.49,2,4,4,10,2-4-4,Dormant Spenders
17045,12,2,289.05,5,3,2,10,5-3-2,Occasional Browsers
17046,80,3,943.59,2,4,4,10,2-4-4,Dormant Spenders
17047,67,3,962.23,3,4,4,11,3-4-4,Loyal Mid-Tier
17048,73,4,821.31,2,4,4,10,2-4-4,Dormant Spenders
17049,11,9,2977.88,5,5,5,15,5-5-5,High-Value Regulars
17050,11,4,415.88,5,4,3,12,5-4-3,Loyal Mid-Tier
17051,82,3,451.68,2,4,3,9,2-4-3,Occasional Browsers
17055,81,1,175.2,2,2,2,6,2-2-2,Fading Customers
17056,374,1,29.3,1,2,1,4,1-2-1,Disengaged Low-Value
17057,232,1,253.34,1,2,2,5,1-2-2,Disengaged Low-Value
17059,5,5,2083.18,5,4,5,14,5-4-5,High-Value Regulars
17062,1,4,579.56,5,4,3,12,5-4-3,Loyal Mid-Tier
17063,43,6,1782.64,3,5,5,13,3-5-5,Loyal Mid-Tier
17065,273,2,75.3,1,3,1,5,1-3-1,Occasional Browsers
17066,362,1,228.34,1,2,2,5,1-2-2,Disengaged Low-Value
17067,360,3,181.9,1,4,2,7,1-4-2,Occasional Browsers
17068,4,27,4223.14,5,5,5,15,5-5-5,High-Value Regulars
17069,9,6,2118.28,5,5,5,15,5-5-5,High-Value Regulars
17070,46,1,125.23,3,2,1,6,3-2-1,Fading Customers
17071,17,4,1033.99,4,4,4,12,4-4-4,High-Value Regulars
17072,261,1,253.45,1,2,2,5,1-2-2,Disengaged Low-Value
17074,198,1,11.8,1,2,1,4,1-2-1,Disengaged Low-Value
17075,65,6,1036.26,3,5,4,12,3-5-4,Loyal Mid-Tier
17076,28,3,367.87,4,4,3,11,4-4-3,Loyal Mid-Tier
17080,15,5,289.2,5,4,2,11,5-4-2,Occasional Browsers
17081,31,4,443.43,4,4,3,11,4-4-3,Loyal Mid-Tier
17082,30,4,1093.88,4,4,4,12,4-4-4,High-Value Regulars
17083,45,6,722.16,3,5,4,12,3-5-4,Loyal Mid-Tier
17084,32,1,1496.41,4,2,5,11,4-2-5,Promising Newcomers
17085,12,22,5284.07,5,5,5,15,5-5-5,High-Value Regulars
17087,373,1,221.53,1,2,2,5,1-2-2,Disengaged Low-Value
17089,22,1,38.45,4,2,1,7,4-2-1,Promising Newcomers
17090,11,2,319.62,5,3,3,11,5-3-3,Loyal Mid-Tier
17091,3,11,3381.31,5,5,5,15,5-5-5,High-Value Regulars
17092,73,6,2983.46,2,5,5,12,2-5-5,Dormant Spenders
17093,228,1,171.18,1,2,2,5,1-2-2,Disengaged Low-Value
17094,59,1,55.2,3,2,1,6,3-2-1,Fading Customers
17095,66,4,792.5,3,4,4,11,3-4-4,Loyal Mid-Tier
17096,19,7,2126.75,4,5,5,14,4-5-5,High-Value Regulars
17097,1,2,303.86,5,3,2,10,5-3-2,Occasional Browsers
17098,17,2,206.32,4,3,2,9,4-3-2,Occasional Browsers
17099,169,1,528.97,2,2,3,7,2-2-3,Fading Customers
17101,30,3,317.85,4,4,3,11,4-4-3,Loyal Mid-Tier
17103,358,1,410.38,1,2,3,6,1-2-3,Occasional Browsers
17104,59,1,302.68,3,2,2,7,3-2-2,Fading Customers
17106,25,1,313.18,4,2,3,9,4-2-3,Promising Newcomers
17107,33,4,1622.11,4,4,5,13,4-4-5,High-Value Regulars
17108,299,1,136.85,1,2,1,4,1-2-1,Disengaged Low-Value
17109,42,2,335.86,3,3,3,9,3-3-3,Loyal Mid-Tier
17110,156,2,157.4,2,3,1,6,2-3-1,Fading Customers
17111,61,1,177.27,3,2,2,7,3-2-2,Fading Customers
17112,138,1,197.57,2,2,2,6,2-2-2,Fading Customers
17113,210,6,1757.29,1,5,5,11,1-5-5,Dormant Spenders
17115,184,4,948.93,1,4,4,9,1-4-4,Dormant Spenders
17116,284,1,348.74,1,2,3,6,1-2-3,Occasional Browsers
17121,38,1,214.54,3,2,2,7,3-2-2,Fading Customers
17122,24,3,384.98,4,4,3,11,4-4-3,Loyal Mid-Tier
17123,75,2,338.55,2,3,3,8,2-3-3,Fading Customers
17126,17,4,769.18,4,4,4,12,4-4-4,High-Value Regulars
17127,64,5,545.58,3,4,3,10,3-4-3,Loyal Mid-Tier
17129,156,1,14.85,2,2,1,5,2-2-1,Fading Customers
17132,88,2,712.33,2,3,4,9,2-3-4,Fading Customers
17133,211,2,19.98,1,3,1,5,1-3-1,Occasional Browsers
17134,78,1,128.6,2,2,1,5,2-2-1,Fading Customers
17135,7,4,610.33,5,4,4,13,5-4-4,High-Value Regulars
17136,298,1,176.0,1,2,2,5,1-2-2,Disengaged Low-Value
17137,52,6,1075.96,3,5,4,12,3-5-4,Loyal Mid-Tier
17138,25,6,3252.1,4,5,5,14,4-5-5,High-Value Regulars
17139,25,11,3630.41,4,5,5,14,4-5-5,High-Value Regulars
17141,54,4,636.44,3,4,4,11,3-4-4,Loyal Mid-Tier
17142,40,3,526.8,3,4,3,10,3-4-3,Loyal Mid-Tier
17143,53,2,543.52,3,3,3,9,3-3-3,Loyal Mid-Tier
17145,148,4,2483.14,2,4,5,11,2-4-5,Dormant Spenders
17146,71,10,3425.31,3,5,5,13,3-5-5,Loyal Mid-Tier
17147,88,5,608.11,2,4,4,10,2-4-4,Dormant Spenders
17150,12,6,1095.6,5,5,4,14,5-5-4,High-Value Regulars
17151,371,1,35.7,1,2,1,4,1-2-1,Disengaged Low-Value
17155,163,5,462.65,2,4,3,9,2-4-3,Occasional Browsers
17156,127,1,584.31,2,2,4,8,2-2-4,Fading Customers
17157,116,16,1270.64,2,5,5,12,2-5-5,Dormant Spenders
17158,183,2,612.13,1,3,4,8,1-3-4,Dormant Spenders
17159,113,2,349.56,2,3,3,8,2-3-3,Fading Customers
17160,10,11,6244.69,5,5,5,15,5-5-5,High-Value Regulars
17161,80,1,751.21,2,2,4,8,2-2-4,Fading Customers
17163,81,2,345.12,2,3,3,8,2-3-3,Fading Customers
17165,17,5,1188.89,4,4,4,12,4-4-4,High-Value Regulars
17167,15,3,758.46,5,4,4,13,5-4-4,High-Value Regulars
17168,134,1,226.25,2,2,2,6,2-2-2,Fading Customers
17169,214,1,258.3,1,2,2,5,1-2-2,Disengaged Low-Value
17170,10,2,178.68,5,3,2,10,5-3-2,Occasional Browsers
17171,297,1,97.28,1,2,1,4,1-2-1,Disengaged Low-Value
17172,66,2,274.13,3,3,2,8,3-3-2,Fading Customers
17176,162,2,305.09,2,3,2,7,2-3-2,Fading Customers
17177,141,1,86.65,2,2,1,5,2-2-1,Fading Customers
17178,367,1,276.76,1,2,2,5,1-2-2,Disengaged Low-Value
17179,18,3,623.47,4,4,4,12,4-4-4,High-Value Regulars
17180,58,7,1093.24,3,5,4,12,3-5-4,Loyal Mid-Tier
17181,231,1,16.03,1,2,1,4,1-2-1,Disengaged Low-Value
17182,58,1,142.8,3,2,1,6,3-2-1,Fading Customers
17184,205,2,190.46,1,3,2,6,1-3-2,Occasional Browsers
17185,227,3,229.46,1,4,2,7,1-4-2,Occasional Browsers
17187,162,1,105.9,2,2,1,5,2-2-1,Fading Customers
17188,82,6,1211.02,2,5,4,11,2-5-4,Dormant Spenders
17189,196,3,509.49,1,4,3,8,1-4-3,Occasional Browsers
17190,39,4,594.24,3,4,4,11,3-4-4,Loyal Mid-Tier
17191,4,11,2183.45,5,5,5,15,5-5-5,High-Value Regulars
17192,172,1,62.53,2,2,1,5,2-2-1,Fading Customers
17193,22,1,60.0,4,2,1,7,4-2-1,Promising Newcomers
17194,166,1,282.39,2,2,2,6,2-2-2,Fading Customers
17195,291,1,366.9,1,2,3,6,1-2-3,Occasional Browsers
17196,63,1,272.05,3,2,2,7,3-2-2,Fading Customers
17198,1,2,256.61,5,3,2,10,5-3-2,Occasional Browsers
17199,218,1,53.68,1,2,1,4,1-2-1,Disengaged Low-Value
17200,23,3,176.71,4,4,2,10,4-4-2,Occasional Browsers
17201,159,3,707.02,2,4,4,10,2-4-4,Dormant Spenders
17202,56,1,70.65,3,2,1,6,3-2-1,Fading Customers
17203,24,4,367.94,4,4,3,11,4-4-3,Loyal Mid-Tier
17204,10,4,1336.47,5,4,5,14,5-4-5,High-Value Regulars
17205,52,2,68.03,3,3,1,7,3-3-1,Fading Customers
17207,288,1,257.64,1,2,2,5,1-2-2,Disengaged Low-Value
17208,31,1,111.15,4,2,1,7,4-2-1,Promising Newcomers
17209,285,2,252.95,1,3,2,6,1-3-2,Occasional Browsers
17210,28,1,244.16,4,2,2,8,4-2-2,Promising Newcomers
17211,5,6,1616.42,5,5,5,15,5-5-5,High-Value Regulars
17212,94,2,418.34,2,3,3,8,2-3-3,Fading Customers
17213,2,7,2037.42,5,5,5,15,5-5-5,High-Value Regulars
17215,100,1,96.15,2,2,1,5,2-2-1,Fading Customers
17216,190,1,55.1,1,2,1,4,1-2-1,Disengaged Low-Value
17217,255,1,55.8,1,2,1,4,1-2-1,Disengaged Low-Value
17218,4,9,1727.51,5,5,5,15,5-5-5,High-Value Regulars
17219,52,1,144.9,3,2,1,6,3-2-1,Fading Customers
17220,53,7,1170.01,3,5,4,12,3-5-4,Loyal Mid-Tier
17221,243,2,281.86,1,3,2,6,1-3-2,Occasional Browsers
17222,113,5,844.7,2,4,4,10,2-4-4,Dormant Spenders
17223,4,2,235.04,5,3,2,10,5-3-2,Occasional Browsers
17224,137,1,22.36,2,2,1,5,2-2-1,Fading Customers
17225,217,1,37.65,1,2,1,4,1-2-1,Disengaged Low-Value
17226,80,2,249.23,2,3,2,7,2-3-2,Fading Customers
17227,4,7,428.53,5,5,3,13,5-5-3,Loyal Mid-Tier
17228,3,7,1163.14,5,5,4,14,5-5-4,High-Value Regulars
17230,219,9,1851.87,1,5,5,11,1-5-5,Dormant Spenders
17231,25,14,3185.78,4,5,5,14,4-5-5,High-Value Regulars
17233,84,2,265.93,2,3,2,7,2-3-2,Fading Customers
17235,8,7,672.62,5,5,4,14,5-5-4,High-Value Regulars
17236,46,6,348.98,3,5,3,11,3-5-3,Loyal Mid-Tier
17237,11,2,611.04,5,3,4,12,5-3-4,Loyal Mid-Tier
17238,7,17,3421.6,5,5,5,15,5-5-5,High-Value Regulars
17239,23,3,289.75,4,4,2,10,4-4-2,Occasional Browsers
17240,232,1,100.0,1,2,1,4,1-2-1,Disengaged Low-Value
17241,21,12,1536.14,4,5,5,14,4-5-5,High-Value Regulars
17242,92,3,599.0,2,4,4,10,2-4-4,Dormant Spenders
17243,5,44,6601.85,5,5,5,15,5-5-5,High-Value Regulars
17244,19,4,573.74,4,4,3,11,4-4-3,Loyal Mid-Tier
17245,325,1,121.34,1,2,1,4,1-2-1,Disengaged Low-Value
17246,182,2,28.97,1,3,1,5,1-3-1,Occasional Browsers
17248,117,1,181.89,2,2,2,6,2-2-2,Fading Customers
17249,64,1,68.03,3,2,1,6,3-2-1,Fading Customers
17251,18,2,468.7,4,3,3,10,4-3-3,Loyal Mid-Tier
17254,37,1,190.34,3,2,2,7,3-2-2,Fading Customers
17255,26,2,408.41,4,3,3,10,4-3-3,Loyal Mid-Tier
17256,236,2,56.13,1,3,1,5,1-3-1,Occasional Browsers
17257,72,1,68.35,2,2,1,5,2-2-1,Fading Customers
17258,32,2,417.3,4,3,3,10,4-3-3,Loyal Mid-Tier
17259,4,5,1050.61,5,4,4,13,5-4-4,High-Value Regulars
17260,47,1,81.0,3,2,1,6,3-2-1,Fading Customers
17261,145,1,141.69,2,2,1,5,2-2-1,Fading Customers
17264,60,1,214.38,3,2,2,7,3-2-2,Fading Customers
17266,135,2,141.49,2,3,1,6,2-3-1,Fading Customers
17268,127,3,211.2,2,4,2,8,2-4-2,Occasional Browsers
17269,21,1,433.91,4,2,3,9,4-2-3,Promising Newcomers
17270,105,2,327.45,2,3,3,8,2-3-3,Fading Customers
17271,372,1,165.95,1,2,2,5,1-2-2,Disengaged Low-Value
17273,60,1,141.12,3,2,1,6,3-2-1,Fading Customers
17274,31,1,419.65,4,2,3,9,4-2-3,Promising Newcomers
17275,19,1,73.45,4,2,1,7,4-2-1,Promising Newcomers
17276,38,1,374.39,3,2,3,8,3-2-3,Fading Customers
17278,201,1,25.2,1,2,1,4,1-2-1,Disengaged Low-Value
17280,74,1,118.86,2,2,1,5,2-2-1,Fading Customers
17282,92,2,447.71,2,3,3,8,2-3-3,Fading Customers
17283,14,1,107.21,5,2,1,8,5-2-1,Promising Newcomers
17284,25,1,730.33,4,2,4,10,4-2-4,Promising Newcomers
17285,264,2,240.29,1,3,2,6,1-3-2,Occasional Browsers
17286,36,2,131.81,4,3,1,8,4-3-1,Occasional Browsers
17287,3,16,2172.59,5,5,5,15,5-5-5,High-Value Regulars
17288,26,4,607.65,4,4,4,12,4-4-4,High-Value Regulars
17289,12,6,865.86,5,5,4,14,5-5-4,High-Value Regulars
17290,17,5,429.36,4,4,3,11,4-4-3,Loyal Mid-Tier
17292,108,2,111.88,2,3,1,6,2-3-1,Fading Customers
17293,30,8,1014.55,4,5,4,13,4-5-4,High-Value Regulars
17294,305,2,112.02,1,3,1,5,1-3-1,Occasional Browsers
17296,366,1,190.83,1,2,2,5,1-2-2,Disengaged Low-Value
17298,129,2,188.42,2,3,2,7,2-3-2,Fading Customers
17299,75,2,336.62,2,3,3,8,2-3-3,Fading Customers
17300,26,2,206.49,4,3,2,9,4-3-2,Occasional Browsers
17301,260,1,131.15,1,2,1,4,1-2-1,Disengaged Low-Value
17304,170,1,50.5,2,2,1,5,2-2-1,Fading Customers
17307,31,5,167.55,4,4,2,10,4-4-2,Occasional Browsers
17309,17,2,179.49,4,3,2,9,4-3-2,Occasional Browsers
17311,28,4,495.01,4,4,3,11,4-4-3,Loyal Mid-Tier
17314,29,9,1623.33,4,5,5,14,4-5-5,High-Value Regulars
17315,11,5,2009.01,5,4,5,14,5-4-5,High-Value Regulars
17316,56,1,124.45,3,2,1,6,3-2-1,Fading Customers
17318,361,1,139.43,1,2,1,4,1-2-1,Disengaged Low-Value
17319,305,1,29.1,1,2,1,4,1-2-1,Disengaged Low-Value
17320,4,4,1191.78,5,4,4,13,5-4-4,High-Value Regulars
17321,30,4,748.15,4,4,4,12,4-4-4,High-Value Regulars
17322,12,5,854.78,5,4,4,13,5-4-4,High-Value Regulars
17323,43,5,644.52,3,4,4,11,3-4-4,Loyal Mid-Tier
17324,2,8,608.31,5,5,4,14,5-5-4,High-Value Regulars
17325,46,2,350.66,3,3,3,9,3-3-3,Loyal Mid-Tier
17326,44,2,242.61,3,3,2,8,3-3-2,Fading Customers
17327,198,1,4.25,1,2,1,4,1-2-1,Disengaged Low-Value
17328,309,1,29.7,1,2,1,4,1-2-1,Disengaged Low-Value
17329,367,3,465.34,1,4,3,8,1-4-3,Occasional Browsers
17332,164,5,617.16,2,4,4,10,2-4-4,Dormant Spenders
17334,42,1,238.08,3,2,2,7,3-2-2,Fading Customers
17335,19,2,258.24,4,3,2,9,4-3-2,Occasional Browsers
17338,11,9,4757.85,5,5,5,15,5-5-5,High-Value Regulars
17339,1,1,60.0,5,2,1,8,5-2-1,Promising Newcomers
17340,2,8,3812.64,5,5,5,15,5-5-5,High-Value Regulars
17341,2,3,759.22,5,4,4,13,5-4-4,High-Value Regulars
17342,15,4,392.55,5,4,3,12,5-4-3,Loyal Mid-Tier
17343,12,5,759.8,5,4,4,13,5-4-4,High-Value Regulars
17344,364,1,205.99,1,2,2,5,1-2-2,Disengaged Low-Value
17345,11,6,684.81,5,5,4,14,5-5-4,High-Value Regulars
17346,9,12,2146.38,5,5,5,15,5-5-5,High-Value Regulars
17348,73,4,971.48,2,4,4,10,2-4-4,Dormant Spenders
17349,16,3,340.48,4,4,3,11,4-4-3,Loyal Mid-Tier
17350,30,3,458.03,4,4,3,11,4-4-3,Loyal Mid-Tier
17351,105,7,205.33,2,5,2,9,2-5-2,Occasional Browsers
17352,332,1,36.25,1,2,1,4,1-2-1,Disengaged Low-Value
17354,64,2,358.67,3,3,3,9,3-3-3,Loyal Mid-Tier
17355,22,1,153.09,4,2,1,7,4-2-1,Promising Newcomers
17356,190,4,609.49,1,4,4,9,1-4-4,Dormant Spenders
17358,12,3,407.85,5,4,3,12,5-4-3,Loyal Mid-Tier
17359,284,1,133.9,1,2,1,4,1-2-1,Disengaged Low-Value
17360,21,3,429.52,4,4,3,11,4-4-3,Loyal Mid-Tier
17361,312,2,260.59,1,3,2,6,1-3-2,Occasional Browsers
17362,36,5,598.06,4,4,4,12,4-4-4,High-Value Regulars
17363,31,3,329.76,4,4,3,11,4-4-3,Loyal Mid-Tier
17364,12,16,5274.67,5,5,5,15,5-5-5,High-Value Regulars
17365,23,6,2771.26,4,5,5,14,4-5-5,High-Value Regulars
17366,68,2,685.22,3,3,4,10,3-3-4,Loyal Mid-Tier
17368,11,5,424.65,5,4,3,12,5-4-3,Loyal Mid-Tier
17371,259,3,219.97,1,4,2,7,1-4-2,Occasional Browsers
17372,17,19,2129.74,4,5,5,14,4-5-5,High-Value Regulars
17373,54,3,422.48,3,4,3,10,3-4-3,Loyal Mid-Tier
17374,31,1,104.14,4,2,1,7,4-2-1,Promising Newcomers
17375,67,1,244.55,3,2,2,7,3-2-2,Fading Customers
17376,40,2,210.64,3,3,2,8,3-3-2,Fading Customers
17377,1,59,9191.31,5,5,5,15,5-5-5,High-Value Regulars
17380,70,3,72.6,3,4,1,8,3-4-1,Occasional Browsers
17382,86,3,103.2,2,4,1,7,2-4-1,Occasional Browsers
17383,89,1,1.25,2,2,1,5,2-2-1,Fading Customers
17384,103,1,28.35,2,2,1,5,2-2-1,Fading Customers
17386,21,1,88.0,4,2,1,7,4-2-1,Promising Newcomers
17388,56,4,196.6,3,4,2,9,3-4-2,Occasional Browsers
17389,10,17,935.24,5,5,4,14,5-5-4,High-Value Regulars
17390,56,1,32.3,3,2,1,6,3-2-1,Fading Customers
17392,86,1,89.2,2,2,1,5,2-2-1,Fading Customers
17393,46,2,209.73,3,3,2,8,3-3-2,Fading Customers
17395,144,1,52.5,2,2,1,5,2-2-1,Fading Customers
17396,53,2,143.4,3,3,1,7,3-3-1,Fading Customers
17397,52,1,320.27,3,2,3,8,3-2-3,Fading Customers
17400,217,3,2125.26,1,4,5,10,1-4-5,Dormant Spenders
17401,177,1,90.45,2,2,1,5,2-2-1,Fading Customers
17402,5,10,670.18,5,5,4,14,5-5-4,High-Value Regulars
17403,86,1,76.25,2,2,1,5,2-2-1,Fading Customers
17404,63,4,118.6,3,4,1,8,3-4-1,Occasional Browsers
17406,2,8,1693.71,5,5,5,15,5-5-5,High-Value Regulars
17407,47,1,419.4,3,2,3,8,3-2-3,Fading Customers
17408,150,1,47.7,2,2,1,5,2-2-1,Fading Customers
17409,57,7,714.45,3,5,4,12,3-5-4,Loyal Mid-Tier
17411,22,2,499.8,4,3,3,10,4-3-3,Loyal Mid-Tier
17412,8,10,2173.18,5,5,5,15,5-5-5,High-Value Regulars
17413,40,1,131.1,3,2,1,6,3-2-1,Fading Customers
17414,59,2,56.0,3,3,1,7,3-3-1,Fading Customers
17416,29,15,5385.15,4,5,5,14,4-5-5,High-Value Regulars
17417,184,1,156.23,1,2,1,4,1-2-1,Disengaged Low-Value
17418,23,1,166.28,4,2,2,8,4-2-2,Promising Newcomers
17419,3,8,1449.54,5,5,5,15,5-5-5,High-Value Regulars
17420,9,4,432.75,5,4,3,12,5-4-3,Loyal Mid-Tier
17421,22,3,844.35,4,4,4,12,4-4-4,High-Value Regulars
17422,17,5,1251.67,4,4,5,13,4-4-5,High-Value Regulars
17423,29,1,204.3,4,2,2,8,4-2-2,Promising Newcomers
17426,88,7,2375.15,2,5,5,12,2-5-5,Dormant Spenders
17428,4,16,4896.72,5,5,5,15,5-5-5,High-Value Regulars
17429,32,2,788.69,4,3,4,11,4-3-4,Loyal Mid-Tier
17430,1,3,412.9,5,4,3,12,5-4-3,Loyal Mid-Tier
17432,21,7,1205.93,4,5,4,13,4-5-4,High-Value Regulars
17433,21,1,221.95,4,2,2,8,4-2-2,Promising Newcomers
17435,47,1,215.85,3,2,2,7,3-2-2,Fading Customers
17436,229,2,122.4,1,3,1,5,1-3-1,Occasional Browsers
17437,165,1,310.44,2,2,2,6,2-2-2,Fading Customers
17438,80,3,626.86,2,4,4,10,2-4-4,Dormant Spenders
17439,291,1,70.2,1,2,1,4,1-2-1,Disengaged Low-Value
17441,368,1,280.75,1,2,2,5,1-2-2,Disengaged Low-Value
17442,17,8,2030.67,4,5,5,14,4-5-5,High-Value Regulars
17448,165,41,13810.1,2,5,5,12,2-5-5,Dormant Spenders
17449,23,6,2006.75,4,5,5,14,4-5-5,High-Value Regulars
17450,46,2,854.74,3,3,4,10,3-3-4,Loyal Mid-Tier
17454,98,6,876.76,2,5,4,11,2-5-4,Dormant Spenders
17456,1,2,832.87,5,3,4,12,5-3-4,Loyal Mid-Tier
17457,51,6,216.3,3,5,2,10,3-5-2,Occasional Browsers
17458,17,1,204.58,4,2,2,8,4-2-2,Promising Newcomers
17460,22,10,1108.34,4,5,4,13,4-5-4,High-Value Regulars
17463,196,2,588.15,1,3,4,8,1-3-4,Dormant Spenders
17464,158,2,183.88,2,3,2,7,2-3-2,Fading Customers
17465,61,7,2182.48,3,5,5,13,3-5-5,Loyal Mid-Tier
17467,31,1,42.9,4,2,1,7,4-2-1,Promising Newcomers
17468,11,1,57.8,5,2,1,8,5-2-1,Promising Newcomers
17469,36,12,2682.65,4,5,5,14,4-5-5,High-Value Regulars
17470,3,7,1188.22,5,5,4,14,5-5-4,High-Value Regulars
17471,110,1,321.65,2,2,3,7,2-2-3,Fading Customers
17472,264,1,207.81,1,2,2,5,1-2-2,Disengaged Low-Value
17473,44,2,476.2,3,3,3,9,3-3-3,Loyal Mid-Tier
17476,31,2,274.81,4,3,2,9,4-3-2,Occasional Browsers
17477,248,2,441.55,1,3,3,7,1-3-3,Occasional Browsers
17478,44,2,652.82,3,3,4,10,3-3-4,Loyal Mid-Tier
17479,268,1,329.86,1,2,3,6,1-2-3,Occasional Browsers
17480,80,1,325.41,2,2,3,7,2-2-3,Fading Customers
17482,123,2,588.99,2,3,4,9,2-3-4,Fading Customers
17483,50,1,67.44,3,2,1,6,3-2-1,Fading Customers
17484,212,2,123.47,1,3,1,5,1-3-1,Occasional Browsers
17487,364,1,140.6,1,2,1,4,1-2-1,Disengaged Low-Value
17488,277,1,336.5,1,2,3,6,1-2-3,Occasional Browsers
17490,24,2,587.28,4,3,4,11,4-3-4,Loyal Mid-Tier
17491,3,7,1064.9,5,5,4,14,5-5-4,High-Value Regulars
17492,114,2,327.6,2,3,3,8,2-3-3,Fading Customers
17493,21,1,100.91,4,2,1,7,4-2-1,Promising Newcomers
17494,137,1,34.8,2,2,1,5,2-2-1,Fading Customers
17495,26,1,206.46,4,2,2,8,4-2-2,Promising Newcomers
17496,199,3,960.49,1,4,4,9,1-4-4,Dormant Spenders
17497,26,2,60.0,4,3,1,8,4-3-1,Occasional Browsers
17499,197,1,353.46,1,2,3,6,1-2-3,Occasional Browsers
17504,16,9,2565.36,4,5,5,14,4-5-5,High-Value Regulars
17505,186,3,626.33,1,4,4,9,1-4-4,Dormant Spenders
17508,17,7,2620.91,4,5,5,14,4-5-5,High-Value Regulars
17510,56,1,178.36,3,2,2,7,3-2-2,Fading Customers
17511,3,25,3624.74,5,5,5,15,5-5-5,High-Value Regulars
17512,88,6,1407.15,2,5,5,12,2-5-5,Dormant Spenders
17513,115,1,50.4,2,2,1,5,2-2-1,Fading Customers
17514,305,1,304.85,1,2,2,5,1-2-2,Disengaged Low-Value
17515,30,5,451.86,4,4,3,11,4-4-3,Loyal Mid-Tier
17516,14,1,157.72,5,2,1,8,5-2-1,Promising Newcomers
17518,61,2,269.1,3,3,2,8,3-3-2,Fading Customers
17519,4,10,1702.25,5,5,5,15,5-5-5,High-Value Regulars
17521,30,2,470.4,4,3,3,10,4-3-3,Loyal Mid-Tier
17524,74,2,324.1,2,3,3,8,2-3-3,Fading Customers
17525,33,2,154.2,4,3,1,8,4-3-1,Occasional Browsers
17526,1,7,695.62,5,5,4,14,5-5-4,High-Value Regulars
17529,246,2,1025.95,1,3,4,8,1-3-4,Dormant Spenders
17530,1,3,582.7,5,4,4,13,5-4-4,High-Value Regulars
17531,163,2,738.14,2,3,4,9,2-3-4,Fading Customers
17532,21,1,65.34,4,2,1,7,4-2-1,Promising Newcomers
17533,70,1,34.8,3,2,1,6,3-2-1,Fading Customers
17534,87,4,1300.57,2,4,5,11,2-4-5,Dormant Spenders
17536,56,2,158.38,3,3,1,7,3-3-1,Fading Customers
17539,264,3,899.19,1,4,4,9,1-4-4,Dormant Spenders
17540,19,4,708.1,4,4,4,12,4-4-4,High-Value Regulars
17541,145,1,80.06,2,2,1,5,2-2-1,Fading Customers
17542,277,2,170.1,1,3,2,6,1-3-2,Occasional Browsers
17543,185,1,111.55,1,2,1,4,1-2-1,Disengaged Low-Value
17544,26,3,679.07,4,4,4,12,4-4-4,High-Value Regulars
17545,26,3,446.84,4,4,3,11,4-4-3,Loyal Mid-Tier
17547,11,2,497.25,5,3,3,11,5-3-3,Loyal Mid-Tier
17548,14,3,362.16,5,4,3,12,5-4-3,Loyal Mid-Tier
17550,33,6,1334.3,4,5,5,14,4-5-5,High-Value Regulars
17552,8,9,1712.74,5,5,5,15,5-5-5,High-Value Regulars
17555,61,3,557.48,3,4,3,10,3-4-3,Loyal Mid-Tier
17556,15,1,142.77,5,2,1,8,5-2-1,Promising Newcomers
17558,29,1,44.52,4,2,1,7,4-2-1,Promising Newcomers
17559,148,1,117.22,2,2,1,5,2-2-1,Fading Customers
17560,31,4,163.3,4,4,2,10,4-4-2,Occasional Browsers
17561,26,3,474.15,4,4,3,11,4-4-3,Loyal Mid-Tier
17563,214,2,379.63,1,3,3,7,1-3-3,Occasional Browsers
17565,222,1,115.38,1,2,1,4,1-2-1,Disengaged Low-Value
17567,8,2,820.3,5,3,4,12,5-3-4,Loyal Mid-Tier
17568,269,1,335.45,1,2,3,6,1-2-3,Occasional Browsers
17571,178,1,155.59,1,2,1,4,1-2-1,Disengaged Low-Value
17572,9,5,365.76,5,4,3,12,5-4-3,Loyal Mid-Tier
17575,303,1,20.4,1,2,1,4,1-2-1,Disengaged Low-Value
17576,1,22,3787.67,5,5,5,15,5-5-5,High-Value Regulars
17577,281,2,348.75,1,3,3,7,1-3-3,Occasional Browsers
17578,110,6,676.82,2,5,4,11,2-5-4,Dormant Spenders
17579,214,1,201.48,1,2,2,5,1-2-2,Disengaged Low-Value
17580,12,2,312.55,5,3,3,11,5-3-3,Loyal Mid-Tier
17581,8,20,5621.79,5,5,5,15,5-5-5,High-Value Regulars
17582,82,4,524.63,2,4,3,9,2-4-3,Occasional Browsers
17583,196,1,135.95,1,2,1,4,1-2-1,Disengaged Low-Value
17584,103,4,836.25,2,4,4,10,2-4-4,Dormant Spenders
17585,81,3,668.77,2,4,4,10,2-4-4,Dormant Spenders
17586,255,1,84.9,1,2,1,4,1-2-1,Disengaged Low-Value
17587,264,1,135.31,1,2,1,4,1-2-1,Disengaged Low-Value
17588,32,4,476.25,4,4,3,11,4-4-3,Loyal Mid-Tier
17589,21,14,8728.53,4,5,5,14,4-5-5,High-Value Regulars
17591,3,2,276.25,5,3,2,10,5-3-2,Occasional Browsers
17592,374,1,148.3,1,2,1,4,1-2-1,Disengaged Low-Value
17593,45,6,3049.11,3,5,5,13,3-5-5,Loyal Mid-Tier
17594,85,2,796.5,2,3,4,9,2-3-4,Fading Customers
17596,4,7,1166.78,5,5,4,14,5-5-4,High-Value Regulars
17597,54,4,990.13,3,4,4,11,3-4-4,Loyal Mid-Tier
17598,17,1,95.58,4,2,1,7,4-2-1,Promising Newcomers
17599,113,1,52.05,2,2,1,5,2-2-1,Fading Customers
17601,16,1,193.77,4,2,2,8,4-2-2,Promising Newcomers
17602,108,8,1730.3,2,5,5,12,2-5-5,Dormant Spenders
17603,253,3,982.18,1,4,4,9,1-4-4,Dormant Spenders
17604,58,4,586.88,3,4,4,11,3-4-4,Loyal Mid-Tier
17605,226,1,92.75,1,2,1,4,1-2-1,Disengaged Low-Value
17606,373,1,87.3,1,2,1,4,1-2-1,Disengaged Low-Value
17607,12,1,308.31,5,2,2,9,5-2-2,Promising Newcomers
17608,85,2,296.07,2,3,2,7,2-3-2,Fading Customers
17609,38,6,569.92,3,5,3,11,3-5-3,Loyal Mid-Tier
17610,176,5,1325.14,2,4,5,11,2-4-5,Dormant Spenders
17611,57,13,3805.58,3,5,5,13,3-5-5,Loyal Mid-Tier
17612,15,12,2682.99,5,5,5,15,5-5-5,High-Value Regulars
17615,23,3,270.2,4,4,2,10,4-4-2,Occasional Browsers
17617,194,1,338.69,1,2,3,6,1-2-3,Occasional Browsers
17618,19,8,2322.54,4,5,5,14,4-5-5,High-Value Regulars
17621,53,2,377.04,3,3,3,9,3-3-3,Loyal Mid-Tier
17622,233,2,608.67,1,3,4,8,1-3-4,Dormant Spenders
17623,45,6,1014.52,3,5,4,12,3-5-4,Loyal Mid-Tier
17624,73,2,647.05,2,3,4,9,2-3-4,Fading Customers
17625,82,4,3266.24,2,4,5,11,2-4-5,Dormant Spenders
17626,238,1,234.1,1,2,2,5,1-2-2,Disengaged Low-Value
17627,114,1,67.3,2,2,1,5,2-2-1,Fading Customers
17629,24,2,427.95,4,3,3,10,4-3-3,Loyal Mid-Tier
17631,10,4,438.96,5,4,3,12,5-4-3,Loyal Mid-Tier
17633,16,2,364.6,4,3,3,10,4-3-3,Loyal Mid-Tier
17635,60,3,1023.6,3,4,4,11,3-4-4,Loyal Mid-Tier
17639,23,5,399.72,4,4,3,11,4-4-3,Loyal Mid-Tier
17640,15,5,703.98,5,4,4,13,5-4-4,High-Value Regulars
17642,65,3,869.96,3,4,4,11,3-4-4,Loyal Mid-Tier
17643,9,2,348.15,5,3,3,11,5-3-3,Loyal Mid-Tier
17644,30,9,2426.07,4,5,5,14,4-5-5,High-Value Regulars
17646,1,10,1767.98,5,5,5,15,5-5-5,High-Value Regulars
17647,305,2,47.7,1,3,1,5,1-3-1,Occasional Browsers
17648,21,1,344.37,4,2,3,9,4-2-3,Promising Newcomers
17649,105,2,605.0,2,3,4,9,2-3-4,Fading Customers
17651,134,6,1324.72,2,5,5,12,2-5-5,Dormant Spenders
17655,2,3,329.74,5,4,3,12,5-4-3,Loyal Mid-Tier
17657,66,1,126.0,3,2,1,6,3-2-1,Fading Customers
17659,8,3,670.68,5,4,4,13,5-4-4,High-Value Regulars
17660,373,1,145.02,1,2,1,4,1-2-1,Disengaged Low-Value
17662,297,2,199.92,1,3,2,6,1-3-2,Occasional Browsers
17663,53,9,1978.61,3,5,5,13,3-5-5,Loyal Mid-Tier
17664,110,2,522.44,2,3,3,8,2-3-3,Fading Customers
17665,129,1,260.7,2,2,2,6,2-2-2,Fading Customers
17666,113,3,123.3,2,4,1,7,2-4-1,Occasional Browsers
17667,71,4,1417.45,3,4,5,12,3-4-5,Loyal Mid-Tier
17669,98,3,825.69,2,4,4,10,2-4-4,Dormant Spenders
17671,1,2,645.4,5,3,4,12,5-3-4,Loyal Mid-Tier
17672,53,4,1299.39,3,4,5,12,3-4-5,Loyal Mid-Tier
17673,11,6,1817.84,5,5,5,15,5-5-5,High-Value Regulars
17674,4,1,45.78,5,2,1,8,5-2-1,Promising Newcomers
17675,3,34,4598.82,5,5,5,15,5-5-5,High-Value Regulars
17676,2,5,1268.8,5,4,5,14,5-4-5,High-Value Regulars
17677,4,22,3836.34,5,5,5,15,5-5-5,High-Value Regulars
17678,239,1,183.9,1,2,2,5,1-2-2,Disengaged Low-Value
17679,157,5,789.36,2,4,4,10,2-4-4,Dormant Spenders
17680,19,2,153.3,4,3,1,8,4-3-1,Occasional Browsers
17681,318,1,105.0,1,2,1,4,1-2-1,Disengaged Low-Value
17682,4,6,1784.8,5,5,5,15,5-5-5,High-Value Regulars
17683,21,3,552.39,4,4,3,11,4-4-3,Loyal Mid-Tier
17685,8,6,871.9,5,5,4,14,5-5-4,High-Value Regulars
17686,59,2,2050.65,3,3,5,11,3-3-5,Loyal Mid-Tier
17687,56,1,381.68,3,2,3,8,3-2-3,Fading Customers
17688,29,1,256.5,4,2,2,8,4-2-2,Promising Newcomers
17689,24,2,310.78,4,3,2,9,4-3-2,Occasional Browsers
17690,2,8,1523.9,5,5,5,15,5-5-5,High-Value Regulars
17691,4,3,389.85,5,4,3,12,5-4-3,Loyal Mid-Tier
17692,32,8,1858.69,4,5,5,14,4-5-5,High-Value Regulars
17694,147,2,718.47,2,3,4,9,2-3-4,Fading Customers
17695,30,3,188.1,4,4,2,10,4-4-2,Occasional Browsers
17696,18,19,3191.24,4,5,5,14,4-5-5,High-Value Regulars
17699,112,2,266.05,2,3,2,7,2-3-2,Fading Customers
17700,17,10,2850.62,4,5,5,14,4-5-5,High-Value Regulars
17702,19,2,1088.12,4,3,4,11,4-3-4,Loyal Mid-Tier
17703,54,1,272.7,3,2,2,7,3-2-2,Fading Customers
17705,91,2,187.7,2,3,2,7,2-3-2,Fading Customers
17706,2,17,5504.6,5,5,5,15,5-5-5,High-Value Regulars
17707,12,6,194.7,5,5,2,12,5-5-2,Occasional Browsers
17708,38,2,569.85,3,3,3,9,3-3-3,Loyal Mid-Tier
17709,106,4,367.36,2,4,3,9,2-4-3,Occasional Browsers
17710,59,1,200.36,3,2,2,7,3-2-2,Fading Customers
17713,18,4,1049.04,4,4,4,12,4-4-4,High-Value Regulars
17714,60,4,904.17,3,4,4,11,3-4-4,Loyal Mid-Tier
17716,32,11,4980.77,4,5,5,14,4-5-5,High-Value Regulars
17717,57,1,261.62,3,2,2,7,3-2-2,Fading Customers
17718,280,1,247.63,1,2,2,5,1-2-2,Disengaged Low-Value
17720,15,6,905.15,5,5,4,14,5-5-4,High-Value Regulars
17721,295,1,189.61,1,2,2,5,1-2-2,Disengaged Low-Value
17722,2,2,1467.77,5,3,5,13,5-3-5,Loyal Mid-Tier
17726,31,7,993.91,4,5,4,13,4-5-4,High-Value Regulars
17728,40,2,1132.25,3,3,4,10,3-3-4,Loyal Mid-Tier
17729,232,1,421.7,1,2,3,6,1-2-3,Occasional Browsers
17730,18,6,895.06,4,5,4,13,4-5-4,High-Value Regulars
17731,257,2,421.18,1,3,3,7,1-3-3,Occasional Browsers
17732,8,8,1661.97,5,5,5,15,5-5-5,High-Value Regulars
17734,161,3,574.59,2,4,3,9,2-4-3,Occasional Browsers
17735,3,8,3093.02,5,5,5,15,5-5-5,High-Value Regulars
17738,31,9,1997.41,4,5,5,14,4-5-5,High-Value Regulars
17739,10,11,984.9,5,5,4,14,5-5-4,High-Value Regulars
17740,277,2,110.7,1,3,1,5,1-3-1,Occasional Browsers
17741,42,2,69.9,3,3,1,7,3-3-1,Fading Customers
17742,64,9,711.7,3,5,4,12,3-5-4,Loyal Mid-Tier
17744,16,1,164.94,4,2,2,8,4-2-2,Promising Newcomers
17745,113,2,267.09,2,3,2,7,2-3-2,Fading Customers
17746,107,3,361.52,2,4,3,9,2-4-3,Occasional Browsers
17748,163,1,204.65,2,2,2,6,2-2-2,Fading Customers
17749,182,1,263.76,1,2,2,5,1-2-2,Disengaged Low-Value
17751,57,1,122.69,3,2,1,6,3-2-1,Fading Customers
17753,100,4,220.56,2,4,2,8,2-4-2,Occasional Browsers
17754,122,6,917.73,2,5,4,11,2-5-4,Dormant Spenders
17756,11,3,627.24,5,4,4,13,5-4-4,High-Value Regulars
17757,4,28,2808.73,5,5,5,15,5-5-5,High-Value Regulars
17758,63,4,1200.96,3,4,4,11,3-4-4,Loyal Mid-Tier
17759,29,2,344.36,4,3,3,10,4-3-3,Loyal Mid-Tier
17760,9,5,379.38,5,4,3,12,5-4-3,Loyal Mid-Tier
17762,92,1,117.15,2,2,1,5,2-2-1,Fading Customers
17763,289,3,61.2,1,4,1,6,1-4-1,Occasional Browsers
17764,38,3,511.11,3,4,3,10,3-4-3,Loyal Mid-Tier
17765,84,1,99.47,2,2,1,5,2-2-1,Fading Customers
17766,17,2,265.81,4,3,2,9,4-3-2,Occasional Browsers
17767,46,1,141.85,3,2,1,6,3-2-1,Fading Customers
17768,23,3,725.88,4,4,4,12,4-4-4,High-Value Regulars
17769,19,7,2119.85,4,5,5,14,4-5-5,High-Value Regulars
17771,72,2,87.8,2,3,1,6,2-3-1,Fading Customers
17772,28,1,142.15,4,2,1,7,4-2-1,Promising Newcomers
17773,150,2,469.57,2,3,3,8,2-3-3,Fading Customers
17774,33,5,1572.63,4,4,5,13,4-4-5,High-Value Regulars
17776,22,2,266.66,4,3,2,9,4-3-2,Occasional Browsers
17778,297,1,72.9,1,2,1,4,1-2-1,Disengaged Low-Value
17780,303,3,294.96,1,4,2,7,1-4-2,Occasional Browsers
17782,18,2,483.34,4,3,3,10,4-3-3,Loyal Mid-Tier
17783,148,1,82.99,2,2,1,5,2-2-1,Fading Customers
17784,186,1,84.99,1,2,1,4,1-2-1,Disengaged Low-Value
17785,81,2,178.49,2,3,2,7,2-3-2,Fading Customers
17787,7,1,490.23,5,2,3,10,5-2-3,Promising Newcomers
17789,297,1,154.25,1,2,1,4,1-2-1,Disengaged Low-Value
17790,14,6,567.11,5,5,3,13,5-5-3,Loyal Mid-Tier
17792,103,2,300.8,2,3,2,7,2-3-2,Fading Customers
17794,322,2,102.3,1,3,1,5,1-3-1,Occasional Browsers
17796,5,4,527.39,5,4,3,12,5-4-3,Loyal Mid-Tier
17797,31,5,958.89,4,4,4,12,4-4-4,High-Value Regulars
17798,217,1,178.07,1,2,2,5,1-2-2,Disengaged Low-Value
17799,25,9,2736.57,4,5,5,14,4-5-5,High-Value Regulars
17801,87,3,726.35,2,4,4,10,2-4-4,Dormant Spenders
17802,8,8,2736.86,5,5,5,15,5-5-5,High-Value Regulars
17803,28,1,171.91,4,2,2,8,4-2-2,Promising Newcomers
17804,12,3,333.89,5,4,3,12,5-4-3,Loyal Mid-Tier
17807,31,3,379.37,4,4,3,11,4-4-3,Loyal Mid-Tier
17808,184,3,159.95,1,4,1,6,1-4-1,Occasional Browsers
17809,7,6,296.55,5,5,2,12,5-5-2,Occasional Browsers
17810,304,2,283.66,1,3,2,6,1-3-2,Occasional Browsers
17811,10,8,1435.68,5,5,5,15,5-5-5,High-Value Regulars
17812,4,4,343.08,5,4,3,12,5-4-3,Loyal Mid-Tier
17814,11,2,1252.15,5,3,5,13,5-3-5,Loyal Mid-Tier
17815,29,1,159.6,4,2,1,7,4-2-1,Promising Newcomers
17816,1,3,75.76,5,4,1,10,5-4-1,Occasional Browsers
17817,14,3,384.02,5,4,3,12,5-4-3,Loyal Mid-Tier
17818,373,1,124.78,1,2,1,4,1-2-1,Disengaged Low-Value
17819,7,5,315.19,5,4,3,12,5-4-3,Loyal Mid-Tier
17820,10,1,106.24,5,2,1,8,5-2-1,Promising Newcomers
17822,56,5,969.39,3,4,4,11,3-4-4,Loyal Mid-Tier
17823,57,2,380.45,3,3,3,9,3-3-3,Loyal Mid-Tier
17825,234,4,404.36,1,4,3,8,1-4-3,Occasional Browsers
17826,10,1,125.39,5,2,1,8,5-2-1,Promising Newcomers
17827,257,1,382.54,1,2,3,6,1-2-3,Occasional Browsers
17829,60,3,2204.08,3,4,5,12,3-4-5,Loyal Mid-Tier
17833,359,1,320.56,1,2,3,6,1-2-3,Occasional Browsers
17834,50,2,329.17,3,3,3,9,3-3-3,Loyal Mid-Tier
17838,1,8,1886.21,5,5,5,15,5-5-5,High-Value Regulars
17840,79,1,165.95,2,2,2,6,2-2-2,Fading Customers
17841,1,89,19551.04,5,5,5,15,5-5-5,High-Value Regulars
17842,238,1,228.15,1,2,2,5,1-2-2,Disengaged Low-Value
17843,47,1,114.92,3,2,1,6,3-2-1,Fading Customers
17845,191,4,461.35,1,4,3,8,1-4-3,Occasional Browsers
17847,151,2,36.37,2,3,1,6,2-3-1,Fading Customers
17848,53,15,577.28,3,5,3,11,3-5-3,Loyal Mid-Tier
17849,116,3,154.16,2,4,1,7,2-4-1,Occasional Browsers
17850,8,155,41257.56,5,5,5,15,5-5-5,High-Value Regulars
17851,58,6,1268.35,3,5,5,13,3-5-5,Loyal Mid-Tier
17852,24,3,456.92,4,4,3,11,4-4-3,Loyal Mid-Tier
17853,43,3,1124.73,3,4,4,11,3-4-4,Loyal Mid-Tier
17854,98,4,583.67,2,4,4,10,2-4-4,Dormant Spenders
17855,8,1,199.02,5,2,2,9,5-2-2,Promising Newcomers
17858,5,12,1255.27,5,5,5,15,5-5-5,High-Value Regulars
17860,4,4,571.7,5,4,3,12,5-4-3,Loyal Mid-Tier
17861,21,10,1928.57,4,5,5,14,4-5-5,High-Value Regulars
17862,21,3,418.09,4,4,3,11,4-4-3,Loyal Mid-Tier
17863,5,7,1517.82,5,5,5,15,5-5-5,High-Value Regulars
17864,21,2,258.24,4,3,2,9,4-3-2,Occasional Browsers
17865,11,25,8191.14,5,5,5,15,5-5-5,High-Value Regulars
17866,120,2,144.0,2,3,1,6,2-3-1,Fading Customers
17867,46,6,168.45,3,5,2,10,3-5-2,Occasional Browsers
17868,22,1,207.25,4,2,2,8,4-2-2,Promising Newcomers
17869,4,3,271.05,5,4,2,11,5-4-2,Occasional Browsers
17871,33,4,522.09,4,4,3,11,4-4-3,Loyal Mid-Tier
17872,17,1,160.27,4,2,1,7,4-2-1,Promising Newcomers
17873,9,11,1393.9,5,5,5,15,5-5-5,High-Value Regulars
17875,324,1,167.1,1,2,2,5,1-2-2,Disengaged Low-Value
17878,31,2,608.16,4,3,4,11,4-3-4,Loyal Mid-Tier
17880,275,2,321.0,1,3,3,7,1-3-3,Occasional Browsers
17882,15,2,230.26,5,3,2,10,5-3-2,Occasional Browsers
17883,175,3,175.78,2,4,2,8,2-4-2,Occasional Browsers
17884,4,17,1854.37,5,5,5,15,5-5-5,High-Value Regulars
17886,73,3,212.68,2,4,2,8,2-4-2,Occasional Browsers
17888,10,14,645.22,5,5,4,14,5-5-4,High-Value Regulars
17889,10,5,495.95,5,4,3,12,5-4-3,Loyal Mid-Tier
17894,2,10,1204.74,5,5,4,14,5-5-4,High-Value Regulars
17897,3,8,1022.73,5,5,4,14,5-5-4,High-Value Regulars
17898,88,2,68.77,2,3,1,6,2-3-1,Fading Customers
17901,157,1,30.0,2,2,1,5,2-2-1,Fading Customers
17902,182,1,108.04,1,2,1,4,1-2-1,Disengaged Low-Value
17903,30,1,331.74,4,2,3,9,4-2-3,Promising Newcomers
17905,9,10,583.45,5,5,4,14,5-5-4,High-Value Regulars
17907,276,1,80.08,1,2,1,4,1-2-1,Disengaged Low-Value
17908,9,5,902.03,5,4,4,13,5-4-4,High-Value Regulars
17909,373,1,77.4,1,2,1,4,1-2-1,Disengaged Low-Value
17910,362,1,245.8,1,2,2,5,1-2-2,Disengaged Low-Value
17912,11,1,64.49,5,2,1,8,5-2-1,Promising Newcomers
17913,36,12,2631.55,4,5,5,14,4-5-5,High-Value Regulars
17915,187,1,163.85,1,2,2,5,1-2-2,Disengaged Low-Value
17916,264,2,22.99,1,3,1,5,1-3-1,Occasional Browsers
17918,136,3,172.23,2,4,2,8,2-4-2,Occasional Browsers
17919,74,1,162.72,2,2,2,6,2-2-2,Fading Customers
17920,4,38,7546.59,5,5,5,15,5-5-5,High-Value Regulars
17921,15,6,1280.23,5,5,5,15,5-5-5,High-Value Regulars
17922,179,1,92.9,1,2,1,4,1-2-1,Disengaged Low-Value
17926,80,3,372.6,2,4,3,9,2-4-3,Occasional Browsers
17927,357,1,147.6,1,2,1,4,1-2-1,Disengaged Low-Value
17928,207,1,46.2,1,2,1,4,1-2-1,Disengaged Low-Value
17930,29,7,340.58,4,5,3,12,4-5-3,Loyal Mid-Tier
17931,33,12,1521.24,4,5,5,14,4-5-5,High-Value Regulars
17933,268,1,114.69,1,2,1,4,1-2-1,Disengaged Low-Value
17934,42,1,327.9,3,2,3,8,3-2-3,Fading Customers
17935,36,4,273.95,4,4,2,10,4-4-2,Occasional Browsers
17938,56,1,128.39,3,2,1,6,3-2-1,Fading Customers
17944,59,1,67.04,3,2,1,6,3-2-1,Fading Customers
17945,332,3,279.1,1,4,2,7,1-4-2,Occasional Browsers
17950,1,6,678.66,5,5,4,14,5-5-4,High-Value Regulars
17951,9,2,53.1,5,3,1,9,5-3-1,Occasional Browsers
17952,14,4,476.31,5,4,3,12,5-4-3,Loyal Mid-Tier
17953,176,1,133.67,2,2,1,5,2-2-1,Fading Customers
17954,7,8,1379.68,5,5,5,15,5-5-5,High-Value Regulars
17955,301,1,25.0,1,2,1,4,1-2-1,Disengaged Low-Value
17958,364,1,156.32,1,2,1,4,1-2-1,Disengaged Low-Value
17960,158,2,53.35,2,3,1,6,2-3-1,Fading Customers
17961,8,58,1436.2,5,5,5,15,5-5-5,High-Value Regulars
17962,185,3,519.94,1,4,3,8,1-4-3,Occasional Browsers
17963,107,4,451.51,2,4,3,9,2-4-3,Occasional Browsers
17964,8,1,163.0,5,2,2,9,5-2-2,Promising Newcomers
17965,1,17,3555.48,5,5,5,15,5-5-5,High-Value Regulars
17966,227,4,318.47,1,4,3,8,1-4-3,Occasional Browsers
17967,7,2,185.62,5,3,2,10,5-3-2,Occasional Browsers
17968,9,4,442.09,5,4,3,12,5-4-3,Loyal Mid-Tier
17969,138,18,1305.98,2,5,5,12,2-5-5,Dormant Spenders
17971,184,1,146.04,1,2,1,4,1-2-1,Disengaged Low-Value
17974,17,3,811.43,4,4,4,12,4-4-4,High-Value Regulars
17975,2,12,1393.77,5,5,5,15,5-5-5,High-Value Regulars
17976,8,1,282.64,5,2,2,9,5-2-2,Promising Newcomers
17977,36,1,744.03,4,2,4,10,4-2-4,Promising Newcomers
17978,1,4,451.06,5,4,3,12,5-4-3,Loyal Mid-Tier
17980,29,1,175.77,4,2,2,8,4-2-2,Promising Newcomers
17981,46,1,160.02,3,2,1,6,3-2-1,Fading Customers
17982,316,1,127.74,1,2,1,4,1-2-1,Disengaged Low-Value
17983,31,1,116.76,4,2,1,7,4-2-1,Promising Newcomers
17984,28,4,837.01,4,4,4,12,4-4-4,High-Value Regulars
17987,12,4,565.51,5,4,3,12,5-4-3,Loyal Mid-Tier
17988,123,7,241.87,2,5,2,9,2-5-2,Occasional Browsers
17989,15,1,185.85,5,2,2,9,5-2-2,Promising Newcomers
17990,16,3,405.52,4,4,3,11,4-4-3,Loyal Mid-Tier
17991,227,1,164.3,1,2,2,5,1-2-2,Disengaged Low-Value
17992,25,1,225.33,4,2,2,8,4-2-2,Promising Newcomers
17993,253,1,162.84,1,2,2,5,1-2-2,Disengaged Low-Value
17994,24,7,1177.92,4,5,4,13,4-5-4,High-Value Regulars
17995,18,2,196.63,4,3,2,9,4-3-2,Occasional Browsers
17996,15,3,278.71,5,4,2,11,5-4-2,Occasional Browsers
17998,16,3,313.3,4,4,3,11,4-4-3,Loyal Mid-Tier
17999,2,2,275.81,5,3,2,10,5-3-2,Occasional Browsers
18000,200,1,29.3,1,2,1,4,1-2-1,Disengaged Low-Value
18001,85,3,362.49,2,4,3,9,2-4-3,Occasional Browsers
18002,11,4,159.57,5,4,1,10,5-4-1,Occasional Browsers
18003,12,1,221.15,5,2,2,9,5-2-2,Promising Newcomers
18006,17,3,324.96,4,4,3,11,4-4-3,Loyal Mid-Tier
18007,28,1,189.77,4,2,2,8,4-2-2,Promising Newcomers
18008,77,6,331.8,2,5,3,10,2-5-3,Occasional Browsers
18009,178,6,941.39,1,5,4,10,1-5-4,Dormant Spenders
18011,9,2,275.64,5,3,2,10,5-3-2,Occasional Browsers
18012,359,1,53.65,1,2,1,4,1-2-1,Disengaged Low-Value
18016,46,2,441.2,3,3,3,9,3-3-3,Loyal Mid-Tier
18018,35,2,39.35,4,3,1,8,4-3-1,Occasional Browsers
18020,179,1,77.73,1,2,1,4,1-2-1,Disengaged Low-Value
18021,145,2,175.76,2,3,2,7,2-3-2,Fading Customers
18022,21,4,786.02,4,4,4,12,4-4-4,High-Value Regulars
18025,15,6,939.89,5,5,4,14,5-5-4,High-Value Regulars
18026,136,2,32.85,2,3,1,6,2-3-1,Fading Customers
18028,219,1,39.65,1,2,1,4,1-2-1,Disengaged Low-Value
18029,278,1,240.45,1,2,2,5,1-2-2,Disengaged Low-Value
18031,14,1,334.59,5,2,3,10,5-2-3,Promising Newcomers
18034,11,1,289.44,5,2,2,9,5-2-2,Promising Newcomers
18036,21,8,779.62,4,5,4,13,4-5-4,High-Value Regulars
18037,57,7,49.05,3,5,1,9,3-5-1,Occasional Browsers
18038,192,1,113.58,1,2,1,4,1-2-1,Disengaged Low-Value
18039,10,4,404.37,5,4,3,12,5-4-3,Loyal Mid-Tier
18041,1,19,2750.43,5,5,5,15,5-5-5,High-Value Regulars
18042,177,1,86.25,2,2,1,5,2-2-1,Fading Customers
18043,2,1,234.56,5,2,2,9,5-2-2,Promising Newcomers
18044,23,8,733.36,4,5,4,13,4-5-4,High-Value Regulars
18046,285,1,104.48,1,2,1,4,1-2-1,Disengaged Low-Value
18047,17,2,215.79,4,3,2,9,4-3-2,Occasional Browsers
18048,129,1,199.94,2,2,2,6,2-2-2,Fading Customers
18049,73,2,383.97,2,3,3,8,2-3-3,Fading Customers
18050,29,1,289.8,4,2,2,8,4-2-2,Promising Newcomers
18051,270,6,398.84,1,5,3,9,1-5-3,Occasional Browsers
18053,163,1,149.4,2,2,1,5,2-2-1,Fading Customers
18054,28,1,176.5,4,2,2,8,4-2-2,Promising Newcomers
18055,3,5,2634.36,5,4,5,14,5-4-5,High-Value Regulars
18056,254,1,190.95,1,2,2,5,1-2-2,Disengaged Low-Value
18057,29,3,715.22,4,4,4,12,4-4-4,High-Value Regulars
18058,177,2,103.5,2,3,1,6,2-3-1,Fading Customers
18060,44,2,935.96,3,3,4,10,3-3-4,Loyal Mid-Tier
18061,2,11,631.32,5,5,4,14,5-5-4,High-Value Regulars
18062,22,3,389.45,4,4,3,11,4-4-3,Loyal Mid-Tier
18063,26,1,25.2,4,2,1,7,4-2-1,Promising Newcomers
18064,82,7,680.59,2,5,4,11,2-5-4,Dormant Spenders
18065,24,13,2381.32,4,5,5,14,4-5-5,High-Value Regulars
18066,22,2,648.9,4,3,4,11,4-3-4,Loyal Mid-Tier
18069,19,5,2107.04,4,4,5,13,4-4-5,High-Value Regulars
18070,305,1,143.6,1,2,1,4,1-2-1,Disengaged Low-Value
18071,1,5,950.13,5,4,4,13,5-4-4,High-Value Regulars
18074,9,2,535.09,5,3,3,11,5-3-3,Loyal Mid-Tier
18075,10,10,2576.4,5,5,5,15,5-5-5,High-Value Regulars
18076,16,1,23.45,4,2,1,7,4-2-1,Promising Newcomers
18077,2,8,1594.91,5,5,5,15,5-5-5,High-Value Regulars
18078,61,2,198.7,3,3,2,8,3-3-2,Fading Customers
18079,127,1,33.83,2,2,1,5,2-2-1,Fading Customers
18083,33,1,193.19,4,2,2,8,4-2-2,Promising Newcomers
18084,19,1,50.25,4,2,1,7,4-2-1,Promising Newcomers
18085,9,3,755.25,5,4,4,13,5-4-4,High-Value Regulars
18087,15,11,771.5,5,5,4,14,5-5-4,High-Value Regulars
18089,82,1,163.0,2,2,2,6,2-2-2,Fading Customers
18090,57,1,220.65,3,2,2,7,3-2-2,Fading Customers
18091,229,1,230.0,1,2,2,5,1-2-2,Disengaged Low-Value
18094,82,5,312.2,2,4,3,9,2-4-3,Occasional Browsers
18095,63,2,147.6,3,3,1,7,3-3-1,Fading Customers
18096,78,3,646.85,2,4,4,10,2-4-4,Dormant Spenders
18097,109,3,429.98,2,4,3,9,2-4-3,Occasional Browsers
18098,32,1,414.69,4,2,3,9,4-2-3,Promising Newcomers
18100,186,1,332.89,1,2,3,6,1-2-3,Occasional Browsers
18101,10,3,326.21,5,4,3,12,5-4-3,Loyal Mid-Tier
18102,227,4,105.2,1,4,1,6,1-4-1,Occasional Browsers
18103,185,1,27.75,1,2,1,4,1-2-1,Disengaged Low-Value
18106,112,5,795.21,2,4,4,10,2-4-4,Dormant Spenders
18107,78,1,116.04,2,2,1,5,2-2-1,Fading Customers
18108,232,2,460.51,1,3,3,7,1-3-3,Occasional Browsers
18109,5,13,1074.74,5,5,4,14,5-5-4,High-Value Regulars
18110,47,1,177.58,3,2,2,7,3-2-2,Fading Customers
18111,225,1,315.8,1,2,3,6,1-2-3,Occasional Browsers
18112,54,2,284.87,3,3,2,8,3-3-2,Fading Customers
18115,333,1,9.7,1,2,1,4,1-2-1,Disengaged Low-Value
18116,12,5,578.11,5,4,3,12,5-4-3,Loyal Mid-Tier
18118,5,4,871.0,5,4,4,13,5-4-4,High-Value Regulars
18119,3,1,83.99,5,2,1,8,5-2-1,Promising Newcomers
18123,149,1,66.35,2,2,1,5,2-2-1,Fading Customers
18124,108,1,102.65,2,2,1,5,2-2-1,Fading Customers
18127,39,1,141.75,3,2,1,6,3-2-1,Fading Customers
18128,173,1,367.88,2,2,3,7,2-2-3,Fading Customers
18132,140,1,211.63,2,2,2,6,2-2-2,Fading Customers
18134,234,2,341.85,1,3,3,7,1-3-3,Occasional Browsers
18135,60,4,152.27,3,4,1,8,3-4-1,Occasional Browsers
18136,45,2,623.73,3,3,4,10,3-3-4,Loyal Mid-Tier
18137,187,2,104.84,1,3,1,5,1-3-1,Occasional Browsers
18140,109,1,434.35,2,2,3,7,2-2-3,Fading Customers
18141,37,2,622.36,3,3,4,10,3-3-4,Loyal Mid-Tier
18144,9,6,287.76,5,5,2,12,5-5-2,Occasional Browsers
18145,18,7,2096.62,4,5,5,14,4-5-5,High-Value Regulars
18148,282,1,112.85,1,2,1,4,1-2-1,Disengaged Low-Value
18149,40,4,793.38,3,4,4,11,3-4-4,Loyal Mid-Tier
18151,56,3,1076.54,3,4,4,11,3-4-4,Loyal Mid-Tier
18152,282,1,68.89,1,2,1,4,1-2-1,Disengaged Low-Value
18153,295,1,246.22,1,2,2,5,1-2-2,Disengaged Low-Value
18154,24,3,335.05,4,4,3,11,4-4-3,Loyal Mid-Tier
18156,5,1,186.88,5,2,2,9,5-2-2,Promising Newcomers
18157,207,1,125.79,1,2,1,4,1-2-1,Disengaged Low-Value
18160,22,1,324.07,4,2,3,9,4-2-3,Promising Newcomers
18161,15,1,171.66,5,2,2,9,5-2-2,Promising Newcomers
18162,368,1,348.83,1,2,3,6,1-2-3,Occasional Browsers
18163,220,1,483.85,1,2,3,6,1-2-3,Occasional Browsers
18166,259,1,175.5,1,2,2,5,1-2-2,Disengaged Low-Value
18168,8,11,1898.82,5,5,5,15,5-5-5,High-Value Regulars
18170,10,6,1061.94,5,5,4,14,5-5-4,High-Value Regulars
18171,106,4,506.1,2,4,3,9,2-4-3,Occasional Browsers
18172,23,30,4308.69,4,5,5,14,4-5-5,High-Value Regulars
18173,248,1,103.4,1,2,1,4,1-2-1,Disengaged Low-Value
18175,311,1,91.2,1,2,1,4,1-2-1,Disengaged Low-Value
18177,196,2,226.25,1,3,2,6,1-3-2,Occasional Browsers
18178,38,7,3815.0,3,5,5,13,3-5-5,Loyal Mid-Tier
18179,299,1,287.38,1,2,2,5,1-2-2,Disengaged Low-Value
18181,36,4,697.79,4,4,4,12,4-4-4,High-Value Regulars
18182,99,1,131.95,2,2,1,5,2-2-1,Fading Customers
18186,358,1,102.9,1,2,1,4,1-2-1,Disengaged Low-Value
18187,267,1,630.44,1,2,4,7,1-2-4,Dormant Spenders
18188,66,3,1056.95,3,4,4,11,3-4-4,Loyal Mid-Tier
18189,261,1,299.57,1,2,2,5,1-2-2,Disengaged Low-Value
18190,239,3,395.16,1,4,3,8,1-4-3,Occasional Browsers
18191,113,1,60.0,2,2,1,5,2-2-1,Fading Customers
18193,16,2,726.75,4,3,4,11,4-3-4,Loyal Mid-Tier
18194,316,1,27.0,1,2,1,4,1-2-1,Disengaged Low-Value
18195,23,1,101.16,4,2,1,7,4-2-1,Promising Newcomers
18196,107,2,675.96,2,3,4,9,2-3-4,Fading Customers
18197,211,1,163.5,1,2,2,5,1-2-2,Disengaged Low-Value
18199,319,1,249.25,1,2,2,5,1-2-2,Disengaged Low-Value
18201,358,1,332.88,1,2,3,6,1-2-3,Occasional Browsers
18203,17,3,144.1,4,4,1,9,4-4-1,Occasional Browsers
18206,189,1,314.66,1,2,3,6,1-2-3,Occasional Browsers
18207,135,1,431.32,2,2,3,7,2-2-3,Fading Customers
18208,201,1,137.28,1,2,1,4,1-2-1,Disengaged Low-Value
18210,18,1,131.55,4,2,1,7,4-2-1,Promising Newcomers
18212,313,1,181.8,1,2,2,5,1-2-2,Disengaged Low-Value
18214,171,3,283.78,2,4,2,8,2-4-2,Occasional Browsers
18215,73,4,1323.31,2,4,5,11,2-4-5,Dormant Spenders
18217,149,2,131.05,2,3,1,6,2-3-1,Fading Customers
18218,232,2,236.46,1,3,2,6,1-3-2,Occasional Browsers
18219,4,8,1115.47,5,5,4,14,5-5-4,High-Value Regulars
18220,218,2,93.35,1,3,1,5,1-3-1,Occasional Browsers
18221,26,1,324.08,4,2,3,9,4-2-3,Promising Newcomers
18223,23,12,4611.15,4,5,5,14,4-5-5,High-Value Regulars
18225,1,14,2943.99,5,5,5,15,5-5-5,High-Value Regulars
18226,14,15,3721.63,5,5,5,15,5-5-5,High-Value Regulars
18229,2,4,259.65,5,4,2,11,5-4-2,Occasional Browsers
18230,14,2,951.96,5,3,4,12,5-3-4,Loyal Mid-Tier
18231,42,22,2825.16,3,5,5,13,3-5-5,Loyal Mid-Tier
18234,187,1,137.1,1,2,1,4,1-2-1,Disengaged Low-Value
18236,24,6,697.81,4,5,4,13,4-5-4,High-Value Regulars
18238,151,1,180.02,2,2,2,6,2-2-2,Fading Customers
18239,8,2,538.9,5,3,3,11,5-3-3,Loyal Mid-Tier
18241,51,4,814.3,3,4,4,11,3-4-4,Loyal Mid-Tier
18242,81,4,1057.32,2,4,4,10,2-4-4,Dormant Spenders
18243,50,1,452.18,3,2,3,8,3-2-3,Fading Customers
18244,66,1,226.24,3,2,2,7,3-2-2,Fading Customers
18245,15,13,3383.86,5,5,5,15,5-5-5,High-Value Regulars
18247,50,3,557.53,3,4,3,10,3-4-3,Loyal Mid-Tier
18252,184,5,562.85,1,4,3,8,1-4-3,Occasional Browsers
18253,278,1,9.9,1,2,1,4,1-2-1,Disengaged Low-Value
18254,217,1,267.9,1,2,2,5,1-2-2,Disengaged Low-Value
18255,92,1,199.85,2,2,2,6,2-2-2,Fading Customers
18256,23,1,96.84,4,2,1,7,4-2-1,Promising Newcomers
18257,82,4,1642.84,2,4,5,11,2-4-5,Dormant Spenders
18258,100,4,357.95,2,4,3,9,2-4-3,Occasional Browsers
18259,2,4,555.8,5,4,3,12,5-4-3,Loyal Mid-Tier
18260,10,15,3965.03,5,5,5,15,5-5-5,High-Value Regulars
18262,29,2,400.22,4,3,3,10,4-3-3,Loyal Mid-Tier
18264,134,1,457.2,2,2,3,7,2-2-3,Fading Customers
18266,70,1,251.1,3,2,2,7,3-2-2,Fading Customers
18267,308,1,269.37,1,2,2,5,1-2-2,Disengaged Low-Value
18268,227,5,758.79,1,4,4,9,1-4-4,Dormant Spenders
18269,2,1,129.0,5,2,1,8,5-2-1,Promising Newcomers
18270,68,1,161.4,3,2,1,6,3-2-1,Fading Customers
18271,245,2,296.8,1,3,2,6,1-3-2,Occasional Browsers
18272,184,3,966.1,1,4,4,9,1-4-4,Dormant Spenders
18275,214,2,108.25,1,3,1,5,1-3-1,Occasional Browsers
18276,28,5,1054.13,4,5,4,13,4-5-4,High-Value Regulars
18277,33,4,864.17,4,4,4,12,4-4-4,High-Value Regulars
18278,40,1,210.45,3,2,2,7,3-2-2,Fading Customers
18279,155,1,64.6,2,2,1,5,2-2-1,Fading Customers
18280,30,1,264.15,4,2,2,8,4-2-2,Promising Newcomers
18281,213,1,120.32,1,2,1,4,1-2-1,Disengaged Low-Value
18283,18,6,508.62,4,5,3,12,4-5-3,Loyal Mid-Tier
18284,67,1,286.88,3,2,2,7,3-2-2,Fading Customers
18285,296,1,93.2,1,2,1,4,1-2-1,Disengaged Low-Value
18286,112,2,943.57,2,3,4,9,2-3-4,Fading Customers
18287,18,4,1167.04,4,4,4,12,4-4-4,High-Value Regulars
